episode,reward,ep_block_prob,ep_accepted_requests,avg_latency,executionTime
1,-86.0,0.54,46.0,238.38,0.45
1,-80.0,0.63,37.0,224.59,0.45
2,28.0,0.34,66.0,52.85,0.33


2,-74.0,0.46,54.0,274.84,0.33
3,-4.0,0.3,70.0,151.67,0.33

33,24.0,0.32,68.0,68.16,0.33

4,-50.0,0.46,54.0,200.27,0.33
4,34.0,0.29,71.0,68.06,0.33

5,40.0,0.29,71.0,60.39,0.33
5,28.0,0.28,72.0,96.91,0.33
6,48.0,0.24,76.0,58.58,0.29
6,48.0,0.23,77.0,59.82,0.29
6,44.0,0.18,82.0,84.7,0.29

7,-2.0,0.34,66.0,130.79,0.31
7,14.0,0.33,67.0,72.4,0.31

7,44.0,0.21,79.0,87.65,0.31
8,38.0,0.23,77.0,79.42,0.3
8,34.0,0.3,70.0,32.1,0.3



8,20.0,0.3,70.0,97.1,0.3
9,58.0,0.15,85.0,57.85,0.3
9,24.0,0.32,68.0,80.77,0.3
10,40.0,0.26,74.0,46.81,0.3
10,46.0,0.17,83.0,74.85,0.3

10,14.0,0.37,63.0,111.01,0.3
11,44.0,0.22,78.0,85.83,0.29
11,6.0,0.4,60.0,76.89,0.29

11,24.0,0.22,78.0,92.57,0.29
11,32.0,0.21,79.0,95.1,0.29
12,48.0,0.23,77.0,40.79,0.29
12,42.0,0.24,76.0,45.24,0.29
12,54.0,0.2,80.0,44.01,0.29

13,62.0,0.17,83.0,35.26,0.33
13,64.0,0.1,90.0,63.91,0.33

13,16.0,0.29,71.0,125.52,0.33
14,50.0,0.12,88.0,67.23,0.28
4,64.0,0.16,84.0,45.62,0.28
14,2.0,0.39,61.0,105.19,0.28
15,52.0,0.17,83.0,56.68,0.29
15,50.0,0.19,81.0,77.5,0.29

16,70.0,0.15,85.0,24.37,0.32
16,30.0,0.28,72.0,65.24,0.32
17,68.0,0.11,89.0,47.36,0.28
17,62.0,0.15,85.0,51.18,0.28
17,66.0,0.14,86.0,31.15,0.28
18,34.0,0.28,72.0,59.19,0.31
18,44.0,0.26,74.0,64.7,0.31
19,64.0,0.1,90.0,44.77,0.29

19,70.0,0.14,86.0,37.29,0.29
19,54.0,0.15,85.0,59.28,0.29
20,68.0,0.05,95.0,88.59,0.31
20,70.0,0.13,87.0,43.95,0.31
20,56.0,0.16,84.0,49.96,0.31
20,36.0,0.3,70.0,41.24,0.31
21,62.0,0.12,88.0,81.86,0.28
21,66.0,0.16,84.0,34.26,0.28
21,72.0,0.02,98.0,58.44,0.28
22,70.0,0.12,88.0,34.26,0.3
22,34.0,0.3,70.0,43.85,0.3

23,30.0,0.29,71.0,70.42,0.31
23,72.0,0.09,91.0,56.16,0.31
24,64.0,0.14,86.0,34.13,0.28
24,76.0,0.1,90.0,40.17,0.28

24,64.0,0.14,86.0,48.2,0.28
25,80.0,0.07,93.0,28.35,0.32
25,44.0,0.25,75.0,35.28,0.32
25,60.0,0.12,88.0,54.36,0.32
26,60.0,0.15,85.0,43.39,0.27
26,74.0,0.1,90.0,45.25,0.27

27,34.0,0.3,70.0,59.81,0.28

27,44.0,0.19,81.0,60.13,0.28
28,48.0,0.24,76.0,51.36,0.28
28,68.0,0.14,86.0,74.01,0.28

29,60.0,0.13,87.0,50.86,0.29
29,80.0,0.07,93.0,43.71,0.29
30,84.0,0.04,96.0,43.67,0.31
30,66.0,0.09,91.0,51.62,0.31
31,54.0,0.21,79.0,25.78,0.29
31,62.0,0.15,85.0,37.62,0.3

31,68.0,0.13,87.0,39.19,0.29
32,38.0,0.25,75.0,67.44,0.29
32,26.0,0.29,71.0,97.02,0.29

33,48.0,0.17,83.0,72.48,0.29

33,44.0,0.2,80.0,67.79,0.29
33,66.0,0.13,87.0,39.27,0.29
34,76.0,0.08,92.0,36.14,0.28
34,46.0,0.17,83.0,103.24,0.28
34,58.0,0.18,82.0,53.35,0.28
35,78.0,0.09,91.0,26.41,0.28
35,80.0,0.08,92.0,46.11,0.28
35,74.0,0.05,95.0,68.13,0.28
35,66.0,0.1,90.0,63.38,0.28
36,78.0,0.05,95.0,57.72,0.28
36,74.0,0.09,91.0,45.75,0.28
36,58.0,0.17,83.0,52.02,0.28
37,76.0,0.12,88.0,30.22,0.29
37,68.0,0.16,84.0,28.67,0.29
38,56.0,0.17,83.0,36.34,0.32
38,76.0,0.08,92.0,38.32,0.32

39,60.0,0.17,83.0,49.96,0.3
339,68.0,0.04,96.0,72.57,0.3
40,48.0,0.19,81.0,57.81,0.32
40,46.0,0.19,81.0,52.78,0.32
40,62.0,0.13,87.0,77.4,0.32
41,80.0,0.09,91.0,36.42,0.28
41,52.0,0.19,81.0,42.3,0.29

42,64.0,0.13,87.0,85.52,0.3
42,44.0,0.14,86.0,103.37,0.3
42,68.0,0.14,86.0,70.62,0.3
43,30.0,0.31,69.0,81.6,0.28

43,58.0,0.08,92.0,77.68,0.28
43,68.0,0.12,88.0,31.72,0.28
44,64.0,0.13,87.0,54.88,0.33
44,76.0,0.08,92.0,51.12,0.33

45,82.0,0.05,95.0,65.96,0.29
45,40.0,0.26,74.0,58.44,0.29
46,70.0,0.12,88.0,60.39,0.3
46,76.0,0.08,92.0,41.52,0.3
46,86.0,0.05,95.0,25.26,0.3
46,68.0,0.12,88.0,40.12,0.3
46,74.0,0.06,94.0,59.45,0.3
47,76.0,0.1,90.0,40.53,0.28

47,56.0,0.18,82.0,74.33,0.28
48,84.0,0.07,93.0,37.37,0.29
48,70.0,0.11,89.0,61.71,0.29
49,78.0,0.01,99.0,49.81,0.3
49,74.0,0.07,93.0,54.17,0.3
49,76.0,0.04,96.0,59.88,0.3
50,86.0,0.05,95.0,30.95,0.27
50,60.0,0.13,87.0,51.77,0.27
51,86.0,0.04,96.0,44.47,0.32
51,30.0,0.31,69.0,53.24,0.32
51,32.0,0.3,70.0,47.55,0.32
51,72.0,0.13,87.0,28.04,0.32
52,96.0,0.0,100.0,23.64,0.28
52,76.0,0.1,90.0,18.28,0.28

52,72.0,0.1,90.0,62.91,0.28

53,62.0,0.14,86.0,57.59,0.28
53,68.0,0.14,86.0,34.94,0.28
54,62.0,0.19,81.0,54.39,0.3
54,72.0,0.13,87.0,49.33,0.3
54,80.0,0.06,94.0,35.58,0.3
55,82.0,0.07,93.0,36.96,0.29
55,68.0,0.14,86.0,42.69,0.28
55,32.0,0.28,72.0,59.63,0.28
55,94.0,0.01,99.0,44.84,0.28
56,72.0,0.1,90.0,44.32,0.33

56,68.0,0.13,87.0,61.37,0.33
57,50.0,0.2,80.0,72.81,0.28

57,36.0,0.22,78.0,72.27,0.28
57,48.0,0.11,89.0,83.88,0.28
58,76.0,0.11,89.0,32.25,0.29
58,86.0,0.06,94.0,23.57,0.29
59,74.0,0.11,89.0,25.05,0.3
59,70.0,0.11,89.0,30.54,0.3
59,42.0,0.26,74.0,49.77,0.3
59,82.0,0.07,93.0,42.44,0.3
60,66.0,0.13,87.0,58.65,0.29
660,56.0,0.16,84.0,54.7,0.29
,38.0,0.2,80.0,87.42,0.29
61,56.0,0.15,85.0,82.23,0.29
61,68.0,0.05,95.0,69.62,0.29
62,84.0,0.07,93.0,51.57,0.34
62,76.0,0.09,91.0,37.58,0.34
662,96.0,0.02,98.0,29.65,0.34
63,60.0,0.13,87.0,46.7,0.32

63,74.0,0.04,96.0,66.34,0.32

63,84.0,0.05,95.0,54.06,0.32
64,88.0,0.03,97.0,27.46,0.32
64,88.0,0.06,94.0,18.72,0.32
64,74.0,0.08,92.0,41.28,0.32
65,34.0,0.24,76.0,87.25,0.35
65,82.0,0.05,95.0,43.02,0.35
66,76.0,0.08,92.0,49.8,0.42

66,60.0,0.18,82.0,54.74,0.42
66,82.0,0.03,97.0,62.23,0.42
67,86.0,0.06,94.0,37.86,0.31
67,72.0,0.13,87.0,34.26,0.31
67,76.0,0.1,90.0,42.94,0.31
68,48.0,0.24,76.0,42.23,0.35
69,84.0,0.08,92.0,19.23,0.29
69,86.0,0.02,98.0,47.62,0.29
70,48.0,0.2,80.0,60.11,0.28

70,74.0,0.12,88.0,31.44,0.28
70,76.0,0.12,88.0,26.57,0.28
70,50.0,0.18,82.0,70.62,0.28
71,86.0,0.02,98.0,68.95,0.3
71,78.0,0.06,94.0,36.3,0.3
71,74.0,0.11,89.0,41.03,0.3
72,66.0,0.16,84.0,45.49,0.31
72,60.0,0.13,87.0,49.9,0.31

72,78.0,0.06,94.0,66.66,0.31
73,32.0,0.26,74.0,60.87,0.28
73,90.0,0.02,98.0,49.79,0.28
74,72.0,0.11,89.0,27.94,0.29
74,86.0,0.07,93.0,16.15,0.29
74,30.0,0.26,74.0,85.31,0.29
75,70.0,0.06,94.0,59.64,0.29
775,94.0,0.0,100.0,36.12,0.29
76,88.0,0.04,96.0,22.6,0.28

76,42.0,0.29,71.0,57.21,0.28
76,90.0,0.04,96.0,33.13,0.28
77,72.0,0.08,92.0,50.53,0.29
77,64.0,0.06,94.0,66.83,0.29
77,84.0,0.06,94.0,21.97,0.29
78,94.0,0.01,99.0,46.3,0.28

78,56.0,0.17,83.0,62.5,0.28

79,84.0,0.06,94.0,33.67,0.3
79,88.0,0.05,95.0,35.15,0.3
79,60.0,0.19,81.0,34.69,0.3
80,92.0,0.02,98.0,47.77,0.29
81,84.0,0.05,95.0,37.1,0.31

81,76.0,0.06,94.0,70.33,0.31
81,60.0,0.13,87.0,67.52,0.31
81,94.0,0.01,99.0,52.41,0.31
82,66.0,0.09,91.0,50.1,0.3

2,58.0,0.2,80.0,50.38,0.3
83,82.0,0.02,98.0,37.84,0.3
83,42.0,0.24,76.0,74.49,0.3
84,70.0,0.14,86.0,40.74,0.33
84,40.0,0.23,77.0,74.46,0.33
84,60.0,0.16,84.0,49.29,0.33
85,82.0,0.03,97.0,57.4,0.31

85,80.0,0.02,98.0,57.57,0.31
85,78.0,0.08,92.0,40.68,0.31
5,72.0,0.11,89.0,70.21,0.31
86,98.0,0.01,99.0,34.22,0.3
87,82.0,0.03,97.0,38.31,0.33
87,90.0,0.04,96.0,37.74,0.33
88,88.0,0.06,94.0,35.4,0.32

88,86.0,0.05,95.0,33.35,0.32
88,72.0,0.14,86.0,24.88,0.32
89,42.0,0.24,76.0,58.57,0.31
89,66.0,0.15,85.0,26.94,0.31
89,70.0,0.11,89.0,49.26,0.31
90,70.0,0.11,89.0,38.42,0.3
90,82.0,0.05,95.0,62.54,0.3
90,64.0,0.11,89.0,41.19,0.3
91,80.0,0.07,93.0,47.2,0.3

91,86.0,0.05,95.0,19.32,0.3
92,88.0,0.04,96.0,38.84,0.33
92,70.0,0.12,88.0,29.68,0.33
92,66.0,0.15,85.0,36.31,0.33
92,58.0,0.17,83.0,58.62,0.33
93,86.0,0.06,94.0,20.77,0.29
93,62.0,0.15,85.0,45.11,0.29
94,86.0,0.05,95.0,61.31,0.28
94,88.0,0.05,95.0,28.3,0.28

94,14.0,0.31,69.0,101.75,0.28
95,78.0,0.06,94.0,42.03,0.28
95,90.0,0.04,96.0,45.38,0.28
96,78.0,0.04,96.0,45.23,0.29
96,94.0,0.02,98.0,22.52,0.29
96,76.0,0.07,93.0,37.22,0.29
97,66.0,0.09,91.0,41.38,0.28
97,90.0,0.05,95.0,14.25,0.28
97,8.0,0.33,67.0,85.13,0.28
98,90.0,0.03,97.0,29.93,0.32
98,88.0,0.06,94.0,22.43,0.32
98,86.0,0.06,94.0,24.64,0.32
99,86.0,0.04,96.0,36.93,0.3
99,90.0,0.03,97.0,23.57,0.3
100,66.0,0.12,88.0,47.21,0.28
100,66.0,0.12,88.0,41.61,0.28

100,80.0,0.09,91.0,25.11,0.28
101,84.0,0.07,93.0,33.58,0.28
101,66.0,0.07,93.0,49.14,0.28
102,46.0,0.25,75.0,30.69,0.29
102,30.0,0.32,68.0,31.81,0.29
103,64.0,0.04,96.0,72.45,0.28
103,98.0,0.01,99.0,14.39,0.28
103,92.0,0.02,98.0,34.13,0.28
104,92.0,0.04,96.0,17.74,0.29
104,96.0,0.01,99.0,37.44,0.29
104,72.0,0.12,88.0,29.39,0.29
105,56.0,0.2,80.0,30.23,0.28

105,90.0,0.05,95.0,16.09,0.28
105,90.0,0.05,95.0,20.23,0.28
106,88.0,0.01,99.0,27.76,0.28
106,94.0,0.03,97.0,18.71,0.28
106,30.0,0.19,81.0,99.2,0.28
107,82.0,0.06,94.0,32.21,0.28
107,78.0,0.05,95.0,49.21,0.28
107,90.0,0.04,96.0,22.01,0.28
108,64.0,0.16,84.0,19.09,0.27
108,92.0,0.01,99.0,37.53,0.27
108,84.0,0.06,94.0,27.64,0.27
109,72.0,0.1,90.0,41.18,0.27

109,66.0,0.11,89.0,57.02,0.27
109,88.0,0.03,97.0,43.26,0.27
110,86.0,0.07,93.0,15.6,0.29
110,84.0,0.04,96.0,25.25,0.29
110,88.0,0.06,94.0,29.69,0.29
111,60.0,0.17,83.0,45.32,0.32
111,54.0,0.17,83.0,61.58,0.32
112,56.0,0.17,83.0,44.94,0.29
112,88.0,0.03,97.0,42.71,0.29
112,76.0,0.05,95.0,50.01,0.29
112,66.0,0.14,86.0,36.11,0.29
113,96.0,0.01,99.0,30.97,0.28
113,84.0,0.04,96.0,30.73,0.28
113,84.0,0.06,94.0,25.31,0.28
113,56.0,0.2,80.0,46.5,0.28

114,84.0,0.06,94.0,33.56,0.3
114,82.0,0.03,97.0,35.37,0.3
115,84.0,0.08,92.0,41.45,0.29
115,82.0,0.06,94.0,50.71,0.29
115,66.0,0.15,85.0,22.79,0.29
115,98.0,0.01,99.0,27.43,0.29
115,60.0,0.14,86.0,55.65,0.29
116,62.0,0.18,82.0,22.07,0.27
116,88.0,0.03,97.0,24.07,0.27
116,84.0,0.05,95.0,34.61,0.27
116,98.0,0.01,99.0,25.39,0.27
117,68.0,0.1,90.0,66.68,0.27

117,90.0,0.04,96.0,30.63,0.27
118,84.0,0.07,93.0,30.39,0.28
118,82.0,0.08,92.0,23.42,0.28
118,86.0,0.04,96.0,38.23,0.28
118,92.0,0.03,97.0,30.63,0.28
119,92.0,0.03,97.0,28.13,0.27
119,86.0,0.06,94.0,21.82,0.27
119,90.0,0.02,98.0,37.27,0.27
119,90.0,0.05,95.0,17.84,0.27
120,98.0,0.0,100.0,22.37,0.28
120,52.0,0.17,83.0,36.36,0.28
121,56.0,0.18,82.0,52.03,0.28
121,84.0,0.07,93.0,29.92,0.28
121,86.0,0.06,94.0,30.98,0.28
122,88.0,0.04,96.0,53.67,0.27
122,44.0,0.27,73.0,52.08,0.27
122,92.0,0.04,96.0,23.7,0.27
123,96.0,0.0,100.0,21.18,0.27
123,76.0,0.06,94.0,46.09,0.27
123,86.0,0.05,95.0,37.22,0.27
123,96.0,0.01,99.0,51.2,0.27
123,52.0,0.2,80.0,50.48,0.27
123,58.0,0.17,83.0,64.04,0.27
123,94.0,0.01,99.0,24.3,0.27
124,88.0,0.06,94.0,18.41,0.28
124,94.0,0.02,98.0,20.8,0.28

124,96.0,0.01,99.0,23.96,0.28
125,68.0,0.12,88.0,52.16,0.26
125,52.0,0.14,86.0,75.41,0.26
125,86.0,0.02,98.0,48.84,0.26
126,84.0,0.05,95.0,29.45,0.28
126,90.0,0.04,96.0,26.93,0.28
127,84.0,0.04,96.0,38.74,0.27
127,62.0,0.15,85.0,50.0,0.27

127,92.0,0.04,96.0,32.22,0.27
128,78.0,0.11,89.0,28.03,0.28
128,92.0,0.03,97.0,28.93,0.28
129,90.0,0.04,96.0,29.13,0.27
129,68.0,0.14,86.0,25.53,0.27
129,86.0,0.02,98.0,41.02,0.27
130,96.0,0.0,100.0,26.89,0.3
130,60.0,0.13,87.0,49.54,0.3
130,86.0,0.07,93.0,12.0,0.3

131,88.0,0.04,96.0,27.88,0.28
1131,92.0,0.04,96.0,21.06,0.28
132,84.0,0.08,92.0,25.18,0.27
132,88.0,0.04,96.0,28.21,0.27
132,82.0,0.03,97.0,38.21,0.27
133,94.0,0.02,98.0,17.88,0.27
133,88.0,0.06,94.0,5.12,0.27


134,90.0,0.01,99.0,27.25,0.28
134,86.0,0.03,97.0,34.53,0.28
134,92.0,0.0,100.0,30.5,0.28
135,84.0,0.01,99.0,37.79,0.27
136,80.0,0.08,92.0,36.78,0.29
136,86.0,0.04,96.0,32.83,0.29
137,92.0,0.0,100.0,31.93,0.27
137,84.0,0.01,99.0,46.74,0.27
138,96.0,0.0,100.0,23.93,0.27
138,60.0,0.18,82.0,24.87,0.27
138,94.0,0.01,99.0,30.3,0.27
139,72.0,0.07,93.0,43.07,0.27
139,84.0,0.06,94.0,35.36,0.27
140,70.0,0.02,98.0,68.81,0.27
140,98.0,0.01,99.0,7.57,0.27

141,78.0,0.11,89.0,23.85,0.28
141,70.0,0.14,86.0,39.79,0.28
141,84.0,0.04,96.0,26.4,0.28
142,80.0,0.06,94.0,27.09,0.27
142,92.0,0.03,97.0,19.86,0.27
143,68.0,0.1,90.0,47.02,0.26

143,82.0,0.08,92.0,27.55,0.26
144,92.0,0.02,98.0,32.74,0.27
144,92.0,0.02,98.0,19.68,0.27
144,82.0,0.02,98.0,38.3,0.27
144,76.0,0.1,90.0,45.81,0.27
145,88.0,0.04,96.0,24.68,0.27
145,90.0,0.05,95.0,14.49,0.27
146,66.0,0.1,90.0,59.34,0.28

147,78.0,0.02,98.0,43.93,0.29
147,40.0,0.27,73.0,58.46,0.29
147,92.0,0.04,96.0,33.02,0.29
148,-80.0,0.56,44.0,248.5,0.29
148,36.0,0.3,70.0,41.37,0.29

148,82.0,0.07,93.0,36.47,0.29
149,70.0,0.13,87.0,22.38,0.29
149,90.0,0.04,96.0,7.9,0.29

149,78.0,0.03,97.0,36.87,0.29
150,76.0,0.11,89.0,23.01,0.27
150,64.0,0.18,82.0,18.74,0.27
151,98.0,0.01,99.0,5.8,0.28

151,64.0,0.13,87.0,32.83,0.28

151,4.0,0.31,69.0,97.14,0.28
152,92.0,0.04,96.0,11.84,0.3
152,-78.0,0.49,51.0,270.79,0.3
153,94.0,0.03,97.0,13.56,0.29
153,92.0,0.02,98.0,18.98,0.29
154,86.0,0.06,94.0,14.7,0.27

154,94.0,0.02,98.0,12.99,0.27
155,86.0,0.02,98.0,37.16,0.28
155,52.0,0.21,79.0,52.22,0.28
155,88.0,0.04,96.0,35.46,0.28
155,90.0,0.04,96.0,23.47,0.28
155,86.0,0.03,97.0,28.74,0.28
156,82.0,0.05,95.0,47.34,0.27
156,84.0,0.02,98.0,30.57,0.27
157,46.0,0.17,83.0,71.07,0.26
157,94.0,0.02,98.0,23.01,0.26

158,68.0,0.14,86.0,21.57,0.27
158,40.0,0.17,83.0,80.82,0.27
158,60.0,0.18,82.0,32.37,0.27
159,90.0,0.01,99.0,32.9,0.26

159,90.0,0.05,95.0,8.48,0.26

159,86.0,0.03,97.0,30.03,0.26
160,98.0,0.01,99.0,9.8,0.3

3
160,78.0,0.08,92.0,24.77,0.3
161,86.0,0.05,95.0,17.01,0.28

161,84.0,0.0,100.0,49.34,0.28
161,28.0,0.29,71.0,57.69,0.28
162,90.0,0.03,97.0,31.7,0.26

162,72.0,0.14,86.0,16.31,0.26
162,62.0,0.18,82.0,15.93,0.26
163,90.0,0.02,98.0,16.35,0.26
163,80.0,0.1,90.0,23.14,0.26
163,62.0,0.16,84.0,27.65,0.26
164,84.0,0.06,94.0,14.4,0.26

164,68.0,0.15,85.0,8.44,0.26

165,62.0,0.16,84.0,33.43,0.31

165,80.0,0.05,95.0,41.68,0.31
166,92.0,0.04,96.0,8.42,0.28

166,94.0,0.02,98.0,37.96,0.28
167,82.0,0.06,94.0,29.98,0.27
167,82.0,0.07,93.0,31.91,0.27
168,88.0,0.06,94.0,18.6,0.29

168,56.0,0.21,79.0,21.47,0.29
169,66.0,0.1,90.0,38.94,0.29
9
169,86.0,0.03,97.0,14.13,0.29
169,62.0,0.17,83.0,34.88,0.29
169,94.0,0.02,98.0,18.69,0.29
169,98.0,0.0,100.0,22.05,0.29
169,8.0,0.28,72.0,84.68,0.29
170,86.0,0.06,94.0,21.25,0.28
170,92.0,0.04,96.0,5.55,0.27

171,86.0,0.04,96.0,22.19,0.29
171,56.0,0.19,81.0,33.86,0.29
171,58.0,0.17,83.0,36.04,0.29
171,60.0,0.15,85.0,61.05,0.29
172,96.0,0.02,98.0,12.67,0.28
1172,92.0,0.04,96.0,6.89,0.28

173,60.0,0.19,81.0,50.06,0.28
173,68.0,0.14,86.0,24.79,0.28
173,44.0,0.17,83.0,52.28,0.28
174,58.0,0.12,88.0,61.02,0.3
174,52.0,0.23,77.0,41.45,0.3
174,84.0,0.03,97.0,32.95,0.3
175,98.0,0.01,99.0,23.74,0.28
1175,96.0,0.01,99.0,17.04,0.28
176,94.0,0.0,100.0,25.96,0.27
176,32.0,0.27,73.0,53.22,0.27
176,98.0,0.01,99.0,11.36,0.27
177,98.0,0.0,100.0,4.39,0.27

177,88.0,0.05,95.0,28.18,0.27
177,88.0,0.05,95.0,22.03,0.27
177,46.0,0.1,90.0,66.43,0.27
177,20.0,0.37,63.0,37.98,0.27
178,88.0,0.0,100.0,57.66,0.27
178,96.0,0.01,99.0,19.04,0.27
179,84.0,0.05,95.0,26.65,0.29
179,90.0,0.03,97.0,19.4,0.29

179,92.0,0.0,100.0,30.98,0.29
180,82.0,0.03,97.0,30.93,0.27
180,94.0,0.03,97.0,28.93,0.27
180,90.0,0.01,99.0,25.17,0.27
181,92.0,0.03,97.0,22.27,0.3
181,66.0,0.17,83.0,29.9,0.3
181,50.0,0.24,76.0,29.9,0.3

182,94.0,0.02,98.0,12.18,0.32
182,92.0,0.04,96.0,15.05,0.32
182,86.0,0.06,94.0,16.01,0.32
182,80.0,0.1,90.0,10.39,0.32
183,92.0,0.02,98.0,19.32,0.3
183,96.0,0.01,99.0,15.97,0.3
183,82.0,0.06,94.0,31.31,0.3
184,96.0,0.01,99.0,15.88,0.33
184,88.0,0.0,100.0,29.77,0.33
185,88.0,0.01,99.0,45.82,0.35
185,82.0,0.05,95.0,35.31,0.35
185,62.0,0.18,82.0,17.38,0.35
186,98.0,0.01,99.0,13.52,0.32
186,92.0,0.0,100.0,25.34,0.31
186,84.0,0.06,94.0,24.27,0.31
187,64.0,0.13,87.0,64.06,0.28
187,90.0,0.02,98.0,40.25,0.28
188,96.0,0.02,98.0,16.25,0.28
188,70.0,0.13,87.0,34.66,0.28
188,90.0,0.04,96.0,31.1,0.28
188,32.0,0.32,68.0,43.87,0.28
189,96.0,0.02,98.0,13.63,0.28
189,88.0,0.04,96.0,28.55,0.28
189,96.0,0.02,98.0,1.26,0.28

190,94.0,0.03,97.0,21.75,0.27

190,88.0,0.06,94.0,12.27,0.27
190,90.0,0.04,96.0,9.12,0.27
191,94.0,0.02,98.0,24.16,0.32
191,84.0,0.03,97.0,49.23,0.32
192,80.0,0.05,95.0,44.43,0.27
192,94.0,0.01,99.0,13.07,0.27
192,84.0,0.06,94.0,24.06,0.27
193,44.0,0.22,78.0,43.57,0.27
193,92.0,0.01,99.0,20.46,0.27
194,90.0,0.03,97.0,52.08,0.3
194,86.0,0.06,94.0,11.58,0.3
194,94.0,0.01,99.0,30.0,0.3

195,96.0,0.0,100.0,26.93,0.27
195,98.0,0.01,99.0,23.45,0.27
196,92.0,0.04,96.0,6.94,0.27

196,84.0,0.04,96.0,24.34,0.27
197,98.0,0.0,100.0,22.15,0.27
197,84.0,0.05,95.0,34.01,0.27
197,82.0,0.03,97.0,39.73,0.27
197,100.0,0.0,100.0,14.76,0.27
198,92.0,0.03,97.0,15.49,0.28
198,82.0,0.05,95.0,42.38,0.28
198,100.0,0.0,100.0,10.97,0.28
198,82.0,0.04,96.0,32.96,0.28
198,86.0,0.02,98.0,36.07,0.28
198,88.0,0.01,99.0,30.26,0.28
199,98.0,0.0,100.0,12.54,0.29
200,52.0,0.13,87.0,71.12,0.28
200,82.0,0.03,97.0,36.44,0.28
201,88.0,0.04,96.0,15.48,0.28
201,96.0,0.02,98.0,11.41,0.28

202,94.0,0.01,99.0,35.1,0.29

202,60.0,0.17,83.0,27.72,0.29
202,76.0,0.06,94.0,52.81,0.29
202,62.0,0.19,81.0,39.14,0.29
202,82.0,0.07,93.0,20.69,0.29
202,94.0,0.03,97.0,6.4,0.29
203,84.0,0.03,97.0,19.9,0.28

203,74.0,0.13,87.0,10.44,0.28
204,68.0,0.01,99.0,55.13,0.27
204,94.0,0.01,99.0,29.58,0.27
204,88.0,0.02,98.0,47.48,0.27
205,90.0,0.01,99.0,36.87,0.28
205,88.0,0.04,96.0,31.58,0.28
206,66.0,0.15,85.0,36.68,0.27
06,90.0,0.0,100.0,36.41,0.27
207,96.0,0.01,99.0,22.44,0.31
207,84.0,0.03,97.0,34.69,0.31
2207,82.0,0.03,97.0,34.84,0.31
208,90.0,0.01,99.0,34.19,0.3
208,84.0,0.03,97.0,34.28,0.3
208,88.0,0.03,97.0,22.13,0.3
209,100.0,0.0,100.0,13.62,0.29
210,88.0,0.04,96.0,20.9,0.31

211,96.0,0.02,98.0,18.21,0.27
211,96.0,0.02,98.0,27.64,0.27
211,82.0,0.02,98.0,41.89,0.27
212,96.0,0.02,98.0,24.16,0.28
213,72.0,0.05,95.0,47.15,0.29
213,82.0,0.08,92.0,21.31,0.29

214,66.0,0.17,83.0,29.38,0.28
214,68.0,0.16,84.0,28.91,0.28

214,86.0,0.04,96.0,44.49,0.28
215,88.0,0.03,97.0,23.69,0.27
2215,92.0,0.02,98.0,14.74,0.27
216,68.0,0.16,84.0,24.47,0.29
216,94.0,0.02,98.0,8.78,0.29
217,98.0,0.0,100.0,15.04,0.28
217,96.0,0.02,98.0,12.88,0.28
218,92.0,0.03,97.0,26.22,0.26
218,96.0,0.0,100.0,20.39,0.26
219,48.0,0.26,74.0,10.02,0.27
219,48.0,0.21,79.0,57.54,0.27
219,98.0,0.0,100.0,11.53,0.27
220,92.0,0.02,98.0,33.14,0.28
220,70.0,0.14,86.0,35.82,0.28
221,96.0,0.0,100.0,30.7,0.3

221,86.0,0.02,98.0,34.29,0.3
221,94.0,0.02,98.0,22.17,0.3
222,96.0,0.02,98.0,28.34,0.28
222,96.0,0.0,100.0,35.27,0.28
222,82.0,0.07,93.0,29.65,0.28
222,90.0,0.05,95.0,20.12,0.28
222,36.0,0.25,75.0,50.85,0.29
223,96.0,0.01,99.0,23.21,0.27
223,74.0,0.09,91.0,40.95,0.27
223,84.0,0.08,92.0,19.46,0.27
224,94.0,0.03,97.0,26.4,0.31

224,98.0,0.0,100.0,17.0,0.31

225,60.0,0.16,84.0,41.33,0.27
225,92.0,0.02,98.0,31.42,0.27
225,86.0,0.01,99.0,45.24,0.27
226,90.0,0.04,96.0,21.54,0.27
226,54.0,0.17,83.0,38.38,0.27
227,90.0,0.03,97.0,23.64,0.28
227,94.0,0.01,99.0,30.63,0.28
228,94.0,0.01,99.0,14.98,0.27
228,88.0,0.03,97.0,32.08,0.27
228,90.0,0.01,99.0,30.46,0.27
229,88.0,0.02,98.0,56.12,0.27
229,88.0,0.02,98.0,37.29,0.27
229,94.0,0.02,98.0,52.22,0.27
230,80.0,0.06,94.0,32.67,0.29
230,90.0,0.03,97.0,22.63,0.29
230,90.0,0.04,96.0,25.35,0.29
231,68.0,0.14,86.0,27.47,0.29
231,98.0,0.0,100.0,13.07,0.29
231,96.0,0.02,98.0,13.89,0.29
231,90.0,0.0,100.0,35.44,0.29
232,86.0,0.05,95.0,23.28,0.3
232,96.0,0.02,98.0,8.92,0.3


233,90.0,0.05,95.0,16.95,0.28
233,58.0,0.21,79.0,32.18,0.28
233,92.0,0.01,99.0,27.72,0.28
233,96.0,0.0,100.0,28.93,0.28
234,74.0,0.08,92.0,43.06,0.28
234,90.0,0.0,100.0,35.41,0.28
235,92.0,0.02,98.0,39.46,0.29
235,90.0,0.04,96.0,28.03,0.29
235,98.0,0.01,99.0,7.09,0.29
235,96.0,0.0,100.0,35.22,0.29
236,98.0,0.0,100.0,14.51,0.31
236,100.0,0.0,100.0,9.25,0.31
236,86.0,0.06,94.0,22.61,0.31
236,84.0,0.03,97.0,25.04,0.31
237,96.0,0.02,98.0,18.52,0.28
237,90.0,0.0,100.0,37.52,0.28
237,90.0,0.02,98.0,28.99,0.28
238,70.0,0.14,86.0,24.95,0.28
238,42.0,0.27,73.0,42.63,0.28
238,94.0,0.01,99.0,18.37,0.28
239,88.0,0.06,94.0,23.66,0.28
239,98.0,0.0,100.0,23.25,0.28
239,66.0,0.16,84.0,11.04,0.28
240,78.0,0.08,92.0,36.29,0.27
240,96.0,0.02,98.0,24.11,0.27
240,86.0,0.04,96.0,23.92,0.27
241,94.0,0.0,100.0,22.86,0.28
241,98.0,0.0,100.0,20.75,0.28
242,80.0,0.09,91.0,28.79,0.28
242,98.0,0.0,100.0,17.55,0.28
242,80.0,0.01,99.0,56.85,0.28
242,96.0,0.02,98.0,14.51,0.28
243,66.0,0.08,92.0,69.88,0.29
243,92.0,0.02,98.0,18.53,0.3
243,94.0,0.02,98.0,22.34,0.3
244,90.0,0.0,100.0,37.83,0.28
244,90.0,0.02,98.0,20.11,0.28
245,90.0,0.01,99.0,16.03,0.28
245,96.0,0.02,98.0,18.37,0.28
245,60.0,0.13,87.0,33.57,0.28
246,98.0,0.01,99.0,11.26,0.29
246,92.0,0.03,97.0,20.76,0.29
247,94.0,0.03,97.0,15.83,0.28
247,92.0,0.02,98.0,30.44,0.28
247,94.0,0.01,99.0,14.64,0.28
248,90.0,0.03,97.0,20.65,0.28
248,74.0,0.08,92.0,54.59,0.28
248,92.0,0.02,98.0,30.18,0.28
249,86.0,0.04,96.0,16.85,0.28
249,88.0,0.04,96.0,39.9,0.28

250,58.0,0.14,86.0,39.52,0.27
250,94.0,0.02,98.0,29.9,0.27
250,88.0,0.01,99.0,44.02,0.27
251,94.0,0.03,97.0,13.44,0.27
251,88.0,0.03,97.0,30.31,0.27
252,90.0,0.02,98.0,30.79,0.28
252,64.0,0.16,84.0,36.93,0.28
253,92.0,0.02,98.0,15.45,0.27
253,96.0,0.01,99.0,15.44,0.27
253,98.0,0.0,100.0,27.5,0.27

254,90.0,0.02,98.0,22.53,0.28
254,88.0,0.03,97.0,25.73,0.28
254,72.0,0.1,90.0,60.25,0.28

254,92.0,0.02,98.0,41.18,0.28
255,86.0,0.01,99.0,27.37,0.29
255,92.0,0.02,98.0,22.28,0.29
255,90.0,0.04,96.0,28.23,0.29
256,96.0,0.01,99.0,27.78,0.27
256,94.0,0.0,100.0,30.71,0.28
256,92.0,0.02,98.0,36.02,0.27
257,94.0,0.02,98.0,19.01,0.28
257,94.0,0.02,98.0,29.12,0.28
257,90.0,0.05,95.0,14.78,0.28
258,90.0,0.01,99.0,14.39,0.28
258,82.0,0.07,93.0,28.03,0.28
258,76.0,0.03,97.0,45.78,0.28
259,88.0,0.02,98.0,47.83,0.28
259,84.0,0.02,98.0,33.84,0.28
259,96.0,0.02,98.0,14.09,0.28
260,92.0,0.03,97.0,13.02,0.27
260,90.0,0.04,96.0,19.4,0.27
260,88.0,0.05,95.0,25.76,0.27
261,68.0,0.08,92.0,54.31,0.29
261,88.0,0.02,98.0,31.09,0.29
261,94.0,0.01,99.0,17.72,0.29
261,92.0,0.01,99.0,23.49,0.29
262,68.0,0.16,84.0,19.72,0.28
262,90.0,0.0,100.0,27.93,0.28
262,86.0,0.03,97.0,45.53,0.28
263,98.0,0.01,99.0,13.89,0.27
263,88.0,0.01,99.0,29.89,0.27
263,80.0,0.07,93.0,22.98,0.27
263,98.0,0.01,99.0,19.65,0.27
264,88.0,0.04,96.0,25.01,0.28
264,90.0,0.03,97.0,24.67,0.28
265,80.0,0.06,94.0,32.38,0.29
266,94.0,0.01,99.0,23.71,0.26
266,94.0,0.01,99.0,31.39,0.26
266,96.0,0.01,99.0,21.41,0.26
267,92.0,0.02,98.0,52.95,0.27
267,86.0,0.06,94.0,28.56,0.27
267,96.0,0.0,100.0,15.01,0.27
267,94.0,0.0,100.0,34.11,0.27
267,90.0,0.05,95.0,25.47,0.27
268,88.0,0.0,100.0,41.5,0.28

268,84.0,0.03,97.0,43.73,0.28

269,86.0,0.06,94.0,32.11,0.28
269,98.0,0.0,100.0,16.82,0.28
269,96.0,0.02,98.0,10.48,0.28
269,64.0,0.13,87.0,34.9,0.28

270,100.0,0.0,100.0,33.25,0.27
70,84.0,0.05,95.0,20.9,0.27
270,94.0,0.0,100.0,36.14,0.27
271,98.0,0.0,100.0,22.53,0.27
272,72.0,0.12,88.0,40.91,0.27
272,32.0,0.32,68.0,30.18,0.27
273,96.0,0.01,99.0,12.57,0.29
273,96.0,0.02,98.0,12.91,0.29
273,84.0,0.03,97.0,32.78,0.29
274,90.0,0.04,96.0,13.38,0.27
274,68.0,0.06,94.0,46.56,0.27
274,94.0,0.01,99.0,13.7,0.27
275,88.0,0.02,98.0,29.72,0.26
275,84.0,0.07,93.0,13.41,0.26
275,92.0,0.01,99.0,26.97,0.26
276,92.0,0.01,99.0,19.28,0.31
276,90.0,0.03,97.0,23.46,0.31
277,80.0,0.04,96.0,64.32,0.3
277,92.0,0.02,98.0,12.11,0.3
277,94.0,0.02,98.0,29.43,0.3
278,90.0,0.02,98.0,36.45,0.3
278,94.0,0.01,99.0,26.19,0.3
278,74.0,0.05,95.0,40.52,0.3
279,96.0,0.01,99.0,17.96,0.3
279,86.0,0.04,96.0,39.58,0.3
279,94.0,0.03,97.0,12.13,0.3
280,90.0,0.03,97.0,27.37,0.29
280,96.0,0.01,99.0,28.75,0.29
280,98.0,0.01,99.0,6.96,0.29
281,96.0,0.0,100.0,21.8,0.27

281,98.0,0.0,100.0,20.89,0.27

281,78.0,0.07,93.0,32.08,0.27
282,90.0,0.04,96.0,29.73,0.27
282,84.0,0.03,97.0,22.85,0.27

283,62.0,0.17,83.0,44.42,0.27
283,24.0,0.32,68.0,58.67,0.27
283,96.0,0.0,100.0,25.16,0.27
284,98.0,0.0,100.0,22.13,0.27
284,62.0,0.19,81.0,9.68,0.27
285,96.0,0.02,98.0,9.49,0.27

285,78.0,0.07,93.0,41.41,0.27
285,84.0,0.05,95.0,31.73,0.27
286,96.0,0.0,100.0,22.47,0.27
286,98.0,0.01,99.0,13.32,0.27
287,94.0,0.03,97.0,10.41,0.27
287,72.0,0.12,88.0,35.35,0.27
287,98.0,0.0,100.0,22.56,0.27
287,70.0,0.14,86.0,11.92,0.27
288,92.0,0.03,97.0,13.96,0.25
288,50.0,0.23,77.0,27.53,0.25
289,86.0,0.03,97.0,24.85,0.26
289,56.0,0.2,80.0,20.51,0.26
289,34.0,0.29,71.0,43.58,0.26
290,86.0,0.05,95.0,21.8,0.28

290,90.0,0.04,96.0,24.38,0.28
290,74.0,0.09,91.0,55.21,0.28
291,76.0,0.1,90.0,28.74,0.26

291,90.0,0.02,98.0,21.14,0.26
291,90.0,0.03,97.0,21.5,0.26

292,96.0,0.01,99.0,26.32,0.26
292,44.0,0.26,74.0,47.96,0.27
292,84.0,0.05,95.0,31.64,0.27
293,94.0,0.01,99.0,23.12,0.28
293,98.0,0.01,99.0,18.43,0.28
293,82.0,0.06,94.0,23.66,0.28
294,84.0,0.06,94.0,24.86,0.26
294,94.0,0.02,98.0,19.76,0.26
294,96.0,0.01,99.0,26.27,0.26
295,96.0,0.01,99.0,20.87,0.27
295,90.0,0.02,98.0,34.99,0.27
295,94.0,0.0,100.0,34.3,0.27
296,98.0,0.01,99.0,17.64,0.27

296,94.0,0.02,98.0,22.86,0.27
296,94.0,0.01,99.0,16.43,0.27
297,76.0,0.02,98.0,52.85,0.26
297,84.0,0.02,98.0,34.8,0.26

297,90.0,0.01,99.0,26.54,0.26
298,70.0,0.06,94.0,39.73,0.28
298,96.0,0.01,99.0,15.48,0.28
299,80.0,0.03,97.0,34.25,0.27
299,92.0,0.0,100.0,30.41,0.27
300,90.0,0.03,97.0,37.25,0.27
300,80.0,0.04,96.0,33.42,0.27

301,28.0,0.31,69.0,62.14,0.28
301,88.0,0.02,98.0,20.23,0.28
301,88.0,0.02,98.0,20.04,0.28
302,92.0,0.04,96.0,22.19,0.26
302,80.0,0.06,94.0,60.62,0.26
303,90.0,0.03,97.0,31.07,0.29
303,90.0,0.02,98.0,22.66,0.29
303,60.0,0.19,81.0,42.95,0.29
304,84.0,0.01,99.0,47.33,0.25
304,94.0,0.01,99.0,33.68,0.25
304,96.0,0.02,98.0,24.1,0.25
305,96.0,0.0,100.0,23.37,0.28
305,84.0,0.01,99.0,37.39,0.28
305,92.0,0.01,99.0,19.88,0.28
305,100.0,0.0,100.0,17.95,0.28
306,92.0,0.0,100.0,29.3,0.3

306,94.0,0.03,97.0,19.93,0.3
307,90.0,0.01,99.0,25.41,0.32
307,90.0,0.02,98.0,20.14,0.32
308,96.0,0.01,99.0,17.33,0.29
308,88.0,0.01,99.0,41.21,0.29
308,82.0,0.01,99.0,45.58,0.29
309,90.0,0.01,99.0,26.07,0.32
309,86.0,0.02,98.0,31.15,0.32
310,88.0,0.02,98.0,19.04,0.27
310,88.0,0.05,95.0,25.45,0.27
310,80.0,0.03,97.0,39.7,0.27

311,94.0,0.01,99.0,20.63,0.28
311,88.0,0.0,100.0,34.16,0.28

311,76.0,0.0,100.0,58.37,0.28
312,96.0,0.02,98.0,13.22,0.28
312,80.0,0.09,91.0,17.98,0.28
313,90.0,0.02,98.0,50.12,0.27
313,84.0,0.05,95.0,23.05,0.27
314,84.0,0.01,99.0,50.49,0.27
314,68.0,0.15,85.0,18.93,0.27
314,98.0,0.0,100.0,12.76,0.27
315,96.0,0.0,100.0,12.65,0.27
315,92.0,0.01,99.0,21.38,0.27
316,76.0,0.02,98.0,35.64,0.26
316,94.0,0.01,99.0,19.7,0.26
316,62.0,0.16,84.0,39.56,0.26
316,66.0,0.12,88.0,38.88,0.26
317,98.0,0.0,100.0,15.96,0.26
317,94.0,0.02,98.0,21.36,0.26
318,80.0,0.01,99.0,46.62,0.26
318,90.0,0.02,98.0,20.93,0.26
318,98.0,0.01,99.0,8.36,0.26

318,96.0,0.01,99.0,19.85,0.26
318,92.0,0.03,97.0,24.91,0.26
319,94.0,0.0,100.0,35.51,0.27
319,80.0,0.08,92.0,38.43,0.27

320,54.0,0.23,77.0,21.54,0.28

320,90.0,0.05,95.0,16.38,0.28
321,82.0,0.04,96.0,23.2,0.27
321,72.0,0.11,89.0,28.48,0.27
322,94.0,0.02,98.0,22.61,0.26
322,82.0,0.03,97.0,36.07,0.26
322,98.0,0.0,100.0,19.53,0.26
323,92.0,0.03,97.0,17.44,0.28
323,56.0,0.14,86.0,55.91,0.28
324,94.0,0.01,99.0,17.58,0.27
324,100.0,0.0,100.0,12.74,0.27
324,94.0,0.03,97.0,18.5,0.27
324,70.0,0.1,90.0,59.8,0.27
324,90.0,0.01,99.0,24.48,0.27
324,86.0,0.04,96.0,32.29,0.27
324,96.0,0.02,98.0,6.73,0.27
325,84.0,0.08,92.0,44.7,0.27

325,90.0,0.05,95.0,19.77,0.27
325,94.0,0.02,98.0,11.78,0.27
326,66.0,0.15,85.0,29.86,0.26
326,90.0,0.01,99.0,25.25,0.26
327,68.0,0.16,84.0,4.59,0.27

327,94.0,0.03,97.0,15.26,0.27
327,100.0,0.0,100.0,20.32,0.27
328,90.0,0.05,95.0,16.0,0.28
3328,96.0,0.0,100.0,14.13,0.28
329,96.0,0.02,98.0,7.56,0.28

329,94.0,0.02,98.0,21.37,0.28
329,92.0,0.04,96.0,14.7,0.28

330,98.0,0.0,100.0,17.23,0.34
3330,90.0,0.01,99.0,33.48,0.33
331,94.0,0.01,99.0,16.99,0.27
331,90.0,0.01,99.0,28.6,0.27

331,84.0,0.04,96.0,35.75,0.27
332,96.0,0.02,98.0,23.61,0.28
332,92.0,0.03,97.0,19.19,0.28
332,88.0,0.01,99.0,24.74,0.28
333,94.0,0.03,97.0,15.16,0.27
333,46.0,0.17,83.0,50.95,0.27
334,96.0,0.02,98.0,15.43,0.29
334,94.0,0.02,98.0,12.28,0.29
335,98.0,0.0,100.0,15.69,0.27
335,98.0,0.01,99.0,14.99,0.27

336,94.0,0.02,98.0,19.17,0.27
336,96.0,0.01,99.0,16.27,0.27
336,92.0,0.01,99.0,29.68,0.27
337,86.0,0.06,94.0,28.35,0.27
337,66.0,0.12,88.0,30.38,0.27
337,88.0,0.05,95.0,34.31,0.27
338,90.0,0.02,98.0,26.22,0.28

338,98.0,0.0,100.0,8.17,0.28

339,92.0,0.01,99.0,29.42,0.27
339,92.0,0.02,98.0,19.3,0.27

339,98.0,0.0,100.0,34.98,0.27
340,96.0,0.0,100.0,17.81,0.28
340,84.0,0.06,94.0,30.3,0.28
341,62.0,0.07,93.0,70.4,0.27

341,84.0,0.02,98.0,47.52,0.27
342,96.0,0.0,100.0,11.3,0.26
342,86.0,0.05,95.0,24.03,0.26
343,88.0,0.01,99.0,34.1,0.26

343,94.0,0.01,99.0,29.72,0.26
343,88.0,0.05,95.0,15.32,0.26
344,90.0,0.02,98.0,21.94,0.27
344,98.0,0.0,100.0,11.96,0.27
344,100.0,0.0,100.0,6.71,0.27
345,84.0,0.08,92.0,10.78,0.28
345,96.0,0.0,100.0,27.0,0.28
345,96.0,0.02,98.0,12.47,0.28
346,94.0,0.01,99.0,20.35,0.26
346,76.0,0.02,98.0,53.8,0.26

346,64.0,0.16,84.0,23.08,0.26
347,92.0,0.01,99.0,19.5,0.28

347,94.0,0.01,99.0,21.17,0.28
347,92.0,0.02,98.0,13.14,0.28
348,84.0,0.02,98.0,40.14,0.28
348,96.0,0.02,98.0,9.69,0.28

348,98.0,0.01,99.0,15.97,0.28
349,92.0,0.02,98.0,26.52,0.27
349,84.0,0.05,95.0,14.17,0.27
350,94.0,0.03,97.0,13.83,0.28
350,64.0,0.18,82.0,6.5,0.28

351,92.0,0.02,98.0,16.39,0.27
351,88.0,0.04,96.0,29.04,0.27
351,46.0,0.27,73.0,24.07,0.27
351,90.0,0.04,96.0,14.23,0.27
351,98.0,0.0,100.0,15.38,0.27
351,80.0,0.06,94.0,19.21,0.27
352,92.0,0.02,98.0,11.88,0.27
353,78.0,0.01,99.0,38.21,0.28
353,96.0,0.01,99.0,14.46,0.28
353,94.0,0.02,98.0,32.68,0.28
353,92.0,0.01,99.0,14.32,0.28
354,94.0,0.02,98.0,19.81,0.26
354,98.0,0.0,100.0,15.38,0.26
354,92.0,0.02,98.0,18.48,0.26
355,76.0,0.1,90.0,28.71,0.26

355,78.0,0.01,99.0,50.65,0.26
356,98.0,0.01,99.0,2.97,0.28


356,98.0,0.0,100.0,13.77,0.28
356,68.0,0.0,100.0,48.58,0.28
357,88.0,0.03,97.0,42.49,0.27

357,96.0,0.02,98.0,19.33,0.27
357,94.0,0.01,99.0,19.29,0.27
358,88.0,0.0,100.0,31.55,0.27
358,92.0,0.01,99.0,24.8,0.27
358,94.0,0.02,98.0,24.17,0.27
358,98.0,0.01,99.0,15.0,0.27
359,84.0,0.04,96.0,51.52,0.27
359,62.0,0.19,81.0,18.65,0.27
359,88.0,0.04,96.0,14.32,0.27
359,96.0,0.02,98.0,24.51,0.27
359,94.0,0.0,100.0,17.64,0.27
360,76.0,0.06,94.0,46.48,0.3
360,92.0,0.0,100.0,25.92,0.3
360,94.0,0.02,98.0,14.89,0.3
361,54.0,0.22,78.0,55.26,0.27
361,98.0,0.0,100.0,10.38,0.27
361,90.0,0.04,96.0,16.08,0.27
362,98.0,0.01,99.0,17.32,0.26
362,98.0,0.01,99.0,6.4,0.26

363,90.0,0.03,97.0,31.3,0.3


363,84.0,0.01,99.0,38.12,0.3
364,54.0,0.07,93.0,69.31,0.27
64,100.0,0.0,100.0,8.54,0.27
364,70.0,0.02,98.0,61.53,0.27
365,92.0,0.0,100.0,35.15,0.27
365,68.0,0.1,90.0,45.67,0.27
366,96.0,0.02,98.0,9.1,0.27

3366,92.0,0.03,97.0,16.99,0.27
367,96.0,0.02,98.0,10.87,0.28
367,98.0,0.0,100.0,14.81,0.28

367,92.0,0.0,100.0,17.29,0.28
368,96.0,0.01,99.0,18.15,0.27
368,66.0,0.16,84.0,26.81,0.27
368,88.0,0.06,94.0,14.08,0.27
369,100.0,0.0,100.0,28.53,0.26
369,86.0,0.03,97.0,23.17,0.26
3369,72.0,0.09,91.0,56.91,0.26
370,96.0,0.0,100.0,36.34,0.28

370,82.0,0.07,93.0,42.19,0.28
371,78.0,0.02,98.0,47.0,0.26
371,94.0,0.0,100.0,26.59,0.26

371,100.0,0.0,100.0,6.76,0.26
372,92.0,0.02,98.0,22.48,0.29
372,100.0,0.0,100.0,6.8,0.29

372,94.0,0.03,97.0,9.31,0.29

373,94.0,0.03,97.0,26.9,0.27


373,88.0,0.04,96.0,18.77,0.27
373,98.0,0.0,100.0,18.55,0.27
374,100.0,0.0,100.0,10.99,0.26
374,92.0,0.01,99.0,33.69,0.26
374,94.0,0.02,98.0,16.57,0.26
375,98.0,0.0,100.0,12.94,0.28
375,96.0,0.0,100.0,18.06,0.28
376,76.0,0.12,88.0,11.98,0.27
376,92.0,0.01,99.0,30.26,0.27
376,94.0,0.02,98.0,15.76,0.27
377,94.0,0.02,98.0,16.88,0.28
377,86.0,0.06,94.0,18.21,0.28
377,90.0,0.05,95.0,9.62,0.28

378,84.0,0.02,98.0,27.28,0.29

378,86.0,0.03,97.0,18.03,0.29
379,80.0,0.07,93.0,21.06,0.28
379,82.0,0.08,92.0,15.44,0.28
379,78.0,0.09,91.0,27.78,0.28
380,-12.0,0.34,66.0,109.05,0.28
380,96.0,0.02,98.0,12.36,0.28
380,98.0,0.01,99.0,11.6,0.28
380,56.0,0.2,80.0,25.61,0.28
381,98.0,0.01,99.0,12.51,0.29
381,78.0,0.06,94.0,29.15,0.29
381,94.0,0.03,97.0,11.52,0.29
382,94.0,0.01,99.0,24.03,0.27
382,48.0,0.22,78.0,39.97,0.27
382,94.0,0.0,100.0,23.02,0.27
383,20.0,0.36,64.0,41.68,0.26
383,96.0,0.02,98.0,22.61,0.26

383,98.0,0.01,99.0,12.74,0.26
384,98.0,0.0,100.0,17.73,0.26
384,86.0,0.03,97.0,29.14,0.26
384,78.0,0.06,94.0,35.95,0.26
385,88.0,0.04,96.0,46.79,0.26
385,98.0,0.01,99.0,11.78,0.26
385,78.0,0.04,96.0,41.69,0.26
85,76.0,0.08,92.0,27.43,0.26
386,92.0,0.02,98.0,35.19,0.27
386,90.0,0.02,98.0,26.55,0.27
387,82.0,0.07,93.0,27.03,0.29
387,88.0,0.03,97.0,19.52,0.29
388,88.0,0.04,96.0,23.09,0.27
388,40.0,0.21,79.0,73.59,0.27
388,92.0,0.03,97.0,18.79,0.27
389,76.0,0.12,88.0,16.03,0.28
389,92.0,0.0,100.0,34.09,0.28
390,80.0,0.03,97.0,48.0,0.27

390,96.0,0.01,99.0,18.86,0.27
391,98.0,0.01,99.0,4.53,0.27
391,84.0,0.04,96.0,25.93,0.27
392,82.0,0.09,91.0,11.66,0.28
392,58.0,0.19,81.0,15.16,0.28
392,-2.0,0.26,74.0,119.87,0.28
393,90.0,0.03,97.0,23.24,0.27
393,92.0,0.03,97.0,14.12,0.27
3393,90.0,0.01,99.0,20.34,0.27
394,98.0,0.0,100.0,20.64,0.27
394,56.0,0.2,80.0,22.45,0.27

394,78.0,0.09,91.0,25.95,0.27
395,94.0,0.02,98.0,12.47,0.32
395,80.0,0.0,100.0,43.87,0.32
395,44.0,0.22,78.0,38.06,0.32
396,92.0,0.03,97.0,12.84,0.29
396,66.0,0.02,98.0,41.15,0.29
396,78.0,0.07,93.0,31.7,0.29
397,92.0,0.04,96.0,10.88,0.27
397,60.0,0.2,80.0,19.07,0.27

398,90.0,0.01,99.0,31.04,0.28
398,94.0,0.02,98.0,10.09,0.28
398,98.0,0.0,100.0,15.54,0.28
399,76.0,0.11,89.0,32.13,0.27
399,74.0,0.03,97.0,54.54,0.27
400,88.0,0.04,96.0,20.65,0.27
00,92.0,0.03,97.0,13.8,0.27
401,94.0,0.0,100.0,37.94,0.26
01,88.0,0.01,99.0,43.93,0.26
401,94.0,0.01,99.0,12.74,0.26
402,92.0,0.01,99.0,28.48,0.27
402,96.0,0.02,98.0,14.07,0.27
402,94.0,0.02,98.0,23.31,0.27
403,90.0,0.0,100.0,26.23,0.27

403,68.0,0.16,84.0,6.95,0.27

404,78.0,0.02,98.0,45.01,0.26
404,92.0,0.02,98.0,18.31,0.26
405,60.0,0.2,80.0,26.32,0.27

405,88.0,0.01,99.0,33.43,0.27
406,92.0,0.03,97.0,13.07,0.27
406,88.0,0.05,95.0,9.19,0.27
406,98.0,0.0,100.0,17.29,0.27
407,90.0,0.0,100.0,46.56,0.27

407,86.0,0.03,97.0,28.07,0.27
408,96.0,0.02,98.0,10.78,0.27
408,94.0,0.0,100.0,23.91,0.27
409,100.0,0.0,100.0,15.95,0.27
09,84.0,0.01,99.0,40.62,0.27
409,86.0,0.03,97.0,23.94,0.27
410,98.0,0.0,100.0,26.11,0.27
410,98.0,0.01,99.0,8.69,0.27

410,96.0,0.02,98.0,10.35,0.27
411,46.0,0.25,75.0,26.6,0.28

411,28.0,0.33,67.0,20.12,0.28
411,92.0,0.01,99.0,18.3,0.28
412,88.0,0.03,97.0,27.25,0.27
412,98.0,0.01,99.0,24.32,0.26
413,76.0,0.07,93.0,46.58,0.27
413,84.0,0.04,96.0,23.94,0.27
414,90.0,0.03,97.0,29.32,0.28
414,92.0,0.02,98.0,21.41,0.28
415,100.0,0.0,100.0,12.79,0.27
415,86.0,0.0,100.0,32.13,0.27
415,92.0,0.03,97.0,11.77,0.27
416,70.0,0.14,86.0,23.27,0.27
416,70.0,0.13,87.0,19.71,0.27
416,66.0,0.17,83.0,11.36,0.27
416,90.0,0.01,99.0,21.83,0.27
417,92.0,0.01,99.0,26.38,0.27
417,98.0,0.01,99.0,9.12,0.27

417,88.0,0.02,98.0,22.17,0.27
418,88.0,0.04,96.0,33.76,0.26
418,94.0,0.0,100.0,33.58,0.26
419,100.0,0.0,100.0,17.35,0.27
9,32.0,0.32,68.0,20.62,0.27
420,92.0,0.04,96.0,16.28,0.27
420,88.0,0.02,98.0,22.12,0.27
421,98.0,0.01,99.0,6.78,0.26

421,76.0,0.05,95.0,40.26,0.26
422,98.0,0.0,100.0,19.14,0.27
422,94.0,0.01,99.0,22.3,0.27

423,22.0,0.38,62.0,25.92,0.27
423,70.0,0.13,87.0,29.47,0.27

423,98.0,0.01,99.0,9.92,0.27
423,94.0,0.01,99.0,17.15,0.27
424,78.0,0.03,97.0,35.39,0.3
424,96.0,0.02,98.0,7.81,0.3

425,88.0,0.01,99.0,37.06,0.27
4425,98.0,0.0,100.0,17.05,0.27
425,88.0,0.03,97.0,18.78,0.27
426,92.0,0.03,97.0,16.7,0.26
426,74.0,0.03,97.0,41.75,0.26
426,86.0,0.01,99.0,31.96,0.26
427,84.0,0.05,95.0,30.73,0.27
427,60.0,0.2,80.0,20.37,0.27

427,90.0,0.04,96.0,14.7,0.27
428,96.0,0.0,100.0,15.57,0.27

428,98.0,0.01,99.0,9.95,0.27

429,90.0,0.02,98.0,28.9,0.27

429,90.0,0.03,97.0,29.47,0.27
430,96.0,0.01,99.0,18.71,0.31
430,98.0,0.01,99.0,8.74,0.31
430,84.0,0.02,98.0,40.81,0.31
430,92.0,0.03,97.0,11.18,0.31
431,92.0,0.01,99.0,23.9,0.31

31,70.0,0.14,86.0,22.98,0.31
431,96.0,0.01,99.0,28.55,0.31
432,94.0,0.01,99.0,24.55,0.3
432,84.0,0.01,99.0,29.61,0.3
433,96.0,0.01,99.0,22.12,0.28
433,98.0,0.0,100.0,22.15,0.28
433,90.0,0.04,96.0,26.57,0.28
433,96.0,0.0,100.0,24.93,0.28
434,100.0,0.0,100.0,17.92,0.27
434,58.0,0.19,81.0,23.19,0.27
434,86.0,0.03,97.0,21.35,0.27
435,96.0,0.01,99.0,12.91,0.26
435,96.0,0.01,99.0,15.68,0.26
435,90.0,0.02,98.0,23.87,0.26
436,100.0,0.0,100.0,13.0,0.27
436,84.0,0.03,97.0,31.62,0.27
436,94.0,0.02,98.0,17.11,0.27
437,90.0,0.01,99.0,45.42,0.26
37,88.0,0.01,99.0,40.15,0.26
437,58.0,0.19,81.0,22.66,0.26
438,32.0,0.31,69.0,29.39,0.26
438,96.0,0.02,98.0,16.56,0.26
439,90.0,0.04,96.0,12.59,0.28
439,88.0,0.02,98.0,19.7,0.28

440,94.0,0.01,99.0,22.18,0.26
440,80.0,0.05,95.0,29.42,0.26
440,92.0,0.01,99.0,19.28,0.26
441,60.0,0.19,81.0,10.06,0.27
441,78.0,0.1,90.0,11.5,0.27

441,100.0,0.0,100.0,11.58,0.27
441,80.0,0.02,98.0,41.3,0.27
441,98.0,0.01,99.0,19.83,0.27
441,94.0,0.02,98.0,30.31,0.27
441,96.0,0.02,98.0,10.15,0.27
442,96.0,0.0,100.0,24.47,0.26
42,50.0,0.25,75.0,16.85,0.26
442,100.0,0.0,100.0,3.8,0.26
443,94.0,0.01,99.0,17.89,0.26
443,86.0,0.03,97.0,30.69,0.26
443,100.0,0.0,100.0,11.47,0.26
444,92.0,0.01,99.0,18.59,0.27
444,94.0,0.0,100.0,22.11,0.27

444,40.0,0.3,70.0,15.85,0.27

445,92.0,0.02,98.0,39.35,0.27
445,94.0,0.01,99.0,12.39,0.27
446,66.0,0.11,89.0,32.01,0.26
446,86.0,0.03,97.0,19.53,0.26
446,56.0,0.19,81.0,34.23,0.26
446,90.0,0.02,98.0,17.31,0.26
447,98.0,0.01,99.0,11.83,0.28
447,94.0,0.02,98.0,15.32,0.28
448,66.0,0.13,87.0,24.51,0.27
4448,98.0,0.0,100.0,7.85,0.27

449,92.0,0.03,97.0,10.98,0.26
449,24.0,0.38,62.0,17.93,0.26
450,92.0,0.02,98.0,20.77,0.27
450,96.0,0.0,100.0,14.96,0.27
450,84.0,0.06,94.0,19.11,0.27
451,64.0,0.16,84.0,23.14,0.26
451,92.0,0.04,96.0,11.88,0.26
452,68.0,0.13,87.0,39.04,0.27
452,90.0,0.02,98.0,22.82,0.27
453,92.0,0.03,97.0,13.28,0.26
453,86.0,0.06,94.0,17.58,0.26
454,70.0,0.14,86.0,20.6,0.26
454,88.0,0.04,96.0,12.58,0.26
454,92.0,0.01,99.0,29.93,0.26
454,88.0,0.05,95.0,15.41,0.26
454,98.0,0.01,99.0,18.59,0.26
455,80.0,0.02,98.0,34.18,0.27

455,96.0,0.01,99.0,12.76,0.27

456,94.0,0.01,99.0,24.02,0.26
456,94.0,0.03,97.0,7.82,0.26

457,48.0,0.25,75.0,21.34,0.27
457,58.0,0.19,81.0,28.67,0.27
457,92.0,0.02,98.0,27.5,0.27

458,-92.0,0.63,37.0,303.21,0.2
458,90.0,0.03,97.0,27.2,0.28

459,98.0,0.0,100.0,11.94,0.3
459,100.0,0.0,100.0,9.49,0.3
459,98.0,0.01,99.0,8.32,0.3
460,94.0,0.0,100.0,37.49,0.28
460,86.0,0.02,98.0,31.49,0.28
461,96.0,0.02,98.0,5.46,0.26

461,92.0,0.01,99.0,44.92,0.26
4461,52.0,0.19,81.0,32.5,0.27
461,70.0,0.15,85.0,23.5,0.26
462,96.0,0.02,98.0,29.19,0.27
462,56.0,0.21,79.0,21.25,0.27
463,98.0,0.01,99.0,19.26,0.28
463,84.0,0.04,96.0,36.75,0.28
464,64.0,0.17,83.0,32.98,0.27
464,94.0,0.02,98.0,17.73,0.27
465,90.0,0.01,99.0,44.2,0.26

465,88.0,0.01,99.0,17.67,0.26
466,88.0,0.03,97.0,23.75,0.28
466,90.0,0.05,95.0,22.57,0.28
466,90.0,0.05,95.0,8.01,0.28

467,76.0,0.06,94.0,36.02,0.27
467,98.0,0.01,99.0,7.77,0.27

467,88.0,0.01,99.0,24.56,0.27
468,98.0,0.01,99.0,13.93,0.27
468,56.0,0.21,79.0,7.67,0.27

469,86.0,0.01,99.0,32.29,0.27
469,98.0,0.01,99.0,17.83,0.27
469,64.0,0.17,83.0,23.94,0.27
470,64.0,0.15,85.0,22.07,0.26
470,96.0,0.01,99.0,21.25,0.26
470,78.0,0.07,93.0,23.6,0.26
471,98.0,0.0,100.0,9.17,0.27
471,96.0,0.02,98.0,23.87,0.27
471,88.0,0.02,98.0,35.98,0.27
471,92.0,0.01,99.0,18.24,0.27
472,90.0,0.01,99.0,27.27,0.28
472,92.0,0.02,98.0,28.11,0.28
472,90.0,0.0,100.0,24.91,0.28
472,96.0,0.0,100.0,16.84,0.28
473,96.0,0.02,98.0,19.59,0.28
473,94.0,0.0,100.0,21.61,0.28
473,98.0,0.01,99.0,10.1,0.28
474,56.0,0.18,82.0,31.07,0.27
474,80.0,0.05,95.0,26.73,0.27
475,72.0,0.14,86.0,28.36,0.27
475,98.0,0.0,100.0,11.46,0.27
475,34.0,0.3,70.0,40.98,0.27

476,96.0,0.02,98.0,20.01,0.26
476,98.0,0.0,100.0,13.69,0.26
476,94.0,0.02,98.0,15.79,0.26
477,68.0,0.15,85.0,10.17,0.28
477,66.0,0.16,84.0,13.57,0.28
477,86.0,0.01,99.0,29.4,0.28

478,98.0,0.01,99.0,7.14,0.31


478,-80.0,0.6,40.0,281.21,0.31

479,18.0,0.32,68.0,43.9,0.29


479,54.0,0.23,77.0,8.04,0.29

479,96.0,0.02,98.0,8.75,0.29
480,88.0,0.04,96.0,18.55,0.29
48480,92.0,0.03,97.0,20.99,0.29
481,-78.0,0.56,44.0,243.06,0.31
481,40.0,0.3,70.0,17.41,0.31


482,98.0,0.01,99.0,7.81,0.27

482,-4.0,0.36,64.0,92.04,0.27
482,88.0,0.05,95.0,18.4,0.27
483,86.0,0.03,97.0,22.17,0.31
483,-32.0,0.53,47.0,167.55,0.31
483,36.0,0.3,70.0,21.61,0.31

483,72.0,0.14,86.0,8.42,0.31
484,90.0,0.0,100.0,22.67,0.3

484,96.0,0.02,98.0,17.24,0.3


485,80.0,0.03,97.0,45.77,0.3

485,52.0,0.16,84.0,60.86,0.3

485,96.0,0.02,98.0,10.2,0.3
486,28.0,0.2,80.0,88.97,0.29
9
486,60.0,0.2,80.0,13.28,0.29

486,92.0,0.04,96.0,5.36,0.29

487,-80.0,0.56,44.0,254.12,0.3
487,100.0,0.0,100.0,9.74,0.3
488,100.0,0.0,100.0,9.47,0.27
88,94.0,0.03,97.0,10.18,0.27
488,22.0,0.39,61.0,13.22,0.27
489,82.0,0.04,96.0,31.87,0.32


489,26.0,0.36,64.0,12.78,0.32
489,-20.0,0.43,57.0,129.74,0.32
489,-96.0,0.58,42.0,306.38,0.32
490,-62.0,0.51,49.0,255.83,0.3
4490,92.0,0.02,98.0,17.94,0.3
491,-90.0,0.65,35.0,254.84,0.3
491,64.0,0.15,85.0,38.49,0.3
491,82.0,0.08,92.0,36.54,0.3
491,98.0,0.01,99.0,14.33,0.3
492,-90.0,0.52,48.0,307.36,0.32
492,96.0,0.02,98.0,8.87,0.32

493,48.0,0.15,85.0,75.0,0.3
3
88.0,0.02,98.0,28.23,0.3
493,98.0,0.01,99.0,14.33,0.3
494,64.0,0.17,83.0,22.97,0.28
494,2.0,0.31,69.0,86.25,0.28
494,42.0,0.23,77.0,43.68,0.28
495,76.0,0.05,95.0,44.67,0.29
495,94.0,0.03,97.0,5.05,0.29

495,92.0,0.03,97.0,17.28,0.29
496,86.0,0.02,98.0,20.34,0.27
496,56.0,0.12,88.0,79.9,0.27

496,90.0,0.03,97.0,30.38,0.27
497,82.0,0.02,98.0,33.44,0.29

497,56.0,0.11,89.0,64.36,0.29

497,94.0,0.0,100.0,12.24,0.29
498,94.0,0.02,98.0,14.13,0.27
498,92.0,0.01,99.0,19.39,0.27
499,88.0,0.06,94.0,16.38,0.26

499,92.0,0.02,98.0,18.28,0.26
499,46.0,0.26,74.0,8.39,0.26

500,56.0,0.21,79.0,17.88,0.29
500,-68.0,0.42,58.0,241.87,0.29
500,66.0,0.17,83.0,4.91,0.29
501,92.0,0.04,96.0,13.49,0.3
501,88.0,0.0,100.0,30.74,0.3

501,78.0,0.1,90.0,19.73,0.3

502,98.0,0.0,100.0,14.66,0.28


502,98.0,0.0,100.0,9.41,0.28

503,68.0,0.14,86.0,31.59,0.26
503,96.0,0.01,99.0,15.01,0.26
504,86.0,0.02,98.0,35.83,0.27
504,68.0,0.07,93.0,50.88,0.27
504,72.0,0.09,91.0,35.24,0.27
505,90.0,0.0,100.0,19.87,0.27
505,90.0,0.04,96.0,19.63,0.27
506,70.0,0.15,85.0,16.58,0.26

506,64.0,0.18,82.0,11.77,0.26
506,88.0,0.03,97.0,27.5,0.26
507,100.0,0.0,100.0,2.37,0.27

507,92.0,0.02,98.0,25.99,0.27
507,98.0,0.01,99.0,5.49,0.27

508,96.0,0.02,98.0,3.66,0.26

509,96.0,0.01,99.0,23.44,0.27
509,86.0,0.04,96.0,18.74,0.27
509,92.0,0.02,98.0,16.02,0.27
510,98.0,0.01,99.0,7.04,0.26

510,98.0,0.01,99.0,9.08,0.26

510,58.0,0.19,81.0,28.16,0.26
511,96.0,0.01,99.0,16.5,0.27

511,96.0,0.0,100.0,23.35,0.27
512,100.0,0.0,100.0,15.16,0.27
512,96.0,0.01,99.0,23.51,0.27
512,84.0,0.04,96.0,33.93,0.27
512,94.0,0.01,99.0,16.4,0.27

513,84.0,0.08,92.0,44.96,0.26
513,92.0,0.03,97.0,21.31,0.26
513,82.0,0.04,96.0,24.2,0.26
514,90.0,0.01,99.0,22.87,0.26
14,86.0,0.01,99.0,37.44,0.26
514,96.0,0.01,99.0,26.25,0.26
515,68.0,0.14,86.0,32.06,0.26
515,96.0,0.01,99.0,23.6,0.26
516,94.0,0.02,98.0,29.02,0.26

516,84.0,0.01,99.0,38.54,0.26
517,96.0,0.01,99.0,19.06,0.27
517,96.0,0.01,99.0,19.9,0.27
517,96.0,0.0,100.0,21.73,0.27
518,84.0,0.06,94.0,22.48,0.26
518,100.0,0.0,100.0,7.87,0.26
518,94.0,0.02,98.0,33.57,0.26
519,48.0,0.24,76.0,13.63,0.26
519,92.0,0.0,100.0,23.31,0.26
519,96.0,0.0,100.0,11.14,0.26
519,100.0,0.0,100.0,19.43,0.26
520,86.0,0.0,100.0,52.4,0.28

520,86.0,0.04,96.0,31.24,0.28
520,60.0,0.17,83.0,21.82,0.28
521,98.0,0.0,100.0,8.96,0.26

521,88.0,0.01,99.0,35.34,0.26
522,92.0,0.0,100.0,21.68,0.26
22,94.0,0.01,99.0,24.46,0.27
523,96.0,0.02,98.0,21.62,0.26
523,92.0,0.01,99.0,18.21,0.26
524,80.0,0.01,99.0,45.95,0.26
524,94.0,0.0,100.0,24.09,0.26
524,96.0,0.01,99.0,19.17,0.26
524,92.0,0.03,97.0,15.9,0.26
525,90.0,0.0,100.0,40.59,0.27

525,94.0,0.01,99.0,13.74,0.27
526,88.0,0.02,98.0,23.48,0.26
526,100.0,0.0,100.0,7.45,0.26
526,90.0,0.01,99.0,23.48,0.26
526,96.0,0.02,98.0,20.47,0.26
527,84.0,0.01,99.0,46.05,0.26
27,98.0,0.0,100.0,15.83,0.26
527,58.0,0.03,97.0,70.29,0.26
527,82.0,0.07,93.0,27.17,0.26
527,98.0,0.0,100.0,19.27,0.26
527,92.0,0.02,98.0,26.29,0.26
528,94.0,0.0,100.0,31.94,0.27
528,94.0,0.01,99.0,9.92,0.27

528,82.0,0.01,99.0,59.36,0.27
529,96.0,0.0,100.0,17.59,0.27
529,96.0,0.0,100.0,20.62,0.27
29,76.0,0.08,92.0,36.64,0.27
530,70.0,0.06,94.0,45.35,0.26
530,92.0,0.04,96.0,25.17,0.26
531,76.0,0.02,98.0,63.16,0.27
531,86.0,0.01,99.0,39.28,0.27
531,88.0,0.05,95.0,21.6,0.27

532,96.0,0.02,98.0,27.06,0.26
532,64.0,0.18,82.0,16.34,0.26
532,90.0,0.0,100.0,21.33,0.26
533,84.0,0.01,99.0,27.48,0.27
533,86.0,0.01,99.0,42.05,0.27
534,86.0,0.0,100.0,32.84,0.26

534,96.0,0.01,99.0,26.16,0.26
534,88.0,0.01,99.0,34.3,0.26
535,66.0,0.16,84.0,23.04,0.26

535,92.0,0.03,97.0,16.74,0.26
535,94.0,0.03,97.0,11.32,0.26
536,88.0,0.03,97.0,16.48,0.27
536,84.0,0.01,99.0,27.2,0.27

537,86.0,0.03,97.0,18.78,0.26
537,90.0,0.02,98.0,23.62,0.26
537,96.0,0.01,99.0,12.98,0.26
538,92.0,0.01,99.0,37.01,0.26
538,94.0,0.01,99.0,16.98,0.26
539,86.0,0.02,98.0,34.15,0.27
39,92.0,0.01,99.0,21.12,0.27
539,92.0,0.0,100.0,24.02,0.27
540,96.0,0.01,99.0,20.31,0.27
540,98.0,0.0,100.0,15.72,0.27
540,64.0,0.18,82.0,17.11,0.27
541,96.0,0.0,100.0,30.57,0.27
541,96.0,0.01,99.0,16.76,0.27
541,98.0,0.01,99.0,4.26,0.27

541,80.0,0.03,97.0,29.02,0.27
542,92.0,0.04,96.0,7.17,0.27

542,22.0,0.36,64.0,44.93,0.27
543,94.0,0.0,100.0,31.06,0.27
543,96.0,0.0,100.0,30.14,0.27
543,88.0,0.01,99.0,21.94,0.27
544,90.0,0.01,99.0,19.26,0.27
544,98.0,0.0,100.0,11.14,0.27
544,92.0,0.04,96.0,22.75,0.27
545,88.0,0.0,100.0,28.49,0.26
546,92.0,0.03,97.0,19.88,0.26
546,58.0,0.2,80.0,22.52,0.26

546,96.0,0.01,99.0,16.28,0.26
547,94.0,0.01,99.0,15.83,0.27
547,96.0,0.02,98.0,23.39,0.27
548,88.0,0.01,99.0,19.3,0.26

548,94.0,0.01,99.0,27.36,0.26
548,94.0,0.01,99.0,18.92,0.26
549,90.0,0.01,99.0,37.51,0.28
5549,86.0,0.04,96.0,30.27,0.28
549,90.0,0.05,95.0,4.41,0.28

550,90.0,0.0,100.0,43.41,0.27
550,96.0,0.0,100.0,12.19,0.27

550,94.0,0.01,99.0,14.07,0.27
551,96.0,0.0,100.0,16.82,0.27
551,88.0,0.04,96.0,25.5,0.27

552,82.0,0.05,95.0,31.48,0.27
552,100.0,0.0,100.0,10.23,0.27
553,90.0,0.02,98.0,24.06,0.26
553,88.0,0.01,99.0,23.71,0.26
554,34.0,0.32,68.0,17.91,0.27
554,86.0,0.01,99.0,33.64,0.27
554,96.0,0.02,98.0,7.28,0.27

555,100.0,0.0,100.0,24.73,0.27
555,84.0,0.02,98.0,33.35,0.27
555,94.0,0.01,99.0,17.27,0.27
555,86.0,0.06,94.0,15.79,0.27
556,92.0,0.01,99.0,23.65,0.27
556,78.0,0.11,89.0,8.35,0.27
556,94.0,0.03,97.0,11.8,0.27

556,88.0,0.04,96.0,31.51,0.27

556,76.0,0.12,88.0,13.58,0.27
557,74.0,0.13,87.0,10.98,0.28
557,80.0,0.02,98.0,48.84,0.28
558,92.0,0.04,96.0,16.43,0.27
558,96.0,0.01,99.0,15.67,0.27
558,92.0,0.04,96.0,7.21,0.27
559,94.0,0.01,99.0,16.48,0.27
559,96.0,0.02,98.0,5.64,0.27
560,96.0,0.02,98.0,6.83,0.27

560,90.0,0.02,98.0,25.64,0.27
561,96.0,0.0,100.0,16.54,0.27
61,92.0,0.01,99.0,14.63,0.27
562,96.0,0.01,99.0,12.13,0.27
562,86.0,0.03,97.0,23.58,0.27
563,92.0,0.02,98.0,19.8,0.27

563,94.0,0.0,100.0,14.68,0.27
564,96.0,0.02,98.0,12.43,0.27
564,64.0,0.18,82.0,10.3,0.27
565,60.0,0.15,85.0,39.26,0.27
565,96.0,0.01,99.0,10.54,0.27
565,96.0,0.01,99.0,22.33,0.27
566,94.0,0.01,99.0,33.26,0.27
566,78.0,0.07,93.0,43.75,0.27

567,58.0,0.17,83.0,45.88,0.27
567,96.0,0.02,98.0,8.47,0.27

567,76.0,0.08,92.0,49.21,0.27
567,94.0,0.02,98.0,26.77,0.27
568,92.0,0.02,98.0,26.32,0.28
568,90.0,0.0,100.0,29.52,0.28
568,98.0,0.01,99.0,7.23,0.28
568,84.0,0.0,100.0,41.06,0.28
569,76.0,0.03,97.0,49.28,0.27
569,94.0,0.02,98.0,16.33,0.27
569,96.0,0.0,100.0,35.58,0.27
569,92.0,0.02,98.0,30.38,0.27
569,80.0,0.02,98.0,44.36,0.27
569,92.0,0.04,96.0,8.2,0.27
570,92.0,0.03,97.0,15.95,0.28
570,100.0,0.0,100.0,5.42,0.28
570,86.0,0.0,100.0,28.35,0.28
571,98.0,0.0,100.0,18.3,0.27

571,96.0,0.0,100.0,24.78,0.27
5571,90.0,0.02,98.0,28.59,0.27
571,96.0,0.0,100.0,24.55,0.27
572,94.0,0.03,97.0,12.32,0.27
572,90.0,0.02,98.0,22.67,0.27
573,88.0,0.01,99.0,31.83,0.28
573,88.0,0.03,97.0,29.69,0.28
573,90.0,0.02,98.0,30.41,0.28
574,56.0,0.2,80.0,23.8,0.26


5574,96.0,0.02,98.0,16.98,0.26
575,46.0,0.27,73.0,16.87,0.26
575,86.0,0.04,96.0,38.55,0.26
575,94.0,0.02,98.0,5.23,0.26

576,98.0,0.0,100.0,10.95,0.28
576,92.0,0.02,98.0,36.88,0.28
577,96.0,0.0,100.0,26.18,0.28
577,58.0,0.21,79.0,33.85,0.28
77,82.0,0.02,98.0,28.25,0.28
578,88.0,0.01,99.0,44.85,0.27
578,94.0,0.0,100.0,22.63,0.27
578,86.0,0.01,99.0,39.02,0.27
579,98.0,0.0,100.0,21.43,0.27
579,90.0,0.04,96.0,16.3,0.27

579,90.0,0.02,98.0,27.53,0.27
579,94.0,0.03,97.0,21.49,0.27
580,96.0,0.01,99.0,16.93,0.27
580,98.0,0.0,100.0,18.43,0.27
580,94.0,0.0,100.0,22.17,0.27
581,88.0,0.02,98.0,18.65,0.28
581,84.0,0.01,99.0,36.99,0.28
582,94.0,0.01,99.0,15.48,0.27
582,96.0,0.0,100.0,13.03,0.28
582,96.0,0.01,99.0,12.97,0.27
583,96.0,0.0,100.0,12.99,0.27
583,98.0,0.01,99.0,9.33,0.27
583,96.0,0.02,98.0,13.63,0.27
584,98.0,0.01,99.0,5.72,0.27

585,76.0,0.11,89.0,20.12,0.27
585,94.0,0.02,98.0,12.48,0.27
585,86.0,0.06,94.0,25.5,0.27

586,72.0,0.02,98.0,56.78,0.26
5586,98.0,0.01,99.0,6.49,0.26
586,96.0,0.02,98.0,17.15,0.26
587,76.0,0.12,88.0,30.29,0.27
587,64.0,0.18,82.0,19.02,0.27

588,94.0,0.03,97.0,12.19,0.27
588,96.0,0.01,99.0,31.87,0.27
588,92.0,0.01,99.0,23.97,0.27
589,90.0,0.04,96.0,11.99,0.28
5589,88.0,0.01,99.0,28.29,0.28
590,74.0,0.04,96.0,52.26,0.27
590,94.0,0.0,100.0,18.84,0.27
590,96.0,0.01,99.0,7.79,0.27

591,98.0,0.01,99.0,8.05,0.27

591,94.0,0.01,99.0,21.92,0.27
91,100.0,0.0,100.0,13.13,0.27
592,90.0,0.05,95.0,14.04,0.28
592,100.0,0.0,100.0,8.21,0.28
592,100.0,0.0,100.0,8.43,0.28
593,96.0,0.02,98.0,22.32,0.27
594,98.0,0.0,100.0,14.73,0.27
594,24.0,0.35,65.0,37.45,0.27
594,82.0,0.04,96.0,36.12,0.27
595,88.0,0.03,97.0,36.38,0.28
595,98.0,0.01,99.0,5.48,0.28
595,90.0,0.01,99.0,15.37,0.28
596,86.0,0.03,97.0,24.76,0.27
596,94.0,0.0,100.0,22.89,0.27
596,88.0,0.03,97.0,25.29,0.27
597,32.0,0.3,70.0,41.76,0.27
597,78.0,0.05,95.0,33.36,0.27
597,88.0,0.01,99.0,33.22,0.27
598,90.0,0.02,98.0,21.58,0.27
598,76.0,0.04,96.0,35.5,0.27
599,88.0,0.06,94.0,26.64,0.28
599,86.0,0.02,98.0,24.01,0.28
599,100.0,0.0,100.0,22.53,0.28
599,96.0,0.01,99.0,25.78,0.28
600,86.0,0.03,97.0,32.19,0.29
600,82.0,0.04,96.0,26.59,0.29
601,94.0,0.02,98.0,11.78,0.27
601,94.0,0.03,97.0,5.7,0.27
601,86.0,0.02,98.0,24.53,0.27
602,88.0,0.01,99.0,32.75,0.27
602,98.0,0.01,99.0,11.16,0.27
603,100.0,0.0,100.0,13.19,0.28
603,98.0,0.01,99.0,11.76,0.28
603,94.0,0.01,99.0,15.7,0.28
604,88.0,0.02,98.0,28.1,0.28


604,74.0,0.07,93.0,40.3,0.28
605,96.0,0.02,98.0,16.14,0.27
605,94.0,0.02,98.0,15.3,0.27

605,92.0,0.02,98.0,12.13,0.27
606,72.0,0.14,86.0,23.24,0.28
606,92.0,0.03,97.0,20.18,0.27
607,26.0,0.36,64.0,22.55,0.27
607,92.0,0.04,96.0,19.4,0.27

607,94.0,0.03,97.0,8.19,0.27
608,82.0,0.01,99.0,44.6,0.28

608,96.0,0.0,100.0,18.87,0.28
608,96.0,0.0,100.0,31.78,0.28
608,94.0,0.03,97.0,18.46,0.28
608,90.0,0.0,100.0,30.64,0.28
608,94.0,0.01,99.0,31.94,0.28
609,100.0,0.0,100.0,14.49,0.27
6609,98.0,0.01,99.0,16.73,0.27
609,88.0,0.02,98.0,23.69,0.27
609,70.0,0.14,86.0,14.78,0.27
610,96.0,0.0,100.0,21.66,0.27
610,98.0,0.01,99.0,3.78,0.27
611,100.0,0.0,100.0,12.81,0.28
6611,84.0,0.02,98.0,36.55,0.28
611,98.0,0.01,99.0,13.0,0.28
612,92.0,0.0,100.0,26.59,0.28
612,100.0,0.0,100.0,8.73,0.28

612,92.0,0.0,100.0,30.95,0.28
613,88.0,0.02,98.0,29.07,0.28
613,98.0,0.01,99.0,8.69,0.28

613,98.0,0.0,100.0,17.24,0.28
614,88.0,0.05,95.0,18.33,0.28
614,66.0,0.16,84.0,13.7,0.28

615,88.0,0.03,97.0,33.5,0.27

615,88.0,0.02,98.0,20.35,0.27
615,94.0,0.02,98.0,23.94,0.27
616,94.0,0.02,98.0,12.36,0.27
616,64.0,0.18,82.0,18.2,0.27
617,92.0,0.0,100.0,29.61,0.28
617,90.0,0.05,95.0,7.46,0.28

618,96.0,0.0,100.0,24.73,0.28
618,96.0,0.0,100.0,16.93,0.28
618,86.0,0.04,96.0,34.76,0.28
619,92.0,0.01,99.0,22.24,0.26
619,98.0,0.01,99.0,11.23,0.26
620,84.0,0.02,98.0,42.44,0.28
620,94.0,0.03,97.0,19.16,0.28
620,92.0,0.01,99.0,25.16,0.28
621,28.0,0.33,67.0,32.55,0.28
621,54.0,0.22,78.0,24.53,0.28
621,90.0,0.04,96.0,12.15,0.28
621,94.0,0.03,97.0,8.31,0.28

621,94.0,0.03,97.0,11.12,0.28
622,96.0,0.0,100.0,14.57,0.28
622,82.0,0.09,91.0,26.82,0.28
623,74.0,0.02,98.0,45.05,0.28

623,96.0,0.02,98.0,4.43,0.28

623,96.0,0.01,99.0,10.0,0.28
624,96.0,0.01,99.0,15.16,0.27
624,82.0,0.04,96.0,23.71,0.27
625,96.0,0.0,100.0,19.97,0.28
625,92.0,0.04,96.0,19.22,0.28

625,28.0,0.34,66.0,42.74,0.28
