episode,reward,ep_block_prob,ep_accepted_requests,avg_latency,avg_cost,executionTime
1,42.0,0.21,79.0,82.83,4.2,0.1
2,56.0,0.19,81.0,33.38,4.73,0.1
3,44.0,0.13,87.0,93.93,14.55,0.1
4,30.0,0.24,76.0,86.7,4.85,0.1
5,60.0,0.19,81.0,36.04,7.07,0.11
6,36.0,0.24,76.0,56.88,7.13,0.1
7,56.0,0.18,82.0,40.96,7.22,0.11
8,48.0,0.15,85.0,64.9,10.68,0.11
9,18.0,0.26,74.0,119.41,4.43,0.11
10,36.0,0.25,75.0,73.74,8.66,0.11
11,16.0,0.25,75.0,128.31,4.4,0.1
12,60.0,0.13,87.0,75.64,9.68,0.1
13,56.0,0.16,84.0,67.27,5.05,0.1
14,4.0,0.3,70.0,110.59,6.0,0.1
15,52.0,0.15,85.0,62.75,5.74,0.1
16,32.0,0.19,81.0,103.3,11.88,0.1
17,50.0,0.19,81.0,84.78,6.27,0.09
18,50.0,0.18,82.0,73.82,8.93,0.11
19,46.0,0.2,80.0,51.52,4.04,0.09
20,40.0,0.14,86.0,87.05,4.37,0.1
21,54.0,0.07,93.0,90.3,6.06,1.21
22,48.0,0.13,87.0,104.5,3.08,0.1
23,64.0,0.11,89.0,88.18,4.53,0.1
24,74.0,0.09,91.0,50.76,5.71,0.1
25,58.0,0.15,85.0,65.18,5.68,0.1
26,64.0,0.09,91.0,68.42,6.81,0.1
27,34.0,0.15,85.0,108.61,7.01,0.1
28,58.0,0.14,86.0,92.75,8.79,0.1
29,54.0,0.13,87.0,80.65,9.72,0.1
30,50.0,0.21,79.0,57.06,1.41,0.1
31,56.0,0.09,91.0,77.37,8.83,0.1
32,46.0,0.1,90.0,108.0,11.54,0.1
33,56.0,0.11,89.0,84.52,11.15,0.1
34,74.0,0.12,88.0,36.48,4.45,0.12
35,34.0,0.13,87.0,121.67,9.89,0.11
36,76.0,0.11,89.0,44.72,3.88,0.1
37,34.0,0.12,88.0,121.52,8.89,0.1
38,58.0,0.13,87.0,64.85,8.66,0.1
39,50.0,0.16,84.0,60.76,2.41,0.1
40,66.0,0.13,87.0,41.11,8.27,0.1
41,4.0,0.17,83.0,130.57,3.22,1.2
42,58.0,0.08,92.0,89.94,2.55,0.1
43,68.0,0.13,87.0,42.98,9.98,0.1
44,64.0,0.09,91.0,85.89,10.21,0.1
45,44.0,0.1,90.0,84.5,11.64,0.1
46,76.0,0.09,91.0,46.37,4.58,0.1
47,58.0,0.07,93.0,81.03,4.7,0.1
48,74.0,0.08,92.0,64.95,7.45,0.1
49,44.0,0.15,85.0,106.14,6.02,0.1
50,62.0,0.04,96.0,76.27,3.04,0.1
51,36.0,0.11,89.0,84.94,8.06,0.1
52,70.0,0.07,93.0,46.97,2.54,0.1
53,30.0,0.09,91.0,126.49,4.7,0.1
54,64.0,0.08,92.0,63.29,4.35,0.1
55,66.0,0.06,94.0,79.52,11.74,0.1
56,54.0,0.09,91.0,97.45,11.08,0.1
57,82.0,0.06,94.0,44.92,4.25,0.1
58,82.0,0.07,93.0,37.62,6.39,0.1
59,64.0,0.09,91.0,69.11,11.25,0.1
60,74.0,0.08,92.0,32.94,8.93,0.09
61,80.0,0.04,96.0,58.16,9.82,0.1
62,62.0,0.06,94.0,77.6,7.78,1.18
63,64.0,0.06,94.0,61.54,1.86,0.1
64,72.0,0.05,95.0,65.46,6.61,0.1
65,76.0,0.01,99.0,52.4,2.14,0.1
66,70.0,0.09,91.0,56.43,3.22,0.1
67,78.0,0.05,95.0,50.08,14.87,0.1
68,74.0,0.09,91.0,46.71,11.99,0.1
69,48.0,0.09,91.0,87.56,8.58,0.1
70,68.0,0.04,96.0,64.01,8.57,0.1
71,72.0,0.05,95.0,57.83,8.08,0.1
72,74.0,0.06,94.0,49.99,8.24,0.1
73,58.0,0.08,92.0,65.11,9.72,0.09
74,80.0,0.04,96.0,62.91,2.34,0.1
75,70.0,0.07,93.0,85.7,7.11,0.1
76,70.0,0.05,95.0,70.98,10.57,0.1
77,42.0,0.14,86.0,92.93,4.31,0.09
78,82.0,0.03,97.0,32.66,9.88,0.09
79,60.0,0.09,91.0,87.41,4.62,0.1
80,52.0,0.09,91.0,92.01,9.39,0.1
81,60.0,0.07,93.0,73.51,8.42,0.1
82,72.0,0.08,92.0,50.34,8.47,1.19
83,80.0,0.04,96.0,54.78,7.86,0.1
84,88.0,0.04,96.0,41.15,8.21,0.1
85,68.0,0.05,95.0,82.09,11.28,0.1
86,78.0,0.06,94.0,44.57,7.65,0.1
87,66.0,0.05,95.0,75.69,7.6,0.1
88,72.0,0.05,95.0,65.31,10.57,0.1
89,58.0,0.08,92.0,73.42,4.16,0.1
90,70.0,0.07,93.0,73.53,8.27,0.1
91,68.0,0.06,94.0,72.37,8.16,0.11
92,88.0,0.03,97.0,38.99,10.39,0.1
93,56.0,0.06,94.0,74.81,8.13,0.1
94,62.0,0.11,89.0,58.92,6.49,0.1
95,74.0,0.02,98.0,64.3,5.84,0.1
96,56.0,0.06,94.0,84.62,4.19,0.1
97,84.0,0.04,96.0,47.09,6.06,0.1
98,84.0,0.06,94.0,32.98,3.81,0.1
99,66.0,0.03,97.0,74.87,6.73,0.1
100,74.0,0.05,95.0,61.44,3.45,0.11
101,86.0,0.06,94.0,43.35,11.53,0.1
102,72.0,0.07,93.0,55.83,10.87,0.1
103,82.0,0.05,95.0,49.43,1.43,1.18
104,70.0,0.07,93.0,58.22,11.78,0.09
105,92.0,0.0,100.0,42.36,5.75,0.1
106,88.0,0.02,98.0,42.11,5.9,0.1
107,80.0,0.07,93.0,70.9,7.69,0.1
108,96.0,0.0,100.0,50.14,12.76,0.1
109,78.0,0.02,98.0,70.54,6.91,0.11
110,42.0,0.08,92.0,106.53,12.43,0.1
111,78.0,0.03,97.0,49.94,13.19,0.1
112,80.0,0.03,97.0,56.23,3.58,0.1
113,88.0,0.05,95.0,25.65,4.15,0.1
114,76.0,0.03,97.0,56.04,8.63,0.1
115,84.0,0.0,100.0,62.44,3.11,0.1
116,88.0,0.02,98.0,45.2,8.54,0.1
117,84.0,0.04,96.0,54.64,9.47,0.1
118,76.0,0.01,99.0,76.15,4.89,0.1
119,76.0,0.04,96.0,69.9,7.54,0.1
120,68.0,0.05,95.0,55.31,6.7,0.1
121,84.0,0.02,98.0,64.44,4.29,0.1
122,84.0,0.03,97.0,44.29,8.8,0.1
123,68.0,0.08,92.0,51.05,8.04,1.19
124,88.0,0.04,96.0,35.39,5.54,0.1
125,74.0,0.02,98.0,56.11,8.76,0.1
126,80.0,0.04,96.0,48.91,7.21,0.1
127,84.0,0.06,94.0,37.25,7.13,0.1
128,82.0,0.04,96.0,44.96,9.42,0.11
129,68.0,0.05,95.0,69.34,4.31,0.1
130,92.0,0.01,99.0,45.07,2.57,0.1
131,86.0,0.01,99.0,64.66,8.58,0.1
132,80.0,0.02,98.0,41.67,8.2,0.1
133,74.0,0.02,98.0,73.29,8.95,0.1
134,80.0,0.02,98.0,46.28,9.12,0.11
135,78.0,0.05,95.0,44.93,5.8,0.1
136,84.0,0.03,97.0,37.38,9.44,0.09
137,72.0,0.05,95.0,48.8,7.35,0.1
138,72.0,0.01,99.0,57.68,6.01,0.1
139,78.0,0.04,96.0,40.03,10.31,0.1
140,98.0,0.01,99.0,25.15,7.5,0.1
141,88.0,0.05,95.0,44.31,11.54,0.1
142,86.0,0.04,96.0,46.13,9.98,0.1
143,90.0,0.03,97.0,33.09,3.61,0.1
144,88.0,0.01,99.0,45.41,8.57,1.18
145,76.0,0.01,99.0,45.08,5.62,0.1
146,84.0,0.02,98.0,48.04,5.63,0.11
147,82.0,0.02,98.0,62.97,5.08,0.09
148,64.0,0.03,97.0,91.12,8.85,0.1
149,80.0,0.02,98.0,61.16,2.98,0.1
150,62.0,0.07,93.0,66.75,11.1,0.1
151,80.0,0.02,98.0,70.83,8.45,0.1
152,86.0,0.0,100.0,43.53,9.42,0.1
153,72.0,0.02,98.0,68.54,9.3,0.1
154,78.0,0.03,97.0,57.25,1.26,0.1
155,98.0,0.0,100.0,28.49,3.62,0.1
156,70.0,0.03,97.0,69.0,7.21,0.1
157,86.0,0.01,99.0,51.6,7.23,0.09
158,56.0,0.03,97.0,74.0,10.42,0.1
159,78.0,0.09,91.0,29.16,11.25,0.09
160,64.0,0.04,96.0,67.21,9.47,0.1
161,94.0,0.0,100.0,28.17,7.09,0.1
162,80.0,0.02,98.0,56.27,11.73,0.1
163,52.0,0.06,94.0,75.45,4.46,0.1
164,80.0,0.0,100.0,58.77,5.5,1.18
165,64.0,0.01,99.0,87.21,5.52,0.1
166,64.0,0.02,98.0,81.16,2.88,0.1
167,92.0,0.02,98.0,22.91,9.2,0.1
168,88.0,0.01,99.0,39.5,7.9,0.1
169,88.0,0.01,99.0,30.68,6.91,0.1
170,66.0,0.02,98.0,83.14,10.94,0.1
171,78.0,0.02,98.0,64.12,2.72,0.1
172,78.0,0.0,100.0,62.32,6.77,0.1
173,88.0,0.02,98.0,52.86,4.82,0.1
174,92.0,0.03,97.0,34.97,13.1,0.1
175,60.0,0.02,98.0,106.65,8.76,0.09
176,92.0,0.0,100.0,54.55,12.08,0.1
177,92.0,0.0,100.0,42.21,5.62,0.1
178,78.0,0.02,98.0,57.94,9.97,0.1
179,76.0,0.02,98.0,65.89,4.44,0.1
180,88.0,0.04,96.0,48.11,7.72,0.1
181,88.0,0.0,100.0,45.49,4.86,0.1
182,84.0,0.01,99.0,45.54,4.12,0.1
183,84.0,0.0,100.0,58.55,5.26,0.09
184,60.0,0.05,95.0,73.12,4.0,0.1
185,70.0,0.03,97.0,57.87,8.06,1.2
186,98.0,0.0,100.0,42.61,7.37,0.1
187,82.0,0.01,99.0,65.8,10.44,0.1
188,90.0,0.0,100.0,51.24,2.87,0.09
189,84.0,0.02,98.0,54.38,8.7,0.1
190,82.0,0.03,97.0,44.64,2.4,0.1
191,82.0,0.01,99.0,50.58,7.06,0.1
192,76.0,0.02,98.0,56.04,3.42,0.1
193,80.0,0.01,99.0,56.85,4.47,0.1
194,94.0,0.02,98.0,31.05,8.89,0.1
195,90.0,0.01,99.0,38.32,8.16,0.09
196,84.0,0.02,98.0,40.44,11.92,0.1
197,78.0,0.02,98.0,62.35,5.83,0.1
198,90.0,0.01,99.0,42.25,4.65,0.1
199,80.0,0.01,99.0,59.06,9.2,0.1
200,96.0,0.0,100.0,21.55,10.02,0.09
201,84.0,0.01,99.0,43.26,5.49,0.1
202,76.0,0.03,97.0,58.42,6.21,0.1
203,78.0,0.02,98.0,49.98,6.81,0.13
204,80.0,0.0,100.0,68.88,7.04,0.12
205,78.0,0.01,99.0,63.52,3.51,1.24
206,80.0,0.03,97.0,66.0,8.13,0.1
207,84.0,0.01,99.0,64.48,7.6,0.11
208,84.0,0.01,99.0,60.71,1.55,0.1
209,82.0,0.02,98.0,54.22,5.89,0.1
210,68.0,0.02,98.0,68.46,3.07,0.1
211,80.0,0.01,99.0,75.24,3.61,0.1
212,84.0,0.0,100.0,30.75,8.7,0.1
213,92.0,0.0,100.0,44.13,4.98,0.1
214,90.0,0.0,100.0,56.54,8.54,0.1
215,88.0,0.0,100.0,47.65,5.73,0.1
216,88.0,0.01,99.0,32.42,6.55,0.1
217,82.0,0.01,99.0,42.56,8.52,0.1
218,96.0,0.0,100.0,14.72,1.92,0.1
219,86.0,0.01,99.0,42.1,7.44,0.1
220,52.0,0.05,95.0,87.55,7.83,0.1
221,92.0,0.04,96.0,23.44,5.78,0.1
222,80.0,0.03,97.0,66.73,8.38,0.1
223,90.0,0.02,98.0,32.35,3.13,0.1
224,72.0,0.03,97.0,43.12,8.61,0.1
225,80.0,0.02,98.0,62.97,8.77,0.1
226,80.0,0.01,99.0,59.85,2.86,1.18
227,96.0,0.0,100.0,46.65,5.29,0.1
228,76.0,0.01,99.0,54.64,5.26,0.1
229,68.0,0.02,98.0,71.14,14.78,0.1
230,86.0,0.0,100.0,40.47,6.24,0.1
231,78.0,0.02,98.0,80.0,2.57,0.1
232,92.0,0.0,100.0,50.29,9.0,0.1
233,82.0,0.03,97.0,55.74,6.46,0.1
234,82.0,0.01,99.0,49.47,5.85,0.1
235,88.0,0.01,99.0,46.76,5.68,0.1
236,90.0,0.03,97.0,35.47,7.68,0.1
237,68.0,0.03,97.0,72.45,12.25,0.09
238,92.0,0.0,100.0,63.66,13.96,0.1
239,88.0,0.01,99.0,44.56,7.49,0.1
240,80.0,0.0,100.0,68.96,4.67,0.1
241,92.0,0.0,100.0,25.4,11.56,0.1
242,94.0,0.0,100.0,36.06,7.73,0.1
243,86.0,0.01,99.0,30.32,4.18,0.1
244,78.0,0.01,99.0,62.64,3.41,0.1
245,88.0,0.01,99.0,39.72,8.47,0.1
246,82.0,0.0,100.0,60.15,2.8,1.2
247,82.0,0.02,98.0,38.1,6.12,0.1
248,74.0,0.01,99.0,76.52,3.18,0.1
249,78.0,0.01,99.0,73.33,12.41,0.1
250,82.0,0.01,99.0,51.46,5.64,0.1
251,78.0,0.0,100.0,68.58,7.07,0.1
252,96.0,0.01,99.0,48.06,4.7,0.09
253,86.0,0.0,100.0,57.73,7.4,0.1
254,84.0,0.02,98.0,51.83,5.41,0.1
255,84.0,0.0,100.0,53.44,4.27,0.1
256,78.0,0.01,99.0,41.92,10.43,0.1
257,86.0,0.01,99.0,42.79,3.74,0.1
258,88.0,0.0,100.0,43.29,7.94,0.1
259,66.0,0.03,97.0,68.7,8.23,0.1
260,92.0,0.0,100.0,37.96,5.28,0.1
261,88.0,0.01,99.0,61.25,5.57,0.1
262,90.0,0.01,99.0,51.08,9.69,0.1
263,86.0,0.0,100.0,43.62,12.03,0.1
264,90.0,0.02,98.0,36.4,2.63,0.1
265,84.0,0.01,99.0,45.73,7.32,0.09
266,84.0,0.02,98.0,52.11,6.61,0.09
267,84.0,0.0,100.0,49.1,7.43,1.19
268,78.0,0.01,99.0,64.09,11.23,0.1
269,88.0,0.0,100.0,51.61,9.47,0.1
270,82.0,0.01,99.0,45.0,9.72,0.1
271,82.0,0.01,99.0,68.57,6.26,0.1
272,78.0,0.01,99.0,58.48,7.43,0.1
273,92.0,0.0,100.0,44.7,9.91,0.1
274,100.0,0.0,100.0,18.09,3.01,0.1
275,74.0,0.01,99.0,58.29,7.04,0.1
276,90.0,0.0,100.0,42.44,14.5,0.1
277,88.0,0.02,98.0,36.48,7.29,0.1
278,86.0,0.0,100.0,61.97,7.84,0.1
279,88.0,0.0,100.0,40.31,4.28,0.1
280,92.0,0.01,99.0,24.58,6.95,0.1
281,90.0,0.0,100.0,36.48,10.08,0.1
282,88.0,0.01,99.0,43.86,6.51,0.1
283,74.0,0.03,97.0,53.21,9.24,0.1
284,72.0,0.01,99.0,86.44,7.34,0.1
285,84.0,0.01,99.0,66.48,3.4,0.1
286,86.0,0.0,100.0,53.9,3.51,0.1
287,74.0,0.0,100.0,62.65,9.44,1.21
288,72.0,0.0,100.0,62.95,3.02,0.1
289,88.0,0.01,99.0,45.89,8.83,0.1
290,78.0,0.0,100.0,59.13,5.41,0.1
291,96.0,0.0,100.0,32.72,11.04,0.1
292,78.0,0.01,99.0,55.26,8.73,0.1
293,88.0,0.0,100.0,46.63,4.15,0.1
294,92.0,0.01,99.0,36.89,4.62,0.1
295,98.0,0.0,100.0,24.07,1.56,0.1
296,84.0,0.01,99.0,43.85,8.52,0.1
297,58.0,0.01,99.0,91.21,10.18,0.1
298,94.0,0.01,99.0,45.34,6.1,0.09
299,84.0,0.0,100.0,46.59,8.1,0.09
300,90.0,0.01,99.0,38.01,7.54,0.1
301,72.0,0.01,99.0,79.33,10.85,0.09
302,98.0,0.0,100.0,39.03,4.96,0.1
303,80.0,0.01,99.0,46.39,4.64,0.1
304,96.0,0.0,100.0,32.38,11.6,0.1
305,90.0,0.0,100.0,61.81,11.34,0.1
306,70.0,0.0,100.0,76.34,8.6,0.1
307,86.0,0.0,100.0,60.06,3.28,0.1
308,100.0,0.0,100.0,19.81,7.32,1.2
309,82.0,0.0,100.0,54.26,4.43,0.1
310,82.0,0.0,100.0,47.03,4.33,0.1
311,86.0,0.01,99.0,39.65,9.9,0.1
312,64.0,0.0,100.0,98.32,3.17,0.1
313,84.0,0.0,100.0,44.74,5.76,0.1
314,94.0,0.0,100.0,34.24,7.86,0.1
315,94.0,0.03,97.0,34.33,11.28,0.09
316,54.0,0.0,100.0,102.67,9.08,0.1
317,78.0,0.0,100.0,68.6,9.79,0.1
318,90.0,0.0,100.0,52.45,4.39,0.1
319,96.0,0.0,100.0,32.21,5.58,0.1
320,90.0,0.01,99.0,39.48,1.6,0.1
321,74.0,0.02,98.0,90.58,2.17,0.1
322,88.0,0.01,99.0,42.22,2.47,0.1
323,82.0,0.01,99.0,40.55,3.53,0.1
324,82.0,0.02,98.0,54.38,4.61,0.1
325,80.0,0.01,99.0,56.48,9.16,0.1
326,80.0,0.0,100.0,64.6,3.45,0.1
327,90.0,0.02,98.0,27.98,10.61,0.09
328,94.0,0.0,100.0,48.75,8.19,1.24
329,78.0,0.02,98.0,60.1,3.71,0.09
330,94.0,0.0,100.0,36.4,5.75,0.11
331,86.0,0.0,100.0,36.09,5.0,0.1
332,80.0,0.01,99.0,66.79,8.85,0.1
333,54.0,0.0,100.0,114.73,8.38,0.1
334,72.0,0.03,97.0,55.36,3.94,0.09
335,92.0,0.0,100.0,56.88,10.12,0.1
336,84.0,0.0,100.0,60.59,9.76,0.1
337,76.0,0.0,100.0,52.79,4.92,0.11
338,94.0,0.01,99.0,27.77,6.58,0.1
339,96.0,0.0,100.0,37.95,2.8,0.1
340,88.0,0.0,100.0,59.22,10.96,0.1
341,80.0,0.02,98.0,45.6,4.59,0.1
342,80.0,0.02,98.0,57.68,5.27,0.09
343,86.0,0.01,99.0,41.82,6.46,0.1
344,88.0,0.0,100.0,39.73,6.5,0.1
345,90.0,0.01,99.0,37.36,4.82,0.1
346,80.0,0.0,100.0,66.7,10.37,0.1
347,96.0,0.01,99.0,26.39,9.05,0.1
348,82.0,0.0,100.0,47.65,4.92,0.1
349,84.0,0.0,100.0,47.1,5.18,1.24
350,82.0,0.02,98.0,46.11,10.58,0.1
351,64.0,0.01,99.0,66.96,9.37,0.1
352,80.0,0.01,99.0,53.84,1.54,0.1
353,78.0,0.01,99.0,66.38,3.91,0.1
354,90.0,0.0,100.0,38.3,4.61,0.1
355,86.0,0.0,100.0,46.51,5.36,0.1
356,94.0,0.0,100.0,42.96,6.38,0.1
357,96.0,0.0,100.0,39.49,5.9,0.1
358,86.0,0.0,100.0,51.72,8.88,0.1
359,92.0,0.0,100.0,34.68,7.83,0.1
360,76.0,0.0,100.0,70.56,8.82,0.09
361,90.0,0.0,100.0,37.86,2.0,0.1
362,98.0,0.0,100.0,37.15,5.84,0.1
363,96.0,0.01,99.0,30.32,6.38,0.1
364,94.0,0.02,98.0,27.14,5.12,0.1
365,94.0,0.0,100.0,33.66,3.39,0.1
366,74.0,0.01,99.0,60.53,4.18,0.1
367,92.0,0.01,99.0,36.38,7.52,0.1
368,82.0,0.01,99.0,52.55,7.66,0.1
369,68.0,0.0,100.0,85.61,8.26,1.19
370,100.0,0.0,100.0,45.42,6.0,0.09
371,80.0,0.01,99.0,45.38,5.82,0.09
372,92.0,0.01,99.0,39.14,8.45,0.1
373,86.0,0.0,100.0,42.8,3.84,0.1
374,92.0,0.01,99.0,38.12,5.43,0.1
375,92.0,0.02,98.0,33.37,4.64,0.1
376,88.0,0.0,100.0,54.48,3.64,0.1
377,82.0,0.01,99.0,50.9,9.3,0.09
378,82.0,0.0,100.0,45.39,5.9,0.1
379,74.0,0.01,99.0,52.25,7.72,0.1
380,60.0,0.02,98.0,103.69,3.46,0.1
381,78.0,0.01,99.0,50.9,7.72,0.1
382,92.0,0.0,100.0,33.05,10.63,0.1
383,82.0,0.01,99.0,60.14,3.61,0.1
384,70.0,0.01,99.0,57.53,4.67,0.1
385,90.0,0.01,99.0,38.18,3.32,0.1
386,86.0,0.0,100.0,41.7,7.6,0.1
387,68.0,0.01,99.0,73.84,12.36,0.1
388,70.0,0.01,99.0,60.12,6.68,0.1
389,86.0,0.0,100.0,70.37,3.69,0.1
390,90.0,0.0,100.0,30.7,8.41,1.27
391,86.0,0.0,100.0,47.73,9.26,0.11
392,88.0,0.0,100.0,36.62,2.74,0.1
393,92.0,0.0,100.0,28.8,2.08,0.1
394,68.0,0.01,99.0,74.36,7.51,0.1
395,82.0,0.0,100.0,49.12,6.55,0.1
396,84.0,0.03,97.0,48.37,7.15,0.1
397,80.0,0.0,100.0,61.19,8.89,0.1
398,92.0,0.0,100.0,26.83,2.4,0.1
399,80.0,0.0,100.0,71.04,2.0,0.1
400,98.0,0.0,100.0,28.19,8.95,0.1
401,98.0,0.0,100.0,41.07,3.2,0.1
402,86.0,0.01,99.0,44.18,7.75,0.1
403,90.0,0.02,98.0,44.1,3.42,0.1
404,92.0,0.01,99.0,31.19,11.39,0.1
405,96.0,0.0,100.0,21.72,3.67,0.1
406,88.0,0.0,100.0,45.07,7.58,0.1
407,78.0,0.0,100.0,68.29,2.52,0.1
408,92.0,0.0,100.0,39.83,2.62,0.1
409,80.0,0.01,99.0,54.2,2.83,0.11
410,72.0,0.01,99.0,57.96,2.86,1.2
411,86.0,0.0,100.0,46.56,2.61,0.1
412,84.0,0.0,100.0,51.68,1.94,0.1
413,82.0,0.0,100.0,74.73,3.12,0.1
414,78.0,0.0,100.0,78.22,4.36,0.1
415,90.0,0.0,100.0,57.45,3.54,0.1
416,74.0,0.01,99.0,87.32,5.01,0.1
417,80.0,0.0,100.0,59.3,9.23,0.1
418,86.0,0.02,98.0,47.71,6.5,0.1
419,80.0,0.0,100.0,73.31,2.38,0.1
420,88.0,0.0,100.0,54.52,8.86,0.1
421,86.0,0.0,100.0,35.67,9.38,0.1
422,92.0,0.01,99.0,44.24,7.28,0.1
423,90.0,0.0,100.0,54.09,14.96,0.09
424,88.0,0.0,100.0,47.01,10.56,0.1
425,94.0,0.01,99.0,32.21,8.22,0.09
426,94.0,0.0,100.0,56.71,2.5,0.09
427,94.0,0.01,99.0,29.23,13.09,0.09
428,88.0,0.0,100.0,59.2,6.27,0.1
429,94.0,0.01,99.0,29.93,5.14,0.1
430,84.0,0.01,99.0,45.91,12.0,0.1
431,84.0,0.01,99.0,71.58,5.27,1.23
432,98.0,0.0,100.0,28.47,2.84,0.1
433,96.0,0.01,99.0,36.21,7.31,0.1
434,86.0,0.0,100.0,44.34,5.56,0.1
435,74.0,0.0,100.0,79.07,5.89,0.1
436,84.0,0.01,99.0,52.29,5.69,0.1
437,84.0,0.02,98.0,48.26,7.07,0.1
438,96.0,0.0,100.0,28.08,6.76,0.1
439,86.0,0.01,99.0,53.99,5.86,0.1
440,68.0,0.0,100.0,79.36,6.11,0.1
441,90.0,0.0,100.0,49.63,6.57,0.1
442,96.0,0.0,100.0,54.96,5.04,0.1
443,84.0,0.03,97.0,47.87,7.14,0.1
444,86.0,0.0,100.0,39.97,6.37,0.1
445,80.0,0.0,100.0,48.82,3.4,0.1
446,82.0,0.03,97.0,57.56,8.66,0.09
447,90.0,0.0,100.0,51.11,7.36,0.1
448,92.0,0.01,99.0,39.13,7.23,0.09
449,90.0,0.0,100.0,49.15,3.33,0.1
450,74.0,0.02,98.0,66.4,6.36,0.09
451,80.0,0.0,100.0,76.68,4.85,1.2
452,64.0,0.0,100.0,76.21,9.3,0.1
453,90.0,0.0,100.0,61.59,3.83,0.1
454,86.0,0.0,100.0,56.81,4.5,0.1
455,78.0,0.0,100.0,59.16,3.78,0.1
456,90.0,0.0,100.0,41.33,2.32,0.1
457,98.0,0.0,100.0,24.24,5.32,0.1
458,82.0,0.01,99.0,54.38,3.73,0.1
459,80.0,0.0,100.0,55.72,3.28,0.1
460,82.0,0.0,100.0,62.59,2.34,0.09
461,80.0,0.0,100.0,66.05,4.26,0.1
462,90.0,0.0,100.0,45.4,3.23,0.1
463,78.0,0.0,100.0,59.63,11.94,0.1
464,72.0,0.0,100.0,68.42,2.75,0.1
465,84.0,0.01,99.0,52.29,11.35,0.1
466,76.0,0.0,100.0,67.4,5.72,0.1
467,86.0,0.0,100.0,44.63,4.93,0.1
468,84.0,0.0,100.0,63.79,8.41,0.1
469,84.0,0.0,100.0,48.15,2.67,0.1
470,90.0,0.01,99.0,38.04,3.86,0.1
471,68.0,0.0,100.0,82.38,4.26,0.1
472,100.0,0.0,100.0,13.83,8.86,1.21
473,82.0,0.0,100.0,50.16,5.77,0.1
474,96.0,0.02,98.0,23.46,2.94,0.1
475,80.0,0.0,100.0,78.77,7.72,0.09
476,96.0,0.01,99.0,22.16,3.87,0.1
477,82.0,0.0,100.0,45.54,2.5,0.1
478,86.0,0.01,99.0,58.06,6.02,0.09
479,82.0,0.0,100.0,57.74,5.6,0.1
480,76.0,0.0,100.0,40.0,3.42,0.1
481,74.0,0.0,100.0,59.55,5.52,0.09
482,88.0,0.01,99.0,39.43,7.28,0.1
483,92.0,0.0,100.0,46.49,5.93,0.1
484,78.0,0.0,100.0,58.12,3.01,0.1
485,90.0,0.0,100.0,31.62,6.14,0.1
486,96.0,0.0,100.0,33.37,4.53,0.1
487,94.0,0.0,100.0,36.62,6.23,0.1
488,80.0,0.0,100.0,53.17,2.24,0.1
489,90.0,0.01,99.0,33.24,6.04,0.1
490,96.0,0.0,100.0,24.47,6.44,0.1
491,82.0,0.0,100.0,54.27,6.65,0.1
492,88.0,0.01,99.0,54.01,5.03,1.2
493,90.0,0.01,99.0,39.1,12.61,0.09
494,80.0,0.0,100.0,57.2,2.02,0.1
495,78.0,0.01,99.0,53.85,10.22,0.1
496,64.0,0.0,100.0,73.04,7.32,0.1
497,92.0,0.0,100.0,43.39,4.54,0.1
498,98.0,0.0,100.0,39.14,7.46,0.1
499,88.0,0.0,100.0,50.33,11.52,0.09
500,80.0,0.02,98.0,67.29,8.63,0.09
501,86.0,0.01,99.0,37.76,2.78,0.09
502,94.0,0.0,100.0,29.61,11.77,0.1
503,94.0,0.0,100.0,44.29,10.94,0.1
504,88.0,0.0,100.0,41.88,4.6,0.1
505,88.0,0.0,100.0,49.92,4.22,0.1
506,68.0,0.02,98.0,67.1,11.41,0.1
507,76.0,0.0,100.0,69.29,10.25,0.1
508,96.0,0.0,100.0,28.63,4.97,0.09
509,92.0,0.01,99.0,27.53,12.56,0.09
510,94.0,0.0,100.0,47.77,9.71,0.1
511,78.0,0.02,98.0,49.4,3.64,0.09
512,82.0,0.0,100.0,44.91,11.61,0.1
513,92.0,0.01,99.0,29.78,13.31,0.09
514,68.0,0.06,94.0,52.25,1.0,0.11
515,90.0,0.0,100.0,37.18,15.28,0.09
516,80.0,0.0,100.0,55.89,9.39,0.1
517,92.0,0.0,100.0,48.77,10.65,0.1
518,92.0,0.0,100.0,38.0,6.47,0.1
519,94.0,0.0,100.0,36.73,8.48,0.1
520,90.0,0.0,100.0,47.02,10.49,0.1
521,86.0,0.0,100.0,69.56,6.73,0.1
522,94.0,0.0,100.0,23.89,8.05,0.1
523,86.0,0.0,100.0,44.41,4.41,0.1
524,82.0,0.0,100.0,58.66,8.06,0.1
525,96.0,0.0,100.0,33.93,8.14,0.1
526,76.0,0.0,100.0,74.53,9.28,0.1
527,84.0,0.0,100.0,72.21,5.93,0.1
528,86.0,0.0,100.0,52.33,11.43,0.1
529,84.0,0.0,100.0,59.4,3.92,0.1
530,78.0,0.0,100.0,57.67,4.0,0.1
531,94.0,0.0,100.0,53.53,7.84,0.1
532,92.0,0.0,100.0,39.56,7.97,0.1
533,80.0,0.0,100.0,57.38,8.62,1.19
534,72.0,0.0,100.0,62.3,10.85,0.09
535,80.0,0.0,100.0,61.41,5.23,0.09
536,88.0,0.01,99.0,40.89,1.71,0.1
537,74.0,0.0,100.0,59.56,3.7,0.09
538,88.0,0.01,99.0,34.36,7.41,0.09
539,86.0,0.02,98.0,39.57,9.57,0.09
540,92.0,0.0,100.0,31.27,5.52,0.1
541,96.0,0.0,100.0,30.3,4.12,0.1
542,94.0,0.0,100.0,31.69,8.63,0.1
543,84.0,0.02,98.0,41.27,8.59,0.09
544,84.0,0.0,100.0,47.17,7.19,0.09
545,86.0,0.0,100.0,41.56,1.64,0.1
546,94.0,0.0,100.0,37.0,3.53,0.1
547,86.0,0.0,100.0,45.58,7.19,0.1
548,72.0,0.0,100.0,70.4,5.31,0.1
549,100.0,0.0,100.0,18.77,12.62,0.1
550,86.0,0.0,100.0,54.66,4.59,0.1
551,86.0,0.0,100.0,67.09,3.35,0.1
552,86.0,0.0,100.0,54.94,4.22,0.1
553,82.0,0.0,100.0,47.9,11.3,1.19
554,94.0,0.0,100.0,34.36,7.44,0.09
555,90.0,0.0,100.0,40.98,5.76,0.1
556,98.0,0.0,100.0,37.13,10.09,0.1
557,84.0,0.0,100.0,67.74,6.86,0.1
558,70.0,0.0,100.0,77.29,5.15,0.1
559,78.0,0.0,100.0,63.73,7.21,0.1
560,86.0,0.0,100.0,36.83,12.4,0.1
561,88.0,0.0,100.0,70.91,2.95,0.1
562,82.0,0.0,100.0,61.28,13.36,0.1
563,88.0,0.01,99.0,49.86,8.45,0.1
564,90.0,0.0,100.0,39.61,11.24,0.1
565,92.0,0.0,100.0,42.2,3.31,0.1
566,96.0,0.0,100.0,33.57,11.65,0.1
567,80.0,0.01,99.0,50.57,8.31,0.1
568,66.0,0.0,100.0,77.49,11.44,0.1
569,72.0,0.0,100.0,76.05,2.64,0.1
570,90.0,0.0,100.0,50.19,11.38,0.1
571,72.0,0.02,98.0,53.23,5.43,0.1
572,90.0,0.01,99.0,54.38,6.51,0.1
573,94.0,0.0,100.0,42.35,5.48,0.09
574,96.0,0.0,100.0,20.32,5.67,1.2
575,68.0,0.0,100.0,71.98,6.27,0.09
576,72.0,0.0,100.0,71.16,8.74,0.09
577,94.0,0.01,99.0,38.44,5.49,0.1
578,96.0,0.0,100.0,16.61,6.67,0.1
579,74.0,0.0,100.0,76.11,9.82,0.1
580,96.0,0.0,100.0,29.93,2.41,0.09
581,86.0,0.01,99.0,42.22,10.26,0.09
582,86.0,0.0,100.0,40.28,4.06,0.1
583,86.0,0.0,100.0,60.95,3.35,0.1
584,78.0,0.01,99.0,57.45,2.71,0.09
585,82.0,0.0,100.0,47.02,8.81,0.1
586,74.0,0.0,100.0,65.24,6.08,0.1
587,84.0,0.01,99.0,52.09,3.92,0.11
588,80.0,0.0,100.0,64.34,7.06,0.11
589,90.0,0.0,100.0,53.03,2.47,0.1
590,94.0,0.0,100.0,27.03,3.49,0.1
591,98.0,0.0,100.0,27.82,6.65,0.1
592,82.0,0.01,99.0,46.79,2.26,0.1
593,98.0,0.0,100.0,25.46,10.78,0.1
594,84.0,0.0,100.0,43.36,5.06,1.2
595,78.0,0.0,100.0,77.42,9.14,0.09
596,90.0,0.0,100.0,51.2,7.0,0.09
597,88.0,0.0,100.0,41.51,1.78,0.1
598,92.0,0.0,100.0,33.67,6.1,0.1
599,92.0,0.0,100.0,25.67,14.64,0.09
600,98.0,0.0,100.0,21.32,8.78,0.1
601,88.0,0.0,100.0,44.66,3.33,0.1
602,82.0,0.01,99.0,70.81,10.87,0.1
603,76.0,0.0,100.0,65.01,7.93,0.1
604,86.0,0.0,100.0,45.57,3.76,0.11
605,94.0,0.0,100.0,38.8,6.36,0.1
606,80.0,0.0,100.0,68.8,3.57,0.1
607,90.0,0.0,100.0,42.91,2.38,0.1
608,80.0,0.0,100.0,66.07,4.46,0.09
609,88.0,0.0,100.0,57.36,7.2,0.09
610,96.0,0.0,100.0,40.77,11.56,0.1
611,92.0,0.0,100.0,33.27,2.42,0.1
612,82.0,0.01,99.0,59.91,8.33,0.1
613,96.0,0.0,100.0,48.37,7.51,0.1
614,90.0,0.0,100.0,52.28,14.32,0.1
615,82.0,0.03,97.0,45.53,6.11,1.2
616,84.0,0.01,99.0,49.88,1.33,0.1
617,94.0,0.0,100.0,44.17,10.94,0.09
618,88.0,0.01,99.0,35.31,6.57,0.09
619,84.0,0.0,100.0,54.91,10.63,0.1
620,86.0,0.02,98.0,57.68,1.74,0.1
621,86.0,0.0,100.0,54.86,6.21,0.1
622,74.0,0.0,100.0,65.03,4.68,0.1
623,90.0,0.0,100.0,52.4,3.68,0.09
624,94.0,0.01,99.0,39.67,9.94,0.1
625,86.0,0.0,100.0,48.54,5.68,0.1
626,94.0,0.01,99.0,21.09,13.12,0.1
627,86.0,0.0,100.0,32.06,6.1,0.1
628,94.0,0.0,100.0,33.99,5.36,0.09
629,68.0,0.02,98.0,69.77,1.34,0.1
630,96.0,0.0,100.0,43.27,3.47,0.1
631,96.0,0.0,100.0,43.13,9.37,0.1
632,84.0,0.01,99.0,54.5,5.74,0.1
633,94.0,0.0,100.0,33.29,3.38,0.1
634,90.0,0.0,100.0,37.34,4.94,0.09
635,88.0,0.0,100.0,35.95,3.58,1.2
636,74.0,0.01,99.0,66.13,13.13,0.09
637,88.0,0.0,100.0,49.35,4.18,0.1
638,98.0,0.0,100.0,25.55,6.08,0.1
639,96.0,0.0,100.0,31.48,9.37,0.1
640,94.0,0.0,100.0,37.2,6.14,0.1
641,92.0,0.01,99.0,47.54,7.98,0.09
642,98.0,0.0,100.0,40.27,11.45,0.1
643,90.0,0.0,100.0,39.58,5.23,0.1
644,94.0,0.0,100.0,49.0,2.94,0.1
645,72.0,0.0,100.0,66.03,1.86,0.1
646,78.0,0.01,99.0,53.02,9.19,0.09
647,88.0,0.0,100.0,40.06,4.72,0.1
648,80.0,0.0,100.0,54.43,10.05,0.1
649,100.0,0.0,100.0,15.71,4.65,0.11
650,96.0,0.0,100.0,34.69,5.42,0.09
651,76.0,0.0,100.0,64.6,9.98,0.1
652,94.0,0.0,100.0,37.28,8.9,0.09
653,84.0,0.01,99.0,44.48,5.66,0.09
654,90.0,0.01,99.0,38.91,2.4,0.1
655,96.0,0.0,100.0,30.21,5.68,0.1
656,80.0,0.0,100.0,48.36,1.84,1.22
657,94.0,0.0,100.0,45.35,6.55,0.1
658,90.0,0.0,100.0,36.43,10.64,0.1
659,88.0,0.03,97.0,24.27,9.24,0.1
660,88.0,0.0,100.0,67.36,6.44,0.1
661,82.0,0.02,98.0,34.71,5.88,0.1
662,86.0,0.0,100.0,44.16,7.07,0.1
663,98.0,0.0,100.0,28.12,13.54,0.1
664,88.0,0.01,99.0,61.1,6.95,0.1
665,88.0,0.06,94.0,11.9,7.78,0.1
666,82.0,0.0,100.0,58.86,9.4,0.1
667,88.0,0.01,99.0,58.08,4.39,0.1
668,92.0,0.0,100.0,39.63,10.89,0.1
669,88.0,0.01,99.0,56.23,3.62,0.1
670,98.0,0.0,100.0,29.6,2.42,0.1
671,88.0,0.0,100.0,49.71,3.26,0.1
672,96.0,0.0,100.0,31.63,8.34,0.1
673,96.0,0.01,99.0,15.49,4.04,0.1
674,76.0,0.0,100.0,56.01,9.69,0.1
675,92.0,0.02,98.0,33.95,1.92,0.1
676,98.0,0.0,100.0,31.14,13.28,1.2
677,88.0,0.0,100.0,37.06,12.61,0.1
678,98.0,0.0,100.0,28.8,7.3,0.1
679,94.0,0.02,98.0,24.05,2.34,0.1
680,100.0,0.0,100.0,25.88,4.32,0.1
681,94.0,0.0,100.0,28.8,4.97,0.1
682,88.0,0.0,100.0,44.49,3.08,0.1
683,58.0,0.01,99.0,81.16,1.43,0.1
684,94.0,0.0,100.0,38.95,4.22,0.1
685,92.0,0.0,100.0,51.91,6.79,0.1
686,82.0,0.0,100.0,51.47,11.2,0.09
687,98.0,0.0,100.0,25.32,3.38,0.1
688,86.0,0.0,100.0,49.88,3.76,0.1
689,86.0,0.0,100.0,54.43,7.57,0.1
690,96.0,0.01,99.0,40.71,8.92,0.1
691,100.0,0.0,100.0,28.83,9.86,0.1
692,80.0,0.01,99.0,55.58,10.83,0.1
693,84.0,0.0,100.0,56.47,3.86,0.09
694,74.0,0.0,100.0,64.55,7.6,0.1
695,86.0,0.01,99.0,55.01,4.1,0.1
696,82.0,0.01,99.0,58.14,11.09,0.1
697,86.0,0.0,100.0,59.23,11.28,1.21
698,96.0,0.0,100.0,27.11,3.52,0.1
699,76.0,0.0,100.0,64.83,7.28,0.1
700,92.0,0.0,100.0,45.62,3.34,0.1
701,98.0,0.0,100.0,38.72,3.38,0.1
702,84.0,0.0,100.0,46.87,8.79,0.1
703,84.0,0.0,100.0,52.77,4.0,0.1
704,90.0,0.0,100.0,40.44,6.32,0.1
705,80.0,0.01,99.0,44.33,1.39,0.1
706,86.0,0.0,100.0,62.8,5.34,0.1
707,96.0,0.0,100.0,24.73,5.93,0.1
708,94.0,0.01,99.0,30.23,11.29,0.09
709,90.0,0.0,100.0,42.97,7.41,0.09
710,78.0,0.0,100.0,44.3,6.66,0.1
711,86.0,0.0,100.0,59.9,5.25,0.09
712,90.0,0.0,100.0,41.54,10.24,0.09
713,86.0,0.0,100.0,37.92,5.76,0.09
714,88.0,0.0,100.0,45.57,4.39,0.09
715,92.0,0.02,98.0,36.56,9.63,0.09
716,90.0,0.0,100.0,31.38,4.04,0.1
717,70.0,0.0,100.0,73.06,6.82,1.19
718,88.0,0.0,100.0,37.56,7.68,0.1
719,98.0,0.0,100.0,27.92,5.42,0.1
720,100.0,0.0,100.0,28.27,5.93,0.09
721,86.0,0.0,100.0,54.47,5.7,0.09
722,84.0,0.0,100.0,54.92,7.77,0.09
723,92.0,0.01,99.0,34.32,8.18,0.09
724,88.0,0.02,98.0,44.08,2.77,0.09
725,82.0,0.0,100.0,66.5,2.22,0.09
726,92.0,0.0,100.0,44.98,2.94,0.1
727,100.0,0.0,100.0,19.38,8.27,0.09
728,90.0,0.0,100.0,31.8,3.7,0.1
729,78.0,0.01,99.0,58.23,2.62,0.1
730,90.0,0.0,100.0,37.18,3.86,0.1
731,98.0,0.0,100.0,24.76,10.53,0.1
732,90.0,0.01,99.0,27.85,5.79,0.1
733,90.0,0.01,99.0,38.31,9.93,0.1
734,88.0,0.0,100.0,64.03,2.17,0.1
735,100.0,0.0,100.0,32.06,3.54,0.1
736,66.0,0.0,100.0,89.49,2.07,0.1
737,76.0,0.0,100.0,67.31,4.88,0.09
738,98.0,0.01,99.0,28.36,6.23,1.18
739,88.0,0.0,100.0,51.93,8.51,0.09
740,82.0,0.0,100.0,47.38,5.14,0.09
741,94.0,0.0,100.0,36.56,4.15,0.1
742,94.0,0.0,100.0,38.44,11.56,0.1
743,88.0,0.0,100.0,51.47,2.34,0.1
744,94.0,0.0,100.0,53.92,2.2,0.1
745,96.0,0.0,100.0,23.08,7.77,0.1
746,88.0,0.0,100.0,44.0,2.82,0.09
747,96.0,0.0,100.0,35.77,7.2,0.09
748,84.0,0.0,100.0,52.8,3.39,0.1
749,68.0,0.0,100.0,89.32,8.44,0.09
750,98.0,0.0,100.0,40.78,13.76,0.1
751,98.0,0.0,100.0,43.78,1.81,0.1
752,80.0,0.0,100.0,51.28,6.32,0.1
753,90.0,0.02,98.0,34.07,3.7,0.1
754,72.0,0.0,100.0,61.11,5.48,0.1
755,80.0,0.0,100.0,60.66,10.08,0.09
756,94.0,0.01,99.0,45.32,1.94,0.1
757,82.0,0.0,100.0,64.25,5.22,0.09
758,84.0,0.0,100.0,52.45,6.9,1.19
759,92.0,0.01,99.0,28.8,7.34,0.1
760,88.0,0.01,99.0,36.36,2.3,0.1
761,94.0,0.02,98.0,35.73,4.09,0.1
762,96.0,0.0,100.0,46.52,11.08,0.1
763,90.0,0.0,100.0,36.82,4.7,0.1
764,84.0,0.0,100.0,43.48,3.93,0.1
765,96.0,0.0,100.0,24.89,12.64,0.09
766,98.0,0.0,100.0,23.77,3.25,0.1
767,96.0,0.0,100.0,29.29,12.0,0.1
768,86.0,0.0,100.0,57.7,5.36,0.1
769,82.0,0.01,99.0,53.1,2.62,0.1
770,86.0,0.0,100.0,47.19,3.63,0.09
771,98.0,0.0,100.0,42.52,8.43,0.1
772,88.0,0.0,100.0,45.31,5.49,0.1
773,82.0,0.0,100.0,86.62,11.05,0.1
774,90.0,0.01,99.0,35.42,12.44,0.1
775,78.0,0.0,100.0,58.35,8.27,0.1
776,80.0,0.0,100.0,49.44,4.47,0.1
777,90.0,0.0,100.0,51.22,2.48,0.1
778,86.0,0.01,99.0,61.47,3.35,0.09
779,90.0,0.0,100.0,35.01,2.6,1.17
780,98.0,0.0,100.0,23.47,12.1,0.1
781,86.0,0.0,100.0,38.81,6.14,0.09
782,84.0,0.0,100.0,44.6,5.95,0.09
783,84.0,0.0,100.0,45.6,4.73,0.09
784,92.0,0.0,100.0,35.0,6.18,0.1
785,98.0,0.0,100.0,40.97,3.95,0.1
786,96.0,0.01,99.0,23.92,8.15,0.1
787,86.0,0.01,99.0,47.59,9.29,0.1
788,96.0,0.0,100.0,32.89,14.37,0.1
789,72.0,0.0,100.0,66.7,5.24,0.09
790,86.0,0.0,100.0,48.55,6.9,0.1
791,90.0,0.0,100.0,30.32,13.39,0.09
792,94.0,0.0,100.0,30.74,6.59,0.09
793,78.0,0.0,100.0,64.9,2.94,0.1
794,84.0,0.0,100.0,55.63,14.18,0.1
795,78.0,0.0,100.0,57.65,3.01,0.1
796,90.0,0.0,100.0,41.79,7.92,0.1
797,88.0,0.0,100.0,39.87,3.7,0.09
798,98.0,0.0,100.0,25.52,10.71,0.1
799,92.0,0.01,99.0,25.43,11.55,1.19
800,90.0,0.0,100.0,40.44,5.2,0.1
801,84.0,0.0,100.0,54.75,4.17,0.1
802,94.0,0.01,99.0,28.87,14.22,0.09
803,78.0,0.0,100.0,59.41,6.51,0.1
804,100.0,0.0,100.0,21.67,3.64,0.09
805,84.0,0.0,100.0,45.51,7.86,0.09
806,86.0,0.0,100.0,63.22,3.81,0.1
807,92.0,0.0,100.0,21.6,3.81,0.1
808,94.0,0.01,99.0,27.78,3.52,0.1
809,86.0,0.02,98.0,50.48,4.44,0.09
810,78.0,0.0,100.0,61.91,1.86,0.1
811,96.0,0.0,100.0,35.76,2.91,0.1
812,84.0,0.01,99.0,56.05,7.5,0.1
813,78.0,0.0,100.0,48.54,8.1,0.09
814,80.0,0.0,100.0,59.37,2.59,0.1
815,88.0,0.02,98.0,36.22,6.57,0.09
816,90.0,0.0,100.0,47.31,3.76,0.1
817,88.0,0.0,100.0,49.06,3.38,0.1
818,82.0,0.0,100.0,75.43,5.91,0.1
819,76.0,0.01,99.0,44.77,10.83,0.09
820,86.0,0.01,99.0,36.8,6.24,1.19
821,96.0,0.0,100.0,27.7,6.56,0.09
822,74.0,0.01,99.0,64.54,3.28,0.1
823,82.0,0.0,100.0,44.43,8.76,0.09
824,98.0,0.01,99.0,12.34,10.36,0.1
825,92.0,0.0,100.0,27.18,7.65,0.1
826,96.0,0.0,100.0,39.05,6.27,0.1
827,96.0,0.01,99.0,30.95,4.7,0.1
828,74.0,0.01,99.0,58.87,7.56,0.1
829,88.0,0.0,100.0,44.68,3.58,0.1
830,94.0,0.0,100.0,43.24,6.85,0.1
831,80.0,0.0,100.0,48.34,2.41,0.1
832,94.0,0.0,100.0,33.86,14.2,0.1
833,88.0,0.0,100.0,44.98,6.76,0.1
834,88.0,0.0,100.0,41.82,4.94,0.09
835,92.0,0.02,98.0,37.74,5.13,0.1
836,92.0,0.0,100.0,40.95,3.9,0.1
837,96.0,0.0,100.0,31.19,12.36,0.09
838,78.0,0.0,100.0,68.32,2.72,0.09
839,62.0,0.0,100.0,92.21,3.29,0.1
840,90.0,0.01,99.0,28.22,7.38,1.19
841,78.0,0.0,100.0,54.78,8.39,0.1
842,82.0,0.0,100.0,48.22,4.32,0.1
843,100.0,0.0,100.0,20.56,4.28,0.1
844,66.0,0.01,99.0,89.69,1.76,0.11
845,68.0,0.01,99.0,79.92,3.24,0.1
846,86.0,0.01,99.0,63.92,5.46,0.1
847,82.0,0.0,100.0,59.43,5.25,0.09
848,100.0,0.0,100.0,12.92,4.84,0.1
849,62.0,0.01,99.0,78.97,9.04,0.09
850,94.0,0.02,98.0,26.89,7.27,0.1
851,88.0,0.01,99.0,35.9,4.08,0.1
852,92.0,0.0,100.0,29.16,9.09,0.09
853,98.0,0.0,100.0,22.3,10.82,0.1
854,100.0,0.0,100.0,16.58,5.17,0.1
855,100.0,0.0,100.0,14.8,2.96,0.1
856,80.0,0.01,99.0,47.4,7.68,0.1
857,100.0,0.0,100.0,19.03,5.64,0.1
858,90.0,0.0,100.0,37.14,1.94,0.1
859,82.0,0.0,100.0,63.3,6.75,0.1
860,94.0,0.02,98.0,38.35,8.71,0.1
861,94.0,0.0,100.0,40.21,8.58,1.2
862,90.0,0.02,98.0,32.95,2.06,0.09
863,82.0,0.01,99.0,40.09,7.07,0.1
864,96.0,0.01,99.0,17.47,9.43,0.1
865,88.0,0.0,100.0,33.55,3.39,0.1
866,80.0,0.01,99.0,51.65,13.11,0.09
867,92.0,0.0,100.0,28.87,2.37,0.09
868,86.0,0.0,100.0,41.97,7.08,0.09
869,94.0,0.0,100.0,59.59,6.6,0.1
870,88.0,0.0,100.0,47.17,4.7,0.09
871,88.0,0.0,100.0,43.88,13.93,0.1
872,98.0,0.0,100.0,19.9,7.1,0.1
873,98.0,0.0,100.0,30.91,3.99,0.1
874,92.0,0.0,100.0,49.86,2.79,0.1
875,88.0,0.02,98.0,25.07,6.29,0.1
876,86.0,0.01,99.0,49.04,4.91,0.1
877,80.0,0.0,100.0,54.47,3.5,0.1
878,90.0,0.0,100.0,32.07,2.32,0.1
879,86.0,0.0,100.0,46.65,7.06,0.1
880,94.0,0.0,100.0,38.38,1.44,0.1
881,72.0,0.01,99.0,72.47,6.3,1.17
882,96.0,0.0,100.0,26.42,10.38,0.1
883,100.0,0.0,100.0,33.02,5.9,0.09
884,88.0,0.0,100.0,35.84,7.8,0.1
885,94.0,0.0,100.0,33.44,2.11,0.09
886,94.0,0.0,100.0,56.73,4.0,0.09
887,80.0,0.0,100.0,54.71,11.54,0.1
888,96.0,0.0,100.0,38.0,2.89,0.1
889,92.0,0.0,100.0,33.54,5.75,0.09
890,84.0,0.0,100.0,60.71,13.14,0.1
891,88.0,0.01,99.0,47.73,1.9,0.1
892,70.0,0.0,100.0,68.27,3.77,0.1
893,84.0,0.0,100.0,30.49,7.91,0.09
894,84.0,0.0,100.0,50.34,4.54,0.09
895,96.0,0.0,100.0,39.28,2.58,0.09
896,72.0,0.0,100.0,70.19,4.63,0.1
897,84.0,0.01,99.0,29.77,7.39,0.1
898,76.0,0.0,100.0,49.7,2.38,0.1
899,82.0,0.0,100.0,60.41,2.06,0.1
900,86.0,0.0,100.0,86.72,5.99,0.1
901,84.0,0.0,100.0,64.97,3.78,0.1
902,90.0,0.0,100.0,53.47,5.82,1.2
903,86.0,0.0,100.0,41.89,2.99,0.1
904,96.0,0.0,100.0,32.85,3.91,0.1
905,86.0,0.01,99.0,43.87,4.49,0.1
906,70.0,0.0,100.0,63.09,2.52,0.1
907,96.0,0.0,100.0,38.01,7.59,0.09
908,90.0,0.0,100.0,41.37,10.51,0.1
909,90.0,0.01,99.0,33.14,9.84,0.1
910,86.0,0.02,98.0,43.27,2.64,0.09
911,94.0,0.0,100.0,31.59,4.76,0.1
912,76.0,0.0,100.0,65.57,14.56,0.1
913,86.0,0.0,100.0,49.56,5.92,0.09
914,90.0,0.02,98.0,26.41,4.76,0.1
915,86.0,0.02,98.0,21.58,8.16,0.1
916,84.0,0.0,100.0,53.24,4.49,0.09
917,92.0,0.0,100.0,38.03,9.31,0.1
918,94.0,0.0,100.0,23.47,7.72,0.1
919,90.0,0.0,100.0,38.37,4.62,0.1
920,88.0,0.0,100.0,55.47,8.6,0.1
921,98.0,0.0,100.0,36.91,4.22,0.1
922,82.0,0.01,99.0,52.13,2.52,1.21
923,88.0,0.0,100.0,36.7,3.92,0.09
924,88.0,0.01,99.0,42.88,12.85,0.09
925,76.0,0.0,100.0,74.28,6.72,0.1
926,82.0,0.01,99.0,43.86,4.33,0.1
927,98.0,0.0,100.0,23.1,4.89,0.09
928,88.0,0.0,100.0,34.38,4.92,0.1
929,90.0,0.0,100.0,36.28,3.15,0.1
930,76.0,0.0,100.0,70.38,4.12,0.1
931,92.0,0.01,99.0,41.11,7.52,0.1
932,90.0,0.0,100.0,32.8,15.19,0.1
933,94.0,0.0,100.0,21.62,8.99,0.1
934,94.0,0.0,100.0,32.72,3.92,0.1
935,86.0,0.0,100.0,59.1,6.81,0.11
936,100.0,0.0,100.0,18.96,8.4,0.1
937,92.0,0.0,100.0,31.37,4.2,0.1
938,96.0,0.0,100.0,24.3,2.86,0.1
939,94.0,0.0,100.0,26.89,5.4,0.1
940,94.0,0.0,100.0,36.96,3.48,0.1
941,90.0,0.01,99.0,40.49,5.99,0.1
942,92.0,0.0,100.0,30.72,2.71,0.1
943,90.0,0.0,100.0,43.7,6.59,1.18
944,92.0,0.0,100.0,50.42,2.26,0.1
945,92.0,0.0,100.0,19.69,4.41,0.1
946,88.0,0.0,100.0,39.35,6.96,0.09
947,86.0,0.01,99.0,40.5,8.87,0.1
948,94.0,0.0,100.0,26.95,7.75,0.1
949,98.0,0.0,100.0,36.48,4.59,0.1
950,72.0,0.0,100.0,79.12,1.44,0.1
951,84.0,0.0,100.0,53.91,2.34,0.09
952,98.0,0.0,100.0,37.88,2.26,0.09
953,70.0,0.0,100.0,77.74,4.12,0.09
954,92.0,0.0,100.0,45.07,5.92,0.09
955,82.0,0.0,100.0,49.39,5.47,0.09
956,88.0,0.0,100.0,64.8,7.07,0.09
957,90.0,0.0,100.0,26.36,5.09,0.09
958,82.0,0.0,100.0,69.08,1.84,0.09
959,80.0,0.0,100.0,63.79,6.62,0.09
960,96.0,0.0,100.0,23.44,8.3,0.09
961,90.0,0.0,100.0,42.79,10.29,0.1
962,84.0,0.0,100.0,47.83,4.62,0.09
963,76.0,0.0,100.0,42.18,2.0,1.21
964,96.0,0.0,100.0,32.39,8.86,0.09
965,66.0,0.0,100.0,90.21,6.22,0.1
966,88.0,0.01,99.0,50.52,10.88,0.1
967,76.0,0.02,98.0,54.97,11.46,0.1
968,84.0,0.0,100.0,52.32,2.0,0.1
969,92.0,0.0,100.0,28.62,7.82,0.1
970,86.0,0.0,100.0,68.02,3.23,0.1
971,96.0,0.0,100.0,40.73,8.32,0.09
972,92.0,0.0,100.0,32.75,8.87,0.09
973,94.0,0.0,100.0,32.63,4.23,0.1
974,70.0,0.0,100.0,74.72,5.65,0.09
975,76.0,0.0,100.0,81.16,11.5,0.1
976,94.0,0.02,98.0,16.35,3.52,0.1
977,90.0,0.0,100.0,33.92,9.6,0.1
978,84.0,0.0,100.0,51.66,14.11,0.09
979,90.0,0.01,99.0,37.4,10.69,0.09
980,98.0,0.0,100.0,18.0,2.32,0.1
981,92.0,0.0,100.0,53.98,9.46,0.1
982,80.0,0.02,98.0,29.69,3.25,0.1
983,96.0,0.0,100.0,42.34,5.87,0.1
984,86.0,0.0,100.0,56.31,7.48,1.19
985,98.0,0.0,100.0,44.44,5.56,0.09
986,98.0,0.0,100.0,25.58,7.72,0.1
987,84.0,0.0,100.0,46.92,2.6,0.1
988,86.0,0.04,96.0,40.12,6.3,0.09
989,76.0,0.01,99.0,72.3,5.84,0.09
990,98.0,0.0,100.0,36.56,7.33,0.09
991,96.0,0.01,99.0,15.14,8.13,0.09
992,84.0,0.0,100.0,42.93,1.88,0.09
993,92.0,0.0,100.0,35.62,1.91,0.1
994,92.0,0.0,100.0,36.2,11.65,0.1
995,86.0,0.0,100.0,43.8,14.78,0.09
996,88.0,0.0,100.0,68.06,7.84,0.1
997,100.0,0.0,100.0,23.82,5.82,0.1
998,84.0,0.0,100.0,41.73,4.5,0.1
999,86.0,0.0,100.0,45.52,4.88,0.09
1000,88.0,0.0,100.0,45.04,5.79,0.09
1001,80.0,0.01,99.0,49.28,2.59,0.09
1002,94.0,0.0,100.0,41.27,6.51,0.1
1003,82.0,0.0,100.0,49.76,13.6,0.1
1004,72.0,0.0,100.0,72.29,4.77,1.2
1005,94.0,0.0,100.0,38.7,4.84,0.09
1006,96.0,0.0,100.0,38.39,2.58,0.09
1007,86.0,0.0,100.0,45.17,6.25,0.1
1008,90.0,0.01,99.0,42.42,6.48,0.1
1009,84.0,0.0,100.0,41.66,6.97,0.09
1010,92.0,0.04,96.0,36.14,2.3,0.1
1011,94.0,0.0,100.0,36.67,4.57,0.09
1012,100.0,0.0,100.0,30.57,7.39,0.1
1013,88.0,0.02,98.0,35.66,9.59,0.1
1014,96.0,0.0,100.0,19.58,14.34,0.1
1015,72.0,0.01,99.0,70.66,6.46,0.1
1016,92.0,0.01,99.0,29.58,5.22,0.1
1017,92.0,0.0,100.0,24.7,3.97,0.09
1018,88.0,0.0,100.0,51.85,9.9,0.1
1019,94.0,0.0,100.0,37.58,6.76,0.1
1020,80.0,0.0,100.0,31.87,8.04,0.09
1021,94.0,0.01,99.0,41.29,6.26,0.1
1022,86.0,0.0,100.0,45.12,4.12,0.1
1023,92.0,0.0,100.0,30.68,2.42,0.09
1024,82.0,0.0,100.0,46.99,12.48,0.1
1025,80.0,0.0,100.0,50.46,4.11,0.1
1026,96.0,0.0,100.0,17.41,14.92,0.09
1027,94.0,0.0,100.0,36.86,10.91,0.09
1028,82.0,0.0,100.0,51.01,4.22,0.09
1029,84.0,0.0,100.0,41.03,5.39,0.1
1030,94.0,0.0,100.0,22.02,11.92,0.09
1031,86.0,0.0,100.0,42.42,1.7,0.09
1032,98.0,0.0,100.0,27.03,12.77,0.1
1033,82.0,0.0,100.0,61.17,3.97,0.09
1034,92.0,0.0,100.0,24.53,2.24,0.1
1035,88.0,0.01,99.0,33.62,5.47,0.09
1036,94.0,0.0,100.0,23.4,4.13,0.1
1037,90.0,0.0,100.0,39.34,11.47,0.1
1038,88.0,0.0,100.0,53.31,2.48,0.09
1039,78.0,0.0,100.0,66.95,9.87,0.1
1040,88.0,0.0,100.0,40.32,7.16,0.09
1041,92.0,0.0,100.0,33.49,7.35,0.1
1042,92.0,0.01,99.0,33.55,3.62,0.09
1043,70.0,0.0,100.0,84.69,6.1,0.1
1044,90.0,0.0,100.0,33.33,6.65,0.1
1045,88.0,0.0,100.0,47.84,2.55,1.19
1046,92.0,0.0,100.0,49.7,16.0,0.09
1047,88.0,0.0,100.0,54.77,7.79,0.1
1048,94.0,0.0,100.0,36.49,6.57,0.09
1049,98.0,0.01,99.0,21.84,5.05,0.09
1050,74.0,0.01,99.0,58.85,6.21,0.09
1051,94.0,0.01,99.0,50.28,3.73,0.09
1052,90.0,0.0,100.0,44.99,7.28,0.1
1053,88.0,0.0,100.0,50.73,2.26,0.1
1054,98.0,0.01,99.0,41.38,6.22,0.1
1055,96.0,0.0,100.0,27.57,14.36,0.09
1056,62.0,0.0,100.0,91.39,3.03,0.09
1057,90.0,0.0,100.0,39.93,7.07,0.1
1058,94.0,0.0,100.0,41.38,6.21,0.1
1059,80.0,0.0,100.0,47.51,7.46,0.09
1060,84.0,0.0,100.0,41.76,2.82,0.1
1061,96.0,0.0,100.0,26.35,4.84,0.09
1062,100.0,0.0,100.0,17.96,8.88,0.09
1063,94.0,0.0,100.0,35.23,4.92,0.1
1064,88.0,0.0,100.0,51.99,11.81,0.09
1065,94.0,0.0,100.0,42.53,6.89,1.21
1066,98.0,0.0,100.0,40.47,7.32,0.1
1067,82.0,0.0,100.0,40.29,3.42,0.1
1068,90.0,0.0,100.0,32.77,7.52,0.1
1069,92.0,0.0,100.0,44.83,4.56,0.1
1070,96.0,0.0,100.0,29.62,3.7,0.09
1071,88.0,0.0,100.0,36.32,14.16,0.1
1072,90.0,0.0,100.0,48.61,4.22,0.1
1073,90.0,0.0,100.0,27.53,3.71,0.1
1074,80.0,0.0,100.0,56.61,7.24,0.09
1075,86.0,0.0,100.0,43.67,6.14,0.09
1076,90.0,0.01,99.0,38.3,9.25,0.1
1077,80.0,0.0,100.0,52.46,3.58,0.09
1078,88.0,0.0,100.0,39.62,7.03,0.1
1079,92.0,0.0,100.0,30.97,8.97,0.1
1080,76.0,0.0,100.0,62.4,12.13,0.09
1081,86.0,0.0,100.0,50.13,11.21,0.1
1082,100.0,0.0,100.0,31.33,4.84,0.1
1083,96.0,0.0,100.0,31.38,14.8,0.09
1084,96.0,0.01,99.0,26.5,2.61,0.1
1085,82.0,0.0,100.0,47.82,8.72,0.09
1086,92.0,0.01,99.0,31.79,8.92,1.22
1087,86.0,0.0,100.0,59.83,5.65,0.09
1088,84.0,0.0,100.0,64.93,2.91,0.09
1089,92.0,0.0,100.0,31.58,3.14,0.1
1090,92.0,0.0,100.0,58.89,1.97,0.1
1091,90.0,0.0,100.0,50.34,11.11,0.1
1092,98.0,0.0,100.0,21.31,7.57,0.1
1093,92.0,0.0,100.0,32.82,14.32,0.1
1094,88.0,0.0,100.0,28.79,14.8,0.09
1095,86.0,0.0,100.0,37.74,7.29,0.1
1096,92.0,0.0,100.0,26.13,14.94,0.09
1097,92.0,0.0,100.0,41.5,4.33,0.09
1098,100.0,0.0,100.0,18.64,14.18,0.09
1099,84.0,0.0,100.0,52.21,11.76,0.1
1100,88.0,0.01,99.0,35.33,5.18,0.1
1101,86.0,0.01,99.0,41.31,3.03,0.1
1102,100.0,0.0,100.0,18.52,3.7,0.1
1103,100.0,0.0,100.0,18.97,14.18,0.09
1104,100.0,0.0,100.0,15.35,11.89,0.1
1105,98.0,0.01,99.0,29.52,6.42,0.1
1106,92.0,0.0,100.0,40.91,1.97,1.2
1107,92.0,0.01,99.0,48.07,4.55,0.09
1108,96.0,0.0,100.0,35.43,10.59,0.1
1109,90.0,0.0,100.0,43.58,5.07,0.09
1110,74.0,0.0,100.0,62.08,11.75,0.1
1111,94.0,0.0,100.0,25.69,3.77,0.1
1112,98.0,0.0,100.0,38.84,6.45,0.09
1113,96.0,0.0,100.0,28.28,11.56,0.09
1114,92.0,0.0,100.0,34.56,4.63,0.09
1115,94.0,0.0,100.0,36.1,15.37,0.09
1116,98.0,0.0,100.0,30.97,3.55,0.09
1117,92.0,0.0,100.0,32.33,12.81,0.09
1118,90.0,0.0,100.0,28.69,7.02,0.09
1119,98.0,0.0,100.0,21.41,7.23,0.1
1120,92.0,0.0,100.0,22.39,7.28,0.1
1121,100.0,0.0,100.0,23.91,7.01,0.09
1122,90.0,0.0,100.0,28.51,8.0,0.09
1123,96.0,0.01,99.0,24.76,12.18,0.09
1124,94.0,0.0,100.0,35.1,14.08,0.1
1125,90.0,0.0,100.0,30.88,4.47,0.1
1126,92.0,0.0,100.0,37.94,5.14,0.1
1127,90.0,0.0,100.0,39.16,3.58,1.21
1128,90.0,0.0,100.0,29.24,13.6,0.09
1129,88.0,0.0,100.0,44.23,3.41,0.1
1130,94.0,0.0,100.0,30.22,4.44,0.09
1131,88.0,0.0,100.0,54.56,5.6,0.09
1132,96.0,0.0,100.0,22.29,13.96,0.09
1133,82.0,0.01,99.0,41.56,1.83,0.1
1134,88.0,0.0,100.0,35.3,4.2,0.1
1135,92.0,0.0,100.0,54.83,2.64,0.09
1136,98.0,0.0,100.0,28.46,2.32,0.1
1137,70.0,0.01,99.0,71.35,2.04,0.1
1138,96.0,0.01,99.0,28.59,8.07,0.09
1139,80.0,0.01,99.0,63.61,9.58,0.1
1140,98.0,0.0,100.0,25.8,11.3,0.1
1141,90.0,0.0,100.0,31.46,13.12,0.09
1142,86.0,0.0,100.0,39.85,7.74,0.1
1143,86.0,0.0,100.0,42.88,3.32,0.09
1144,96.0,0.0,100.0,28.64,1.97,0.09
1145,94.0,0.01,99.0,21.81,4.18,0.09
1146,96.0,0.01,99.0,24.1,6.03,0.1
1147,88.0,0.0,100.0,43.62,4.9,1.29
1148,64.0,0.01,99.0,67.99,4.78,0.1
1149,98.0,0.0,100.0,26.4,6.36,0.1
1150,84.0,0.0,100.0,45.85,3.03,0.1
1151,92.0,0.0,100.0,30.95,5.17,0.1
1152,80.0,0.0,100.0,70.65,5.9,0.1
1153,86.0,0.0,100.0,37.21,4.19,0.1
1154,92.0,0.0,100.0,38.3,2.27,0.1
1155,88.0,0.0,100.0,37.17,10.4,0.1
1156,90.0,0.0,100.0,25.84,8.1,0.1
1157,94.0,0.0,100.0,22.6,4.46,0.1
1158,82.0,0.0,100.0,55.39,7.61,0.1
1159,76.0,0.01,99.0,60.32,5.2,0.1
1160,78.0,0.0,100.0,48.2,3.35,0.1
1161,90.0,0.0,100.0,22.26,15.03,0.1
1162,86.0,0.0,100.0,57.45,7.82,0.11
1163,86.0,0.0,100.0,52.69,3.86,0.1
1164,96.0,0.0,100.0,25.8,7.64,0.1
1165,98.0,0.0,100.0,39.11,12.74,0.1
1166,90.0,0.0,100.0,46.24,7.27,0.1
1167,90.0,0.0,100.0,56.64,4.78,0.1
1168,92.0,0.01,99.0,22.58,10.46,1.22
1169,90.0,0.0,100.0,34.12,4.4,0.1
1170,82.0,0.0,100.0,52.93,4.63,0.1
1171,88.0,0.02,98.0,46.94,4.57,0.1
1172,90.0,0.0,100.0,31.11,16.0,0.1
1173,98.0,0.0,100.0,24.23,13.2,0.1
1174,94.0,0.0,100.0,34.61,7.32,0.1
1175,92.0,0.0,100.0,29.98,14.98,0.1
1176,100.0,0.0,100.0,19.83,3.96,0.1
1177,84.0,0.01,99.0,34.4,13.42,0.1
1178,70.0,0.0,100.0,72.04,11.76,0.1
1179,96.0,0.0,100.0,25.06,3.38,0.1
1180,94.0,0.0,100.0,32.37,10.4,0.1
1181,98.0,0.0,100.0,18.52,2.72,0.1
1182,90.0,0.01,99.0,40.65,8.0,0.1
1183,96.0,0.0,100.0,23.88,4.86,0.1
1184,98.0,0.0,100.0,32.31,7.26,0.1
1185,96.0,0.0,100.0,28.22,7.69,0.1
1186,98.0,0.0,100.0,19.05,2.46,0.1
1187,96.0,0.0,100.0,33.78,3.98,0.1
1188,84.0,0.0,100.0,49.33,2.86,1.22
1189,94.0,0.0,100.0,37.65,3.07,0.1
1190,84.0,0.0,100.0,57.34,11.4,0.1
1191,94.0,0.0,100.0,48.83,3.88,0.1
1192,78.0,0.0,100.0,62.38,6.14,0.1
1193,72.0,0.01,99.0,70.06,10.67,0.1
1194,86.0,0.0,100.0,46.58,8.57,0.1
1195,82.0,0.0,100.0,44.15,2.0,0.1
1196,88.0,0.0,100.0,45.37,5.96,0.1
1197,82.0,0.0,100.0,46.15,4.66,0.1
1198,84.0,0.0,100.0,57.13,2.37,0.1
1199,100.0,0.0,100.0,25.64,6.14,0.1
1200,98.0,0.0,100.0,18.91,8.19,0.1
1201,86.0,0.0,100.0,64.14,1.97,0.1
1202,84.0,0.01,99.0,51.24,13.25,0.1
1203,84.0,0.0,100.0,47.74,5.58,0.1
1204,98.0,0.0,100.0,28.12,6.22,0.1
1205,98.0,0.0,100.0,37.82,12.3,0.1
1206,92.0,0.0,100.0,44.06,7.3,0.1
1207,100.0,0.0,100.0,23.34,14.8,0.1
1208,76.0,0.01,99.0,48.26,5.47,0.1
1209,92.0,0.0,100.0,35.22,14.33,1.25
1210,78.0,0.0,100.0,45.73,4.0,0.1
1211,90.0,0.0,100.0,38.53,2.46,0.11
1212,92.0,0.0,100.0,38.99,7.68,0.1
1213,86.0,0.0,100.0,44.25,7.16,0.1
1214,74.0,0.0,100.0,64.81,4.26,0.1
1215,84.0,0.0,100.0,48.63,3.68,0.11
1216,96.0,0.0,100.0,48.24,11.76,0.11
1217,96.0,0.0,100.0,23.11,4.8,0.1
1218,100.0,0.0,100.0,16.4,6.9,0.1
1219,90.0,0.0,100.0,41.2,11.8,0.09
1220,78.0,0.0,100.0,49.63,4.99,0.11
1221,90.0,0.0,100.0,36.55,3.7,0.1
1222,86.0,0.0,100.0,43.02,13.68,0.09
1223,84.0,0.0,100.0,54.13,4.74,0.1
1224,88.0,0.0,100.0,39.28,3.6,0.1
1225,98.0,0.0,100.0,36.0,2.43,0.1
1226,82.0,0.01,99.0,45.51,15.85,0.1
1227,92.0,0.0,100.0,40.55,11.92,0.1
1228,100.0,0.0,100.0,39.78,15.44,0.1
1229,94.0,0.0,100.0,28.36,3.16,1.24
1230,92.0,0.01,99.0,32.25,6.56,0.1
1231,92.0,0.0,100.0,44.69,5.81,0.1
1232,96.0,0.0,100.0,20.91,13.28,0.1
1233,76.0,0.0,100.0,66.44,3.31,0.1
1234,90.0,0.01,99.0,31.18,5.68,0.1
1235,92.0,0.0,100.0,30.25,14.98,0.1
1236,86.0,0.0,100.0,54.68,2.3,0.1
1237,94.0,0.0,100.0,37.37,8.14,0.1
1238,92.0,0.0,100.0,34.54,8.53,0.1
1239,94.0,0.0,100.0,39.89,3.27,0.1
1240,98.0,0.0,100.0,44.63,10.68,0.1
1241,92.0,0.0,100.0,22.89,1.57,0.1
1242,96.0,0.0,100.0,21.55,3.29,0.1
1243,98.0,0.01,99.0,16.75,7.37,0.1
1244,82.0,0.01,99.0,49.63,15.43,0.09
1245,92.0,0.0,100.0,23.84,7.65,0.09
1246,86.0,0.0,100.0,44.55,6.64,0.09
1247,84.0,0.0,100.0,43.73,5.27,0.09
1248,98.0,0.0,100.0,35.66,7.28,0.1
1249,96.0,0.0,100.0,34.74,4.24,0.1
1250,98.0,0.0,100.0,33.03,7.32,1.2
1251,84.0,0.0,100.0,38.98,8.9,0.09
1252,86.0,0.0,100.0,31.47,7.44,0.1
1253,98.0,0.0,100.0,29.42,12.5,0.09
1254,90.0,0.0,100.0,46.32,3.89,0.09
1255,98.0,0.0,100.0,25.06,7.34,0.1
1256,90.0,0.0,100.0,61.71,4.88,0.09
1257,82.0,0.0,100.0,39.65,8.29,0.1
1258,96.0,0.0,100.0,30.84,10.18,0.1
1259,84.0,0.0,100.0,44.66,1.88,0.1
1260,88.0,0.0,100.0,41.75,7.04,0.1
1261,96.0,0.0,100.0,23.8,8.04,0.09
1262,94.0,0.0,100.0,20.55,3.32,0.1
1263,82.0,0.0,100.0,68.47,14.5,0.1
1264,94.0,0.0,100.0,23.99,7.6,0.09
1265,92.0,0.0,100.0,38.18,6.16,0.1
1266,84.0,0.0,100.0,48.33,3.17,0.09
1267,88.0,0.0,100.0,48.14,15.13,0.1
1268,80.0,0.0,100.0,47.52,3.21,0.1
1269,96.0,0.0,100.0,25.44,15.15,0.1
1270,88.0,0.0,100.0,32.51,3.16,1.22
1271,92.0,0.0,100.0,26.0,12.74,0.09
1272,84.0,0.0,100.0,47.52,7.74,0.09
1273,92.0,0.0,100.0,21.58,2.88,0.1
1274,74.0,0.0,100.0,53.18,7.02,0.1
1275,88.0,0.0,100.0,50.33,5.2,0.1
1276,80.0,0.01,99.0,43.96,3.64,0.1
1277,90.0,0.01,99.0,43.81,5.38,0.1
1278,88.0,0.0,100.0,59.06,3.63,0.09
1279,88.0,0.0,100.0,37.06,6.8,0.09
1280,90.0,0.0,100.0,29.46,4.9,0.09
1281,72.0,0.0,100.0,71.23,5.2,0.09
1282,86.0,0.0,100.0,37.4,14.39,0.09
1283,92.0,0.01,99.0,35.6,2.41,0.1
1284,98.0,0.0,100.0,17.02,8.98,0.09
1285,92.0,0.0,100.0,45.04,5.97,0.09
1286,96.0,0.0,100.0,30.91,7.72,0.09
1287,88.0,0.0,100.0,44.39,3.82,0.1
1288,86.0,0.0,100.0,44.05,6.54,0.1
1289,92.0,0.01,99.0,36.57,3.38,0.09
1290,90.0,0.0,100.0,43.92,12.0,0.1
1291,74.0,0.0,100.0,69.3,5.82,1.18
1292,96.0,0.0,100.0,17.73,3.81,0.1
1293,96.0,0.0,100.0,19.72,15.48,0.09
1294,92.0,0.0,100.0,30.58,14.58,0.09
1295,86.0,0.0,100.0,48.88,2.2,0.1
1296,96.0,0.0,100.0,24.27,5.6,0.1
1297,90.0,0.0,100.0,70.18,9.17,0.1
1298,98.0,0.0,100.0,17.74,5.58,0.09
1299,94.0,0.0,100.0,38.59,4.85,0.09
1300,92.0,0.0,100.0,33.06,7.27,0.09
1301,72.0,0.0,100.0,67.2,7.3,0.09
1302,90.0,0.0,100.0,39.11,3.07,0.1
1303,76.0,0.0,100.0,72.11,5.5,0.1
1304,90.0,0.0,100.0,39.7,3.34,0.1
1305,90.0,0.0,100.0,29.85,2.72,0.09
1306,96.0,0.01,99.0,24.68,13.31,0.09
1307,96.0,0.0,100.0,16.82,3.91,0.09
1308,96.0,0.0,100.0,27.96,6.62,0.09
1309,72.0,0.0,100.0,58.04,3.81,0.1
1310,92.0,0.0,100.0,29.09,4.16,0.09
1311,80.0,0.0,100.0,46.71,10.56,1.21
1312,94.0,0.0,100.0,29.0,5.8,0.09
1313,90.0,0.0,100.0,32.46,2.2,0.1
1314,82.0,0.0,100.0,52.88,3.34,0.1
1315,86.0,0.0,100.0,50.83,4.7,0.1
1316,78.0,0.0,100.0,58.13,5.3,0.1
1317,90.0,0.0,100.0,41.63,7.38,0.09
1318,92.0,0.0,100.0,38.76,4.17,0.09
1319,94.0,0.0,100.0,40.1,1.71,0.09
1320,90.0,0.0,100.0,22.41,8.24,0.1
1321,96.0,0.0,100.0,23.5,3.68,0.1
1322,88.0,0.0,100.0,44.66,7.36,0.09
1323,98.0,0.0,100.0,22.21,7.51,0.1
1324,94.0,0.01,99.0,37.25,3.84,0.1
1325,84.0,0.0,100.0,58.95,8.52,0.1
1326,100.0,0.0,100.0,17.73,1.85,0.1
1327,94.0,0.0,100.0,28.1,7.49,0.1
1328,98.0,0.0,100.0,25.29,13.6,0.1
1329,84.0,0.0,100.0,49.45,6.72,0.1
1330,94.0,0.0,100.0,36.39,1.86,0.1
1331,92.0,0.0,100.0,44.09,6.4,0.09
1332,92.0,0.0,100.0,50.26,9.68,1.17
1333,98.0,0.0,100.0,20.0,7.74,0.09
1334,94.0,0.0,100.0,27.75,12.22,0.1
1335,90.0,0.0,100.0,34.96,4.5,0.1
1336,88.0,0.0,100.0,29.85,3.86,0.09
1337,88.0,0.0,100.0,45.88,4.26,0.09
1338,96.0,0.0,100.0,11.55,15.72,0.09
1339,88.0,0.01,99.0,31.04,7.36,0.1
1340,78.0,0.0,100.0,66.01,5.86,0.1
1341,94.0,0.0,100.0,20.57,6.1,0.09
1342,86.0,0.0,100.0,48.64,8.04,0.09
1343,86.0,0.0,100.0,37.15,2.74,0.09
1344,90.0,0.0,100.0,37.58,5.1,0.1
1345,96.0,0.0,100.0,30.26,5.32,0.09
1346,78.0,0.0,100.0,58.82,14.62,0.09
1347,98.0,0.01,99.0,9.29,4.73,0.09
1348,88.0,0.0,100.0,41.69,3.49,0.09
1349,92.0,0.0,100.0,27.18,13.96,0.09
1350,86.0,0.0,100.0,30.0,2.67,0.1
1351,100.0,0.0,100.0,13.06,2.44,0.1
1352,92.0,0.0,100.0,31.05,13.5,1.18
1353,92.0,0.0,100.0,46.55,3.08,0.1
1354,98.0,0.0,100.0,13.71,7.69,0.09
1355,84.0,0.0,100.0,62.06,4.4,0.09
1356,100.0,0.0,100.0,18.57,3.9,0.09
1357,78.0,0.0,100.0,58.79,3.46,0.09
1358,70.0,0.01,99.0,53.51,3.0,0.09
1359,94.0,0.0,100.0,30.97,6.12,0.1
1360,96.0,0.0,100.0,20.16,15.36,0.09
1361,100.0,0.0,100.0,16.63,4.84,0.09
1362,90.0,0.0,100.0,44.38,2.58,0.09
1363,72.0,0.0,100.0,94.02,5.52,0.1
1364,86.0,0.0,100.0,55.16,7.43,0.09
1365,98.0,0.0,100.0,19.41,7.3,0.09
1366,72.0,0.0,100.0,56.4,11.87,0.09
1367,98.0,0.0,100.0,18.21,4.43,0.09
1368,100.0,0.0,100.0,22.02,4.18,0.1
1369,86.0,0.0,100.0,50.7,4.29,0.1
1370,84.0,0.0,100.0,50.03,2.26,0.1
1371,96.0,0.0,100.0,17.61,7.76,0.1
1372,98.0,0.0,100.0,23.23,3.94,0.1
1373,94.0,0.0,100.0,48.28,4.45,1.19
1374,70.0,0.0,100.0,81.09,4.45,0.09
1375,100.0,0.0,100.0,23.61,4.24,0.09
1376,88.0,0.0,100.0,49.6,2.64,0.09
1377,96.0,0.0,100.0,32.98,3.33,0.1
1378,98.0,0.0,100.0,32.3,2.02,0.1
1379,84.0,0.0,100.0,49.92,13.69,0.1
1380,90.0,0.0,100.0,42.82,4.61,0.09
1381,84.0,0.0,100.0,40.73,5.72,0.09
1382,90.0,0.01,99.0,35.03,8.24,0.1
1383,90.0,0.0,100.0,45.32,2.94,0.09
1384,96.0,0.0,100.0,11.81,4.22,0.09
1385,86.0,0.0,100.0,44.83,7.57,0.09
1386,92.0,0.0,100.0,49.04,5.58,0.09
1387,82.0,0.0,100.0,49.56,3.33,0.1
1388,94.0,0.0,100.0,39.55,3.46,0.1
1389,80.0,0.0,100.0,61.98,3.98,0.1
1390,82.0,0.0,100.0,50.73,5.08,0.09
1391,86.0,0.0,100.0,54.12,6.55,0.1
1392,88.0,0.0,100.0,25.11,2.97,0.1
1393,94.0,0.0,100.0,28.06,3.36,1.23
1394,94.0,0.0,100.0,35.16,5.48,0.09
1395,80.0,0.0,100.0,57.84,3.75,0.1
1396,98.0,0.0,100.0,8.6,7.91,0.09
1397,88.0,0.0,100.0,51.52,4.26,0.09
1398,94.0,0.0,100.0,35.17,8.2,0.09
1399,80.0,0.01,99.0,39.21,2.06,0.09
1400,96.0,0.0,100.0,29.1,6.55,0.1
1401,94.0,0.0,100.0,32.91,3.56,0.1
1402,96.0,0.0,100.0,20.18,15.55,0.09
1403,74.0,0.0,100.0,57.85,15.44,0.09
1404,94.0,0.01,99.0,26.89,8.75,0.09
1405,92.0,0.0,100.0,28.64,7.86,0.09
1406,92.0,0.0,100.0,38.72,2.29,0.1
1407,96.0,0.0,100.0,26.27,13.0,0.09
1408,92.0,0.0,100.0,22.14,16.0,0.09
1409,98.0,0.0,100.0,24.25,7.94,0.09
1410,64.0,0.01,99.0,69.21,7.09,0.1
1411,88.0,0.0,100.0,44.46,5.22,0.09
1412,98.0,0.0,100.0,17.5,2.36,0.09
1413,94.0,0.0,100.0,39.73,5.3,0.09
1414,82.0,0.0,100.0,42.2,4.0,1.23
1415,96.0,0.0,100.0,32.3,3.92,0.09
1416,84.0,0.0,100.0,38.19,14.18,0.1
1417,94.0,0.0,100.0,32.09,3.85,0.09
1418,98.0,0.0,100.0,25.61,2.62,0.09
1419,100.0,0.0,100.0,29.23,4.8,0.09
1420,92.0,0.0,100.0,41.12,11.44,0.09
1421,78.0,0.0,100.0,48.05,5.8,0.09
1422,94.0,0.01,99.0,38.55,8.32,0.1
1423,78.0,0.0,100.0,53.49,3.1,0.1
1424,94.0,0.0,100.0,23.66,2.42,0.09
1425,84.0,0.0,100.0,51.35,2.03,0.09
1426,96.0,0.0,100.0,23.77,4.21,0.1
1427,96.0,0.0,100.0,16.95,7.96,0.1
1428,88.0,0.0,100.0,27.38,2.82,0.1
1429,86.0,0.0,100.0,25.69,2.9,0.1
1430,90.0,0.0,100.0,45.81,3.56,0.09
1431,92.0,0.0,100.0,40.99,12.37,0.1
1432,96.0,0.0,100.0,15.86,2.0,0.1
1433,94.0,0.0,100.0,35.03,4.29,0.1
1434,100.0,0.0,100.0,20.52,2.36,1.18
1435,86.0,0.0,100.0,48.92,15.81,0.1
1436,96.0,0.0,100.0,24.75,16.0,0.09
1437,94.0,0.0,100.0,20.45,2.54,0.09
1438,96.0,0.0,100.0,30.39,3.97,0.1
1439,94.0,0.0,100.0,36.29,4.87,0.1
1440,64.0,0.0,100.0,61.83,4.33,0.09
1441,96.0,0.01,99.0,21.64,2.79,0.09
1442,98.0,0.0,100.0,22.46,7.92,0.09
1443,92.0,0.0,100.0,25.58,2.48,0.09
1444,78.0,0.0,100.0,71.63,7.7,0.1
1445,92.0,0.0,100.0,35.72,6.05,0.1
1446,88.0,0.0,100.0,36.16,7.82,0.09
1447,98.0,0.0,100.0,20.7,7.6,0.1
1448,98.0,0.0,100.0,15.04,7.94,0.09
1449,88.0,0.0,100.0,57.82,2.79,0.09
1450,76.0,0.0,100.0,67.31,2.17,0.09
1451,96.0,0.0,100.0,31.2,2.0,0.1
1452,94.0,0.01,99.0,31.07,1.37,0.1
1453,90.0,0.0,100.0,40.29,3.48,0.09
1454,88.0,0.0,100.0,37.23,6.81,0.1
1455,90.0,0.0,100.0,34.52,15.85,1.2
1456,92.0,0.0,100.0,33.92,2.47,0.09
1457,96.0,0.0,100.0,13.04,4.12,0.1
1458,96.0,0.0,100.0,17.57,2.36,0.09
1459,90.0,0.0,100.0,48.68,6.07,0.1
1460,86.0,0.0,100.0,24.25,2.6,0.09
1461,72.0,0.0,100.0,72.7,6.12,0.09
1462,90.0,0.0,100.0,30.3,2.18,0.09
1463,86.0,0.0,100.0,23.85,2.84,0.09
1464,98.0,0.0,100.0,19.46,4.6,0.09
1465,92.0,0.0,100.0,29.38,4.0,0.09
1466,96.0,0.0,100.0,18.85,2.02,0.09
1467,90.0,0.0,100.0,45.25,5.19,0.09
1468,90.0,0.0,100.0,16.95,7.93,0.09
1469,96.0,0.0,100.0,32.3,3.67,0.1
1470,92.0,0.0,100.0,28.71,2.06,0.09
1471,94.0,0.0,100.0,34.01,15.3,0.09
1472,82.0,0.0,100.0,45.09,14.72,0.09
1473,86.0,0.0,100.0,34.85,8.24,0.09
1474,78.0,0.0,100.0,73.76,2.57,0.09
1475,84.0,0.0,100.0,43.33,10.96,1.19
1476,92.0,0.0,100.0,33.22,3.18,0.09
1477,88.0,0.0,100.0,23.98,7.6,0.09
1478,96.0,0.0,100.0,37.53,11.92,0.1
1479,100.0,0.0,100.0,15.1,16.0,0.09
1480,94.0,0.0,100.0,49.19,4.7,0.09
1481,98.0,0.0,100.0,23.34,4.0,0.09
1482,72.0,0.0,100.0,71.89,3.61,0.1
1483,98.0,0.0,100.0,15.58,2.3,0.1
1484,98.0,0.0,100.0,24.82,4.6,0.09
1485,100.0,0.0,100.0,14.2,13.33,0.09
1486,100.0,0.0,100.0,19.24,8.0,0.1
1487,76.0,0.0,100.0,47.82,15.14,0.09
1488,96.0,0.0,100.0,33.85,8.0,0.09
1489,84.0,0.0,100.0,39.82,3.55,0.1
1490,86.0,0.0,100.0,47.17,6.85,0.09
1491,90.0,0.0,100.0,30.33,4.6,0.09
1492,88.0,0.0,100.0,31.86,3.99,0.09
1493,94.0,0.0,100.0,34.64,6.75,0.09
1494,86.0,0.0,100.0,53.92,9.85,0.09
1495,90.0,0.0,100.0,26.12,2.53,0.1
1496,92.0,0.0,100.0,26.88,15.5,1.35
1497,98.0,0.0,100.0,42.86,5.32,0.1
1498,92.0,0.0,100.0,24.25,5.02,0.1
1499,90.0,0.0,100.0,34.67,2.08,0.1
1500,92.0,0.0,100.0,34.23,16.0,0.1
1501,96.0,0.0,100.0,36.19,15.88,0.1
1502,92.0,0.0,100.0,24.49,7.81,0.1
1503,80.0,0.0,100.0,36.31,7.67,0.11
1504,86.0,0.0,100.0,39.31,7.12,0.1
1505,92.0,0.01,99.0,47.08,10.91,0.11
1506,94.0,0.0,100.0,24.54,15.4,0.09
1507,84.0,0.0,100.0,75.62,5.95,0.1
1508,98.0,0.0,100.0,23.06,3.71,0.1
1509,88.0,0.0,100.0,38.24,6.94,0.1
1510,86.0,0.0,100.0,46.23,5.97,0.1
1511,88.0,0.0,100.0,39.95,7.84,0.09
1512,90.0,0.0,100.0,32.2,7.48,0.09
1513,90.0,0.0,100.0,40.23,15.4,0.1
1514,90.0,0.0,100.0,40.86,13.8,0.1
1515,92.0,0.0,100.0,24.44,14.64,0.1
1516,96.0,0.0,100.0,33.66,2.06,1.19
1517,92.0,0.0,100.0,34.9,14.84,0.1
1518,92.0,0.0,100.0,32.22,5.98,0.1
1519,76.0,0.0,100.0,45.99,6.14,0.1
1520,90.0,0.0,100.0,35.05,3.91,0.1
1521,98.0,0.0,100.0,31.46,8.33,0.11
1522,78.0,0.0,100.0,54.02,7.15,0.09
1523,96.0,0.0,100.0,19.9,4.24,0.09
1524,88.0,0.0,100.0,37.59,3.42,0.1
1525,100.0,0.0,100.0,23.17,7.1,0.1
1526,96.0,0.0,100.0,33.47,13.62,0.09
1527,74.0,0.0,100.0,51.0,12.72,0.09
1528,84.0,0.0,100.0,43.52,12.16,0.1
1529,96.0,0.0,100.0,29.15,8.32,0.09
1530,100.0,0.0,100.0,28.29,7.62,0.1
1531,94.0,0.0,100.0,20.14,8.0,0.1
1532,90.0,0.0,100.0,40.49,7.88,0.1
1533,92.0,0.0,100.0,24.2,8.0,0.1
1534,66.0,0.01,99.0,70.45,14.31,0.1
1535,96.0,0.0,100.0,36.61,1.96,0.1
1536,92.0,0.0,100.0,26.93,15.86,0.1
1537,94.0,0.0,100.0,21.3,7.64,0.1
1538,100.0,0.0,100.0,15.02,3.94,0.1
1539,96.0,0.0,100.0,31.06,7.23,0.1
1540,90.0,0.0,100.0,28.4,1.93,0.1
1541,86.0,0.0,100.0,47.74,4.14,0.1
1542,82.0,0.01,99.0,42.95,4.38,0.1
1543,92.0,0.0,100.0,27.63,7.96,0.09
1544,98.0,0.0,100.0,20.8,7.92,0.1
1545,96.0,0.0,100.0,14.77,2.18,0.1
1546,96.0,0.0,100.0,16.86,15.64,0.1
1547,86.0,0.0,100.0,42.95,8.36,0.1
1548,92.0,0.0,100.0,23.0,2.81,0.1
1549,86.0,0.0,100.0,47.39,6.41,0.1
1550,98.0,0.0,100.0,13.08,15.86,0.1
1551,100.0,0.0,100.0,24.07,8.16,0.1
1552,98.0,0.0,100.0,29.83,2.17,0.1
1553,94.0,0.01,99.0,24.05,14.53,0.1
1554,94.0,0.0,100.0,36.48,7.96,0.1
1555,80.0,0.01,99.0,79.95,14.87,0.1
1556,98.0,0.0,100.0,22.13,4.0,0.1
1557,90.0,0.0,100.0,25.33,15.76,1.22
1558,98.0,0.0,100.0,34.51,5.84,0.11
1559,96.0,0.0,100.0,26.12,14.58,0.1
1560,78.0,0.0,100.0,45.6,3.24,0.1
1561,96.0,0.0,100.0,31.17,7.07,0.1
1562,84.0,0.0,100.0,48.2,4.24,0.1
1563,84.0,0.0,100.0,42.17,7.86,0.1
1564,76.0,0.0,100.0,52.42,4.8,0.1
1565,96.0,0.0,100.0,36.83,15.4,0.1
1566,98.0,0.0,100.0,15.71,3.81,0.1
1567,96.0,0.0,100.0,16.07,3.87,0.1
1568,90.0,0.0,100.0,35.86,1.83,0.1
1569,82.0,0.01,99.0,29.01,2.0,0.1
1570,88.0,0.0,100.0,32.34,14.57,0.1
1571,98.0,0.0,100.0,33.23,15.71,0.1
1572,96.0,0.0,100.0,30.21,8.0,0.14
1573,92.0,0.0,100.0,19.09,2.32,0.11
1574,92.0,0.0,100.0,20.07,2.48,0.11
1575,66.0,0.0,100.0,51.9,2.62,0.1
1576,82.0,0.0,100.0,42.22,2.57,0.1
1577,78.0,0.0,100.0,59.47,3.88,1.23
1578,88.0,0.0,100.0,43.37,3.7,0.1
1579,76.0,0.0,100.0,43.44,4.66,0.1
1580,94.0,0.0,100.0,34.89,8.4,0.09
1581,92.0,0.0,100.0,42.7,3.32,0.1
1582,90.0,0.0,100.0,26.62,14.2,0.1
1583,88.0,0.0,100.0,35.13,15.59,0.1
1584,92.0,0.0,100.0,59.93,11.44,0.09
1585,98.0,0.0,100.0,19.57,16.0,0.1
1586,96.0,0.0,100.0,26.52,15.4,0.09
1587,90.0,0.01,99.0,46.97,12.36,0.09
1588,96.0,0.0,100.0,19.86,2.18,0.09
1589,94.0,0.0,100.0,51.24,2.68,0.09
1590,88.0,0.01,99.0,21.77,1.85,0.1
1591,94.0,0.0,100.0,40.82,4.69,0.09
1592,92.0,0.0,100.0,26.61,2.62,0.1
1593,98.0,0.0,100.0,26.3,10.07,0.1
1594,80.0,0.0,100.0,41.79,2.27,0.1
1595,92.0,0.01,99.0,24.41,2.24,0.1
1596,98.0,0.0,100.0,22.34,2.32,0.1
1597,96.0,0.0,100.0,25.22,15.4,0.1
1598,94.0,0.0,100.0,42.4,3.36,1.22
1599,96.0,0.0,100.0,19.06,2.36,0.1
1600,78.0,0.0,100.0,47.24,7.83,0.1
1601,96.0,0.0,100.0,33.72,8.36,0.1
1602,82.0,0.0,100.0,55.18,7.39,0.1
1603,98.0,0.0,100.0,13.86,15.85,0.1
1604,82.0,0.0,100.0,43.43,15.69,0.1
1605,86.0,0.0,100.0,34.57,2.53,0.1
1606,96.0,0.0,100.0,47.27,3.68,0.1
1607,86.0,0.0,100.0,36.39,2.3,0.1
1608,96.0,0.0,100.0,36.29,3.26,0.1
1609,92.0,0.0,100.0,32.95,4.59,0.11
1610,90.0,0.0,100.0,32.11,15.26,0.11
1611,94.0,0.0,100.0,29.89,3.14,0.1
1612,76.0,0.0,100.0,44.13,15.25,0.1
1613,84.0,0.0,100.0,49.81,4.9,0.1
1614,90.0,0.0,100.0,32.47,3.27,0.1
1615,92.0,0.0,100.0,31.61,4.76,0.1
1616,92.0,0.0,100.0,27.09,15.55,0.1
1617,94.0,0.0,100.0,39.31,4.4,0.1
1618,96.0,0.01,99.0,26.24,1.97,1.3
1619,98.0,0.0,100.0,10.32,3.9,0.1
1620,80.0,0.0,100.0,48.83,14.8,0.1
1621,82.0,0.03,97.0,39.78,3.34,0.11
1622,92.0,0.0,100.0,43.5,3.35,0.1
1623,82.0,0.0,100.0,58.08,2.6,0.11
1624,72.0,0.0,100.0,60.37,14.85,0.11
1625,92.0,0.0,100.0,44.99,3.16,0.11
1626,94.0,0.0,100.0,21.6,15.14,0.11
1627,94.0,0.0,100.0,35.18,3.65,0.12
1628,98.0,0.0,100.0,25.5,4.04,0.1
1629,98.0,0.0,100.0,20.81,15.18,0.11
1630,94.0,0.0,100.0,34.5,2.1,0.11
1631,98.0,0.0,100.0,20.98,4.39,0.11
1632,84.0,0.01,99.0,48.39,11.23,0.1
1633,96.0,0.0,100.0,35.93,7.75,0.11
1634,98.0,0.0,100.0,30.17,4.04,0.11
1635,78.0,0.0,100.0,58.8,14.78,0.11
1636,98.0,0.0,100.0,19.92,7.96,0.11
1637,100.0,0.0,100.0,25.73,5.08,0.11
1638,88.0,0.01,99.0,39.8,3.51,0.11
1639,96.0,0.0,100.0,16.61,8.0,1.59
1640,100.0,0.0,100.0,15.96,6.62,0.11
1641,92.0,0.0,100.0,33.48,4.24,0.11
1642,100.0,0.0,100.0,13.03,4.0,0.11
1643,90.0,0.0,100.0,38.63,7.86,0.11
1644,92.0,0.0,100.0,42.56,13.84,0.11
1645,82.0,0.0,100.0,36.66,2.32,0.11
1646,96.0,0.01,99.0,28.03,2.0,0.11
1647,86.0,0.0,100.0,36.26,5.32,0.12
1648,90.0,0.0,100.0,29.29,3.96,0.12
1649,90.0,0.0,100.0,48.28,12.98,0.1
1650,94.0,0.0,100.0,30.95,4.36,0.1
1651,96.0,0.0,100.0,19.9,15.92,0.11
1652,96.0,0.0,100.0,28.12,5.43,0.11
1653,72.0,0.0,100.0,55.1,2.34,0.11
1654,98.0,0.0,100.0,12.27,4.05,0.12
1655,80.0,0.01,99.0,48.16,4.61,0.11
1656,98.0,0.0,100.0,18.13,4.02,0.11
1657,90.0,0.0,100.0,44.28,2.52,0.1
1658,100.0,0.0,100.0,23.55,3.79,0.11
1659,96.0,0.0,100.0,24.26,3.87,1.32
1660,100.0,0.0,100.0,23.95,15.88,0.11
1661,94.0,0.0,100.0,30.29,14.79,0.11
1662,94.0,0.0,100.0,27.74,4.15,0.11
1663,96.0,0.0,100.0,25.88,15.3,0.11
1664,98.0,0.0,100.0,16.93,3.96,0.1
1665,88.0,0.01,99.0,32.08,2.0,0.11
1666,98.0,0.0,100.0,31.27,3.83,0.1
1667,88.0,0.0,100.0,43.6,2.76,0.11
1668,98.0,0.0,100.0,21.43,16.0,0.11
1669,92.0,0.0,100.0,38.63,9.03,0.11
1670,100.0,0.0,100.0,19.26,2.64,0.11
1671,94.0,0.0,100.0,31.69,8.0,0.11
1672,96.0,0.0,100.0,25.67,7.33,0.1
1673,94.0,0.0,100.0,28.89,7.96,0.1
1674,94.0,0.0,100.0,30.59,2.06,0.1
1675,100.0,0.0,100.0,23.86,15.16,0.1
1676,96.0,0.0,100.0,10.81,16.0,0.1
1677,84.0,0.0,100.0,40.63,15.26,0.1
1678,92.0,0.0,100.0,42.83,9.86,0.1
1679,86.0,0.0,100.0,21.1,15.7,0.1
1680,94.0,0.0,100.0,24.43,14.92,1.3
1681,86.0,0.0,100.0,38.36,3.84,0.1
1682,82.0,0.01,99.0,37.81,15.05,0.1
1683,96.0,0.0,100.0,28.92,2.19,0.11
1684,82.0,0.0,100.0,57.05,13.37,0.11
1685,80.0,0.0,100.0,55.12,11.8,0.1
1686,88.0,0.0,100.0,22.92,2.19,0.11
1687,92.0,0.0,100.0,38.33,12.76,0.1
1688,82.0,0.0,100.0,44.47,4.0,0.1
1689,94.0,0.0,100.0,21.28,7.76,0.1
1690,84.0,0.0,100.0,37.48,14.73,0.11
1691,90.0,0.0,100.0,36.9,3.89,0.1
1692,100.0,0.0,100.0,8.21,3.98,0.1
1693,94.0,0.0,100.0,33.41,8.0,0.11
1694,100.0,0.0,100.0,5.64,4.0,0.11
1695,86.0,0.0,100.0,37.01,15.02,0.1
1696,96.0,0.01,99.0,29.1,6.76,0.11
1697,96.0,0.0,100.0,28.83,2.42,0.1
1698,82.0,0.0,100.0,57.11,2.65,0.11
1699,86.0,0.0,100.0,30.84,15.16,0.11
1700,96.0,0.0,100.0,42.01,7.76,1.35
1701,100.0,0.0,100.0,13.77,2.0,0.1
1702,100.0,0.0,100.0,5.87,14.8,0.11
1703,90.0,0.0,100.0,15.38,2.7,0.1
1704,88.0,0.0,100.0,40.39,14.19,0.1
1705,90.0,0.0,100.0,38.73,3.76,0.11
1706,98.0,0.0,100.0,14.21,4.04,0.1
1707,96.0,0.0,100.0,17.64,15.7,0.1
1708,82.0,0.0,100.0,50.24,6.64,0.11
1709,98.0,0.0,100.0,17.71,7.36,0.1
1710,78.0,0.0,100.0,91.19,5.07,0.1
1711,86.0,0.0,100.0,60.78,15.58,0.1
1712,58.0,0.0,100.0,73.78,1.43,0.1
1713,96.0,0.0,100.0,35.92,6.16,0.1
1714,100.0,0.0,100.0,12.45,15.44,0.1
1715,96.0,0.0,100.0,31.84,8.0,0.1
1716,98.0,0.0,100.0,14.34,2.28,0.1
1717,90.0,0.0,100.0,42.19,9.5,0.11
1718,96.0,0.0,100.0,23.93,7.91,0.1
1719,100.0,0.0,100.0,13.27,4.03,0.1
1720,82.0,0.0,100.0,46.21,2.48,0.1
1721,98.0,0.0,100.0,21.69,2.48,1.3
1722,96.0,0.0,100.0,29.14,4.75,0.1
1723,100.0,0.0,100.0,15.07,15.64,0.1
1724,88.0,0.0,100.0,46.47,3.37,0.1
1725,96.0,0.0,100.0,16.43,4.0,0.11
1726,80.0,0.0,100.0,47.54,7.64,0.1
1727,94.0,0.0,100.0,23.68,2.14,0.1
1728,90.0,0.0,100.0,30.11,8.19,0.1
1729,92.0,0.0,100.0,62.55,5.42,0.11
1730,92.0,0.0,100.0,32.32,1.59,0.1
1731,86.0,0.0,100.0,48.97,7.1,0.1
1732,92.0,0.0,100.0,24.62,8.56,0.1
1733,94.0,0.0,100.0,32.65,3.72,0.1
1734,98.0,0.0,100.0,16.05,4.0,0.1
1735,84.0,0.0,100.0,51.07,7.46,0.11
1736,78.0,0.0,100.0,35.27,2.38,0.11
1737,94.0,0.0,100.0,24.98,3.75,0.11
1738,100.0,0.0,100.0,14.6,3.38,0.11
1739,80.0,0.0,100.0,36.48,4.19,0.1
1740,96.0,0.0,100.0,24.5,2.62,0.11
1741,98.0,0.0,100.0,14.04,16.0,1.34
1742,90.0,0.0,100.0,47.16,7.9,0.1
1743,88.0,0.0,100.0,24.34,7.93,0.1
1744,84.0,0.0,100.0,48.94,7.52,0.1
1745,100.0,0.0,100.0,16.56,7.89,0.1
1746,96.0,0.0,100.0,25.27,4.21,0.1
1747,94.0,0.0,100.0,34.4,3.99,0.1
1748,88.0,0.0,100.0,36.73,7.75,0.1
1749,86.0,0.0,100.0,33.02,7.82,0.1
1750,96.0,0.0,100.0,20.46,8.0,0.1
1751,90.0,0.0,100.0,33.83,7.08,0.1
1752,92.0,0.0,100.0,35.69,3.8,0.1
1753,98.0,0.0,100.0,24.88,16.0,0.1
1754,98.0,0.0,100.0,21.13,2.88,0.1
1755,84.0,0.0,100.0,59.11,2.24,0.1
1756,92.0,0.0,100.0,27.66,15.66,0.1
1757,92.0,0.0,100.0,27.04,15.25,0.1
1758,96.0,0.0,100.0,44.01,16.0,0.1
1759,82.0,0.0,100.0,60.1,3.6,0.1
1760,94.0,0.0,100.0,21.6,4.02,0.1
1761,86.0,0.0,100.0,48.55,4.17,0.1
1762,94.0,0.0,100.0,28.52,3.87,1.32
1763,76.0,0.0,100.0,70.83,7.15,0.1
1764,98.0,0.0,100.0,37.0,1.94,0.1
1765,94.0,0.0,100.0,27.72,15.3,0.1
1766,94.0,0.0,100.0,34.69,7.48,0.1
1767,74.0,0.0,100.0,54.99,2.82,0.1
1768,84.0,0.0,100.0,44.16,7.82,0.1
1769,94.0,0.0,100.0,25.53,14.89,0.1
1770,96.0,0.0,100.0,46.88,6.01,0.1
1771,84.0,0.0,100.0,53.44,7.91,0.1
1772,96.0,0.0,100.0,20.48,7.21,0.1
1773,96.0,0.0,100.0,26.53,2.59,0.1
1774,96.0,0.0,100.0,26.62,2.11,0.1
1775,94.0,0.0,100.0,19.26,2.04,0.1
1776,96.0,0.0,100.0,9.8,2.07,0.1
1777,86.0,0.0,100.0,61.96,5.47,0.1
1778,98.0,0.0,100.0,34.28,16.0,0.11
1779,82.0,0.0,100.0,48.01,3.56,0.1
1780,96.0,0.0,100.0,32.66,7.4,0.1
1781,94.0,0.0,100.0,18.01,7.9,0.1
1782,98.0,0.0,100.0,29.81,1.39,1.28
1783,92.0,0.0,100.0,33.96,1.29,0.11
1784,74.0,0.0,100.0,64.86,2.99,0.1
1785,90.0,0.0,100.0,33.32,4.59,0.1
1786,68.0,0.05,95.0,63.42,1.88,0.1
1787,96.0,0.0,100.0,16.84,4.12,0.1
1788,76.0,0.0,100.0,47.11,15.12,0.1
1789,88.0,0.01,99.0,43.21,6.3,0.1
1790,100.0,0.0,100.0,16.71,7.94,0.1
1791,96.0,0.0,100.0,29.98,14.6,0.1
1792,88.0,0.0,100.0,51.41,3.96,0.1
1793,98.0,0.0,100.0,18.98,8.07,0.1
1794,78.0,0.01,99.0,55.38,1.19,0.12
1795,94.0,0.0,100.0,24.75,4.0,0.1
1796,90.0,0.01,99.0,33.87,4.81,0.1
1797,90.0,0.0,100.0,36.29,15.85,0.1
1798,82.0,0.01,99.0,51.05,1.99,0.1
1799,78.0,0.0,100.0,41.93,4.02,0.1
1800,74.0,0.0,100.0,78.84,8.05,0.11
1801,98.0,0.0,100.0,18.61,14.41,0.1
1802,82.0,0.0,100.0,43.16,2.18,0.1
1803,92.0,0.0,100.0,26.39,4.18,1.34
1804,74.0,0.01,99.0,61.38,14.54,0.17
1805,100.0,0.0,100.0,19.02,1.97,0.23
1806,94.0,0.0,100.0,23.05,4.12,0.3
1807,94.0,0.0,100.0,43.25,5.0,0.2
1808,84.0,0.0,100.0,47.95,2.06,0.19
1809,100.0,0.0,100.0,7.18,15.98,0.11
1810,98.0,0.0,100.0,23.49,7.25,0.1
1811,86.0,0.0,100.0,45.38,4.35,0.1
1812,96.0,0.0,100.0,11.03,4.13,0.1
1813,92.0,0.0,100.0,31.72,7.8,0.11
1814,98.0,0.0,100.0,14.21,7.9,0.11
1815,100.0,0.0,100.0,14.85,4.98,0.11
1816,90.0,0.0,100.0,38.45,7.13,0.11
1817,92.0,0.0,100.0,30.65,3.92,0.11
1818,98.0,0.01,99.0,20.06,3.78,0.11
1819,96.0,0.0,100.0,17.65,2.17,0.11
1820,98.0,0.0,100.0,14.93,4.0,0.11
1821,82.0,0.0,100.0,51.61,4.52,0.11
1822,92.0,0.0,100.0,24.69,7.98,0.11
1823,96.0,0.0,100.0,31.36,13.63,1.28
1824,96.0,0.0,100.0,24.58,8.35,0.11
1825,92.0,0.01,99.0,20.49,16.0,0.1
1826,96.0,0.0,100.0,38.43,13.2,0.11
1827,92.0,0.0,100.0,40.71,1.71,0.11
1828,90.0,0.0,100.0,35.85,10.77,0.11
1829,80.0,0.02,98.0,39.73,2.17,0.1
1830,98.0,0.0,100.0,18.26,2.24,0.1
1831,86.0,0.0,100.0,32.73,15.1,0.1
1832,68.0,0.0,100.0,49.1,4.69,0.09
1833,100.0,0.0,100.0,7.85,2.1,0.1
1834,100.0,0.0,100.0,29.91,2.08,0.1
1835,92.0,0.0,100.0,21.62,7.92,0.1
1836,94.0,0.0,100.0,39.83,11.85,0.11
1837,86.0,0.0,100.0,32.19,3.97,0.14
1838,88.0,0.0,100.0,35.02,3.04,0.11
1839,96.0,0.0,100.0,33.53,15.71,0.1
1840,96.0,0.0,100.0,16.79,4.12,0.1
1841,82.0,0.0,100.0,53.46,14.93,0.1
1842,98.0,0.0,100.0,7.6,3.98,0.1
1843,94.0,0.0,100.0,27.8,7.9,0.1
1844,92.0,0.01,99.0,31.37,3.71,1.27
1845,88.0,0.0,100.0,29.09,15.64,0.1
1846,100.0,0.0,100.0,24.84,2.84,0.1
1847,98.0,0.0,100.0,24.68,12.74,0.1
1848,96.0,0.0,100.0,29.25,7.26,0.1
1849,92.0,0.0,100.0,41.92,15.4,0.1
1850,90.0,0.0,100.0,23.55,4.12,0.1
1851,82.0,0.0,100.0,73.27,7.71,0.1
1852,94.0,0.0,100.0,23.43,8.24,0.1
1853,100.0,0.0,100.0,14.79,16.0,0.1
1854,90.0,0.0,100.0,42.38,13.39,0.1
1855,98.0,0.0,100.0,32.68,15.72,0.1
1856,86.0,0.0,100.0,57.55,12.2,0.1
1857,88.0,0.0,100.0,45.93,4.93,0.1
1858,94.0,0.0,100.0,41.53,12.22,0.1
1859,92.0,0.0,100.0,26.77,4.14,0.1
1860,90.0,0.0,100.0,26.98,4.6,0.1
1861,82.0,0.0,100.0,35.22,15.73,0.1
1862,98.0,0.0,100.0,22.83,8.62,0.1
1863,90.0,0.0,100.0,26.36,15.12,0.1
1864,92.0,0.0,100.0,31.21,4.22,1.3
1865,86.0,0.0,100.0,23.82,7.34,0.1
1866,98.0,0.0,100.0,9.29,2.29,0.1
1867,92.0,0.0,100.0,36.26,4.78,0.11
1868,86.0,0.01,99.0,36.72,2.0,0.1
1869,88.0,0.0,100.0,30.57,2.39,0.1
1870,90.0,0.0,100.0,30.59,10.04,0.1
1871,72.0,0.01,99.0,68.54,1.95,0.1
1872,86.0,0.0,100.0,54.04,7.94,0.1
1873,90.0,0.0,100.0,50.11,5.32,0.11
1874,94.0,0.0,100.0,26.52,13.5,0.11
1875,86.0,0.0,100.0,42.53,14.35,0.1
1876,84.0,0.0,100.0,26.32,15.76,0.1
1877,86.0,0.01,99.0,49.26,3.6,0.1
1878,90.0,0.0,100.0,32.01,9.8,0.1
1879,82.0,0.0,100.0,59.02,4.34,0.1
1880,92.0,0.01,99.0,12.15,7.92,0.1
1881,100.0,0.0,100.0,15.22,4.0,0.1
1882,84.0,0.0,100.0,46.35,13.78,0.11
1883,94.0,0.0,100.0,38.13,3.14,0.1
1884,92.0,0.02,98.0,30.22,5.74,0.1
1885,78.0,0.01,99.0,39.34,15.39,1.26
1886,90.0,0.0,100.0,45.33,5.03,0.1
1887,94.0,0.0,100.0,24.43,2.72,0.1
1888,66.0,0.0,100.0,60.66,3.78,0.1
1889,88.0,0.0,100.0,28.79,4.06,0.1
1890,56.0,0.0,100.0,75.5,4.68,0.1
1891,98.0,0.0,100.0,14.4,7.86,0.1
1892,100.0,0.0,100.0,10.76,7.88,0.1
1893,96.0,0.01,99.0,27.86,4.18,0.1
1894,100.0,0.0,100.0,12.95,15.62,0.1
1895,92.0,0.0,100.0,68.37,6.67,0.1
1896,94.0,0.0,100.0,36.68,3.42,0.1
1897,100.0,0.0,100.0,13.54,8.0,0.1
1898,80.0,0.0,100.0,63.64,2.83,0.1
1899,74.0,0.0,100.0,51.3,7.92,0.1
1900,88.0,0.0,100.0,45.43,2.21,0.1
1901,92.0,0.0,100.0,29.85,2.28,0.1
1902,88.0,0.0,100.0,31.31,7.75,0.1
1903,96.0,0.0,100.0,10.11,2.28,0.11
1904,94.0,0.01,99.0,30.56,14.01,0.1
1905,84.0,0.0,100.0,46.59,14.08,1.27
1906,92.0,0.0,100.0,30.71,16.0,0.1
1907,82.0,0.01,99.0,59.07,5.84,0.1
1908,96.0,0.0,100.0,19.66,7.84,0.1
1909,90.0,0.0,100.0,35.64,7.49,0.1
1910,98.0,0.0,100.0,28.6,3.96,0.1
1911,92.0,0.0,100.0,27.85,4.06,0.1
1912,92.0,0.0,100.0,28.18,8.01,0.1
1913,92.0,0.0,100.0,22.71,14.8,0.1
1914,92.0,0.0,100.0,17.4,7.93,0.1
1915,78.0,0.0,100.0,63.66,2.29,0.11
1916,86.0,0.0,100.0,45.84,5.9,0.1
1917,82.0,0.0,100.0,53.06,3.67,0.1
1918,86.0,0.0,100.0,39.72,8.34,0.1
1919,98.0,0.0,100.0,40.77,5.06,0.1
1920,84.0,0.0,100.0,37.74,8.21,0.1
1921,82.0,0.0,100.0,51.99,3.4,0.1
1922,88.0,0.01,99.0,22.42,3.95,0.1
1923,90.0,0.0,100.0,31.62,7.75,0.1
1924,100.0,0.0,100.0,13.83,8.08,0.1
1925,92.0,0.0,100.0,22.52,3.96,0.11
1926,86.0,0.0,100.0,33.55,7.65,1.23
1927,96.0,0.0,100.0,33.77,2.79,0.1
1928,88.0,0.0,100.0,37.73,3.98,0.11
1929,78.0,0.0,100.0,56.53,5.6,0.1
1930,92.0,0.0,100.0,34.61,4.48,0.1
1931,86.0,0.0,100.0,61.81,15.72,0.1
1932,96.0,0.0,100.0,33.55,7.0,0.11
1933,100.0,0.0,100.0,26.61,7.68,0.1
1934,98.0,0.0,100.0,30.09,2.24,0.11
1935,78.0,0.0,100.0,58.15,1.62,0.11
1936,100.0,0.0,100.0,15.24,8.42,0.1
1937,92.0,0.0,100.0,34.57,5.21,0.11
1938,86.0,0.0,100.0,30.19,1.98,0.1
1939,82.0,0.01,99.0,29.38,2.48,0.1
1940,98.0,0.0,100.0,13.34,16.0,0.1
1941,100.0,0.0,100.0,24.94,15.28,0.1
1942,98.0,0.0,100.0,18.77,3.89,0.1
1943,76.0,0.0,100.0,58.26,7.4,0.1
1944,82.0,0.0,100.0,37.56,4.34,0.1
1945,100.0,0.0,100.0,21.62,10.69,0.1
1946,84.0,0.0,100.0,47.13,4.4,1.23
1947,82.0,0.0,100.0,52.81,7.56,0.1
1948,94.0,0.01,99.0,27.69,7.64,0.1
1949,92.0,0.0,100.0,37.02,5.58,0.1
1950,82.0,0.0,100.0,47.51,7.89,0.1
1951,96.0,0.0,100.0,31.83,13.06,0.11
1952,90.0,0.02,98.0,19.94,4.18,0.1
1953,94.0,0.0,100.0,24.7,7.78,0.09
1954,98.0,0.0,100.0,20.77,4.36,0.1
1955,84.0,0.0,100.0,53.68,1.9,0.1
1956,92.0,0.0,100.0,48.92,8.6,0.1
1957,94.0,0.0,100.0,40.11,4.8,0.1
1958,90.0,0.0,100.0,26.21,15.21,0.09
1959,98.0,0.0,100.0,13.04,4.0,0.1
1960,94.0,0.0,100.0,24.85,4.04,0.1
1961,84.0,0.0,100.0,44.44,15.44,0.1
1962,90.0,0.0,100.0,34.5,4.1,0.1
1963,82.0,0.0,100.0,32.84,4.24,0.1
1964,64.0,0.0,100.0,73.49,5.29,0.1
1965,84.0,0.01,99.0,47.52,5.68,0.1
1966,90.0,0.01,99.0,31.35,6.62,0.09
1967,92.0,0.0,100.0,22.34,7.79,1.23
1968,90.0,0.0,100.0,36.18,3.97,0.1
1969,96.0,0.0,100.0,21.82,7.93,0.1
1970,92.0,0.0,100.0,45.03,2.01,0.1
1971,92.0,0.0,100.0,36.67,15.4,0.1
1972,96.0,0.0,100.0,37.68,8.55,0.1
1973,94.0,0.0,100.0,28.21,4.76,0.1
1974,92.0,0.0,100.0,39.31,7.66,0.1
1975,86.0,0.0,100.0,62.56,3.85,0.1
1976,96.0,0.0,100.0,29.19,15.86,0.1
1977,92.0,0.0,100.0,30.36,2.94,0.1
1978,76.0,0.01,99.0,62.95,4.43,0.1
1979,84.0,0.0,100.0,41.1,8.22,0.11
1980,98.0,0.0,100.0,10.46,3.97,0.1
1981,88.0,0.0,100.0,29.39,2.8,0.1
1982,98.0,0.0,100.0,24.7,8.0,0.1
1983,90.0,0.0,100.0,49.89,6.86,0.1
1984,88.0,0.0,100.0,45.81,4.27,0.09
1985,100.0,0.0,100.0,4.38,4.0,0.09
1986,46.0,0.02,98.0,84.61,5.73,0.11
1987,98.0,0.0,100.0,29.96,15.61,1.21
1988,92.0,0.0,100.0,32.41,2.08,0.1
1989,86.0,0.0,100.0,42.37,3.75,0.1
1990,86.0,0.0,100.0,55.79,7.88,0.1
1991,98.0,0.0,100.0,27.22,8.08,0.09
1992,92.0,0.0,100.0,41.28,2.75,0.1
1993,98.0,0.0,100.0,34.46,4.48,0.1
1994,98.0,0.0,100.0,17.53,3.9,0.1
1995,82.0,0.0,100.0,51.16,10.72,0.1
1996,82.0,0.01,99.0,48.91,2.03,0.1
1997,80.0,0.0,100.0,52.78,14.32,0.1
1998,90.0,0.0,100.0,22.84,16.0,0.1
1999,80.0,0.0,100.0,33.65,15.54,0.1
2000,100.0,0.0,100.0,7.92,7.98,0.1
2001,96.0,0.0,100.0,20.56,6.0,0.1
2002,100.0,0.0,100.0,14.44,3.91,0.1
2003,94.0,0.0,100.0,27.87,3.48,0.1
2004,100.0,0.0,100.0,20.67,5.56,0.1
2005,64.0,0.0,100.0,73.52,4.06,0.1
2006,92.0,0.0,100.0,19.07,2.0,0.1
2007,98.0,0.0,100.0,18.99,2.32,0.1
