1,36.0,0.15
1,30.0,0.15
1,38.0,0.15
2,26.0,0.12
2,4.0,0.12
2,6.0,0.12
2,26.0,0.12
3,22.0,0.12
3,56.0,0.12
4,34.0,0.12
4,36.0,0.12
4,44.0,0.12
4,44.0,0.12
5,32.0,0.13
5,42.0,0.13
6,60.0,0.12
6,66.0,0.12
6,50.0,0.12
6,54.0,0.12
6,40.0,0.12
7,46.0,0.12
7,46.0,0.12
7,30.0,0.12
7,38.0,0.12
7,38.0,0.12
8,42.0,0.12
8,40.0,0.12
8,40.0,0.12
8,40.0,0.12
8,46.0,0.12
8,40.0,0.12
9,22.0,0.12
9,46.0,0.12
9,24.0,0.12
9,34.0,0.12
10,42.0,0.12
10,34.0,0.12
10,52.0,0.12
10,32.0,0.12
10,48.0,0.12
10,40.0,0.12
11,50.0,0.12
11,50.0,0.12
11,58.0,0.12
11,52.0,0.12
11,50.0,0.12
12,36.0,0.13
12,24.0,0.13
12,24.0,0.13
12,32.0,0.13
12,18.0,0.13
13,62.0,0.12
13,58.0,0.12
13,64.0,0.12
13,60.0,0.12
13,60.0,0.12
13,48.0,0.12
14,52.0,0.12
14,64.0,0.12
14,52.0,0.12
14,56.0,0.12
14,64.0,0.12
14,50.0,0.12
15,44.0,0.12
15,60.0,0.12
15,68.0,0.12
15,62.0,0.12
15,70.0,0.12
15,56.0,0.12
15,56.0,0.12
16,66.0,0.13
16,68.0,0.13
16,72.0,0.13
16,64.0,0.13
16,68.0,0.13
16,64.0,0.13
17,48.0,0.12
17,68.0,0.12
17,58.0,0.12
17,52.0,0.12
17,58.0,0.12
18,46.0,0.12
18,52.0,0.12
18,54.0,0.12
18,44.0,0.12
19,62.0,0.13
19,54.0,0.13
19,60.0,0.13
19,56.0,0.13
20,62.0,0.17
20,58.0,0.17
20,48.0,0.17
20,56.0,0.17
21,46.0,0.12
21,46.0,0.12
21,34.0,0.12
21,44.0,0.12
21,38.0,0.12
21,38.0,0.12
21,42.0,0.12
22,68.0,0.12
22,66.0,0.12
22,54.0,0.12
22,66.0,0.12
23,26.0,0.12
23,36.0,0.12
23,30.0,0.12
23,26.0,0.12
23,24.0,0.12
24,44.0,0.13
24,42.0,0.13
24,58.0,0.13
24,54.0,0.13
24,50.0,0.13
24,42.0,0.13
25,42.0,0.12
25,38.0,0.12
25,36.0,0.12
25,26.0,0.12
26,56.0,0.13
26,78.0,0.13
26,62.0,0.13
26,84.0,0.13
26,72.0,0.13
27,24.0,0.12
27,46.0,0.12
27,54.0,0.12
27,36.0,0.12
27,50.0,0.12
27,36.0,0.12
28,50.0,0.12
28,60.0,0.12
28,48.0,0.12
28,56.0,0.12
29,56.0,0.12
29,58.0,0.12
29,58.0,0.12
29,66.0,0.12
29,70.0,0.12
30,26.0,0.12
30,36.0,0.12
30,34.0,0.12
30,30.0,0.12
31,46.0,0.14
31,40.0,0.14
31,56.0,0.14
31,50.0,0.14
32,54.0,0.12
32,58.0,0.12
32,52.0,0.12
32,68.0,0.12
32,62.0,0.12
33,50.0,0.13
33,36.0,0.13
33,48.0,0.13
33,60.0,0.13
33,48.0,0.13
34,48.0,0.13
34,56.0,0.13
34,50.0,0.13
34,50.0,0.13
34,48.0,0.13
34,52.0,0.13
34,50.0,0.13
35,52.0,0.13
35,60.0,0.13
35,54.0,0.13
35,60.0,0.13
35,64.0,0.13
36,82.0,0.13
36,76.0,0.13
36,82.0,0.13
36,76.0,0.13
36,72.0,0.13
36,68.0,0.13
37,66.0,0.14
37,58.0,0.14
37,76.0,0.14
37,74.0,0.14
37,64.0,0.14
38,50.0,0.13
38,46.0,0.13
38,46.0,0.13
38,54.0,0.13
38,38.0,0.13
38,40.0,0.13
38,46.0,0.13
39,36.0,0.13
39,18.0,0.13
39,30.0,0.13
39,36.0,0.13
39,30.0,0.13
39,22.0,0.13
40,48.0,0.12
40,38.0,0.12
40,44.0,0.12
40,42.0,0.12
40,48.0,0.12
41,20.0,0.12
41,22.0,0.12
41,28.0,0.12
41,28.0,0.12
41,32.0,0.12
42,68.0,0.13
42,64.0,0.13
43,48.0,0.13
43,56.0,0.13
43,66.0,0.13
43,60.0,0.13
43,50.0,0.13
43,68.0,0.13
44,40.0,0.13
44,56.0,0.13
44,48.0,0.13
44,58.0,0.13
45,64.0,0.14
45,72.0,0.14
45,72.0,0.14
45,66.0,0.14
45,66.0,0.14
46,58.0,0.12
46,68.0,0.12
46,50.0,0.12
46,48.0,0.12
47,36.0,0.13
47,60.0,0.13
47,42.0,0.12
47,54.0,0.13
47,52.0,0.12
47,50.0,0.13
48,62.0,0.12
48,42.0,0.12
48,62.0,0.12
48,66.0,0.12
48,78.0,0.12
49,62.0,0.12
49,56.0,0.12
49,60.0,0.12
49,68.0,0.12
49,60.0,0.12
49,56.0,0.12
50,74.0,0.12
50,66.0,0.12
50,62.0,0.12
50,70.0,0.12
51,48.0,0.13
51,50.0,0.13
52,46.0,0.13
52,64.0,0.13
52,56.0,0.13
52,48.0,0.13
52,62.0,0.13
53,44.0,0.13
53,44.0,0.13
53,50.0,0.13
53,40.0,0.13
54,54.0,0.12
54,62.0,0.12
54,44.0,0.12
54,54.0,0.12
55,28.0,0.13
55,36.0,0.13
55,18.0,0.13
56,52.0,0.12
56,50.0,0.12
56,44.0,0.12
56,54.0,0.12
56,48.0,0.12
57,62.0,0.12
57,56.0,0.12
57,62.0,0.12
58,54.0,0.12
58,48.0,0.12
58,56.0,0.12
58,34.0,0.12
58,48.0,0.12
58,46.0,0.12
58,54.0,0.12
58,36.0,0.12
59,42.0,0.12
59,48.0,0.12
59,52.0,0.12
59,60.0,0.12
60,40.0,0.12
60,44.0,0.12
60,36.0,0.13
60,38.0,0.12
61,62.0,0.12
61,58.0,0.12
61,66.0,0.12
62,62.0,0.14
62,62.0,0.14
62,54.0,0.14
62,60.0,0.14
62,60.0,0.14
63,40.0,0.13
63,52.0,0.13
64,70.0,0.12
64,72.0,0.12
64,88.0,0.12
64,70.0,0.12
64,58.0,0.12
64,70.0,0.12
65,44.0,0.12
65,44.0,0.12
65,48.0,0.13
65,44.0,0.13
66,40.0,0.12
66,52.0,0.12
66,40.0,0.12
66,50.0,0.12
67,56.0,0.13
67,62.0,0.13
67,66.0,0.13
68,58.0,0.13
68,38.0,0.13
68,62.0,0.13
68,58.0,0.13
68,54.0,0.13
69,60.0,0.13
69,68.0,0.13
69,72.0,0.13
70,68.0,0.12
70,72.0,0.12
70,62.0,0.12
70,62.0,0.12
70,60.0,0.12
70,72.0,0.12
71,36.0,0.12
71,44.0,0.12
71,42.0,0.12
71,48.0,0.12
71,44.0,0.12
72,64.0,0.13
72,56.0,0.13
72,58.0,0.13
73,76.0,0.15
73,78.0,0.15
74,68.0,0.13
74,66.0,0.13
74,74.0,0.13
74,60.0,0.13
74,66.0,0.13
74,56.0,0.13
75,60.0,0.12
75,64.0,0.12
75,60.0,0.12
76,54.0,0.15
76,70.0,0.15
77,64.0,0.16
77,56.0,0.15
77,64.0,0.16
78,76.0,0.16
78,76.0,0.16
78,76.0,0.16
79,52.0,0.14
79,52.0,0.14
80,60.0,0.15
80,60.0,0.15
80,60.0,0.15
81,54.0,0.12
81,50.0,0.12
81,56.0,0.12
81,46.0,0.12
82,50.0,0.12
82,54.0,0.12
82,42.0,0.12
82,52.0,0.12
82,38.0,0.12
83,62.0,0.14
83,66.0,0.14
84,66.0,0.13
84,62.0,0.13
84,62.0,0.13
84,68.0,0.13
84,74.0,0.13
85,88.0,0.13
85,86.0,0.13
85,88.0,0.13
85,90.0,0.13
85,78.0,0.13
86,56.0,0.12
86,66.0,0.12
86,50.0,0.12
86,60.0,0.12
86,66.0,0.12
87,60.0,0.13
87,72.0,0.13
87,52.0,0.13
87,48.0,0.13
87,42.0,0.13
88,60.0,0.13
88,70.0,0.13
88,62.0,0.13
88,62.0,0.13
88,64.0,0.13
88,70.0,0.13
89,60.0,0.12
89,60.0,0.12
89,56.0,0.12
89,52.0,0.12
89,62.0,0.12
90,58.0,0.12
90,66.0,0.12
90,48.0,0.12
90,46.0,0.12
90,58.0,0.12
90,50.0,0.12
91,52.0,0.14
91,52.0,0.14
91,66.0,0.14
91,60.0,0.14
91,52.0,0.14
91,58.0,0.14
91,50.0,0.14
92,76.0,0.13
92,70.0,0.13
92,74.0,0.13
92,62.0,0.13
93,58.0,0.15
93,62.0,0.15
93,62.0,0.15
93,64.0,0.15
94,46.0,0.13
94,56.0,0.13
94,46.0,0.13
94,46.0,0.13
94,50.0,0.13
94,58.0,0.13
94,42.0,0.13
94,48.0,0.13
95,60.0,0.13
95,58.0,0.14
95,52.0,0.13
95,58.0,0.14
95,52.0,0.13
95,52.0,0.13
96,74.0,0.13
96,72.0,0.13
96,70.0,0.13
96,80.0,0.13
96,70.0,0.13
96,70.0,0.13
96,80.0,0.13
97,76.0,0.12
97,88.0,0.12
97,80.0,0.12
97,76.0,0.12
97,84.0,0.12
97,88.0,0.12
98,78.0,0.13
98,72.0,0.12
98,72.0,0.13
98,66.0,0.12
98,76.0,0.13
99,80.0,0.15
99,72.0,0.15
99,86.0,0.15
99,78.0,0.15
100,60.0,0.14
100,66.0,0.14
100,62.0,0.14
100,70.0,0.14
100,76.0,0.14
101,50.0,0.12
101,58.0,0.12
101,58.0,0.12
101,58.0,0.12
101,66.0,0.12
102,54.0,0.13
102,38.0,0.13
102,44.0,0.13
102,30.0,0.13
102,48.0,0.13
103,86.0,0.13
103,80.0,0.13
103,76.0,0.13
103,80.0,0.13
104,54.0,0.12
104,52.0,0.12
104,48.0,0.12
104,40.0,0.12
104,60.0,0.12
105,52.0,0.13
105,60.0,0.13
105,60.0,0.13
105,66.0,0.13
105,58.0,0.13
106,62.0,0.14
106,62.0,0.14
106,56.0,0.14
107,36.0,0.13
107,58.0,0.13
107,28.0,0.13
107,40.0,0.13
108,60.0,0.13
108,46.0,0.13
108,58.0,0.13
108,52.0,0.13
109,60.0,0.14
109,80.0,0.14
109,72.0,0.14
110,60.0,0.13
110,66.0,0.13
110,62.0,0.13
110,64.0,0.13
110,70.0,0.13
111,38.0,0.12
111,48.0,0.12
111,40.0,0.12
111,30.0,0.12
111,50.0,0.12
112,70.0,0.12
112,64.0,0.12
112,70.0,0.12
112,70.0,0.12
112,66.0,0.12
112,72.0,0.12
113,64.0,0.12
113,62.0,0.12
113,66.0,0.12
113,78.0,0.12
113,62.0,0.12
113,54.0,0.12
114,70.0,0.12
114,72.0,0.12
114,74.0,0.12
114,84.0,0.12
114,74.0,0.12
115,58.0,0.13
115,58.0,0.13
115,56.0,0.13
116,62.0,0.12
116,60.0,0.12
116,60.0,0.12
116,54.0,0.12
116,54.0,0.12
116,68.0,0.12
117,58.0,0.12
117,44.0,0.12
117,46.0,0.12
117,50.0,0.12
117,62.0,0.12
118,60.0,0.12
118,50.0,0.12
118,56.0,0.12
118,60.0,0.12
118,56.0,0.12
118,54.0,0.12
118,58.0,0.12
119,40.0,0.12
119,50.0,0.12
119,50.0,0.12
119,46.0,0.12
120,94.0,0.13
120,76.0,0.13
120,88.0,0.13
120,90.0,0.13
121,80.0,0.12
121,84.0,0.12
121,82.0,0.12
121,82.0,0.12
121,90.0,0.12
121,78.0,0.12
122,66.0,0.12
122,76.0,0.12
122,66.0,0.12
122,70.0,0.12
122,60.0,0.12
123,48.0,0.13
123,50.0,0.13
123,64.0,0.13
123,56.0,0.13
123,54.0,0.13
124,64.0,0.12
124,54.0,0.13
124,52.0,0.12
124,64.0,0.12
124,60.0,0.12
125,82.0,0.12
125,76.0,0.12
125,80.0,0.12
125,68.0,0.12
126,58.0,0.13
126,42.0,0.13
126,48.0,0.13
126,64.0,0.13
126,48.0,0.13
127,60.0,0.13
127,50.0,0.13
127,58.0,0.13
127,60.0,0.13
127,62.0,0.13
127,60.0,0.13
127,58.0,0.13
128,80.0,0.12
128,84.0,0.12
128,92.0,0.12
129,40.0,0.14
129,34.0,0.14
129,36.0,0.14
129,44.0,0.14
130,70.0,0.13
130,62.0,0.13
130,58.0,0.13
130,68.0,0.13
131,80.0,0.12
131,76.0,0.12
131,72.0,0.12
131,72.0,0.12
131,68.0,0.12
131,72.0,0.12
131,66.0,0.12
132,84.0,0.12
132,78.0,0.12
132,76.0,0.12
132,92.0,0.12
133,60.0,0.12
133,66.0,0.12
133,66.0,0.12
133,68.0,0.12
134,68.0,0.12
134,58.0,0.12
134,58.0,0.12
134,56.0,0.12
134,72.0,0.12
134,58.0,0.12
135,72.0,0.13
135,76.0,0.13
135,70.0,0.13
135,68.0,0.13
135,76.0,0.13
135,70.0,0.13
136,68.0,0.12
136,70.0,0.12
136,70.0,0.12
136,70.0,0.12
136,62.0,0.12
136,82.0,0.12
137,50.0,0.12
137,52.0,0.12
137,66.0,0.12
137,46.0,0.12
138,82.0,0.13
138,68.0,0.13
138,76.0,0.13
138,68.0,0.13
139,62.0,0.13
139,68.0,0.13
139,60.0,0.13
139,64.0,0.13
140,76.0,0.13
140,68.0,0.13
140,72.0,0.13
141,14.0,0.12
141,16.0,0.12
141,12.0,0.12
141,28.0,0.12
141,20.0,0.12
141,22.0,0.12
142,44.0,0.13
142,48.0,0.13
142,42.0,0.13
142,42.0,0.13
142,42.0,0.13
143,70.0,0.12
143,80.0,0.12
144,22.0,0.12
144,30.0,0.12
144,22.0,0.12
144,28.0,0.12
144,18.0,0.12
145,72.0,0.12
145,68.0,0.12
145,72.0,0.12
146,78.0,0.13
146,74.0,0.13
146,68.0,0.13
146,84.0,0.13
146,72.0,0.13
146,72.0,0.13
147,82.0,0.13
147,82.0,0.13
147,86.0,0.13
147,76.0,0.13
147,78.0,0.13
148,72.0,0.13
148,82.0,0.13
148,72.0,0.13
149,92.0,0.13
149,90.0,0.13
149,80.0,0.13
149,86.0,0.13
150,64.0,0.12
150,54.0,0.12
150,70.0,0.12
151,78.0,0.13
151,74.0,0.13
152,62.0,0.12
152,74.0,0.12
152,54.0,0.12
152,50.0,0.12
152,62.0,0.12
153,74.0,0.13
153,64.0,0.13
153,66.0,0.13
153,68.0,0.13
154,26.0,0.13
154,26.0,0.12
155,82.0,0.13
155,74.0,0.13
155,74.0,0.13
155,64.0,0.13
156,42.0,0.13
156,40.0,0.13
156,52.0,0.13
157,74.0,0.12
157,74.0,0.12
157,78.0,0.12
157,86.0,0.12
158,62.0,0.14
158,68.0,0.14
159,54.0,0.13
159,62.0,0.13
159,68.0,0.13
159,62.0,0.13
160,50.0,0.12
160,58.0,0.12
160,66.0,0.12
160,60.0,0.12
160,48.0,0.12
160,50.0,0.12
161,66.0,0.12
161,60.0,0.12
161,64.0,0.12
161,68.0,0.12
161,60.0,0.12
161,58.0,0.12
162,68.0,0.12
162,66.0,0.12
162,72.0,0.12
162,78.0,0.12
162,80.0,0.12
163,78.0,0.12
163,62.0,0.12
163,68.0,0.12
163,64.0,0.12
163,60.0,0.12
163,70.0,0.12
164,60.0,0.13
164,46.0,0.13
164,54.0,0.13
164,58.0,0.13
164,60.0,0.13
165,66.0,0.13
165,64.0,0.13
165,58.0,0.13
165,70.0,0.13
166,68.0,0.14
166,70.0,0.14
166,58.0,0.14
167,18.0,0.15
167,34.0,0.14
167,18.0,0.14
168,82.0,0.15
168,90.0,0.15
168,78.0,0.15
168,80.0,0.15
169,76.0,0.13
169,74.0,0.13
169,80.0,0.13
169,74.0,0.13
169,84.0,0.13
169,58.0,0.13
169,68.0,0.13
170,74.0,0.13
170,60.0,0.13
170,66.0,0.13
171,52.0,0.12
171,56.0,0.12
171,50.0,0.12
171,52.0,0.12
171,58.0,0.12
171,36.0,0.12
172,72.0,0.13
172,62.0,0.13
172,66.0,0.13
172,70.0,0.13
172,60.0,0.13
172,60.0,0.13
172,66.0,0.13
173,64.0,0.14
173,72.0,0.14
173,76.0,0.14
173,50.0,0.14
173,70.0,0.14
174,70.0,0.14
174,74.0,0.14
174,70.0,0.14
174,78.0,0.14
174,64.0,0.14
175,80.0,0.12
175,78.0,0.12
175,76.0,0.12
175,78.0,0.12
176,76.0,0.13
176,74.0,0.13
176,72.0,0.13
176,70.0,0.13
176,76.0,0.13
176,58.0,0.13
176,66.0,0.13
177,66.0,0.12
177,60.0,0.12
177,66.0,0.12
177,68.0,0.12
177,68.0,0.12
177,72.0,0.12
177,64.0,0.12
178,70.0,0.12
178,62.0,0.12
178,64.0,0.12
178,74.0,0.12
178,66.0,0.12
178,74.0,0.12
178,60.0,0.12
179,64.0,0.12
179,72.0,0.12
179,64.0,0.12
179,78.0,0.12
179,72.0,0.12
179,72.0,0.12
179,74.0,0.12
180,68.0,0.13
180,60.0,0.13
180,66.0,0.13
181,66.0,0.12
181,66.0,0.12
181,68.0,0.12
181,62.0,0.12
181,56.0,0.12
181,68.0,0.12
181,58.0,0.12
182,58.0,0.12
182,54.0,0.12
182,36.0,0.12
182,52.0,0.12
182,58.0,0.12
182,54.0,0.12
182,54.0,0.12
183,42.0,0.13
183,44.0,0.13
183,34.0,0.13
183,46.0,0.13
183,40.0,0.13
183,54.0,0.13
184,46.0,0.13
184,56.0,0.13
185,50.0,0.13
185,46.0,0.13
185,42.0,0.13
185,50.0,0.13
185,58.0,0.13
186,78.0,0.13
186,82.0,0.13
186,84.0,0.13
186,82.0,0.13
186,82.0,0.13
187,84.0,0.13
187,66.0,0.13
187,68.0,0.13
187,74.0,0.13
188,58.0,0.12
188,64.0,0.12
188,68.0,0.13
188,52.0,0.12
188,56.0,0.12
188,56.0,0.12
189,64.0,0.12
189,62.0,0.12
189,60.0,0.12
189,58.0,0.12
189,66.0,0.12
190,66.0,0.13
190,72.0,0.13
190,74.0,0.13
190,50.0,0.13
190,60.0,0.13
191,50.0,0.13
191,66.0,0.13
191,58.0,0.13
191,62.0,0.13
191,64.0,0.13
191,48.0,0.13
192,66.0,0.13
192,62.0,0.13
192,66.0,0.13
192,62.0,0.13
193,74.0,0.13
193,74.0,0.13
193,72.0,0.13
193,70.0,0.13
193,74.0,0.13
194,84.0,0.12
194,82.0,0.12
194,74.0,0.12
194,78.0,0.12
195,66.0,0.13
195,76.0,0.13
195,60.0,0.13
195,68.0,0.13
195,62.0,0.13
196,36.0,0.17
196,28.0,0.17
196,38.0,0.17
196,44.0,0.17
197,78.0,0.16
197,78.0,0.16
197,66.0,0.16
197,76.0,0.16
197,68.0,0.16
198,72.0,0.16
198,68.0,0.16
198,66.0,0.16
198,74.0,0.16
198,70.0,0.16
199,66.0,0.13
199,50.0,0.13
199,66.0,0.13
199,62.0,0.13
199,58.0,0.13
200,82.0,0.13
200,82.0,0.13
200,86.0,0.13
200,88.0,0.13
201,66.0,0.13
201,60.0,0.13
201,64.0,0.13
201,58.0,0.13
202,86.0,0.12
202,90.0,0.12
203,42.0,0.12
203,50.0,0.12
204,78.0,0.12
204,66.0,0.12
204,72.0,0.12
204,68.0,0.12
204,66.0,0.12
204,64.0,0.12
205,62.0,0.13
205,60.0,0.13
205,66.0,0.13
205,76.0,0.13
206,76.0,0.13
206,76.0,0.13
206,74.0,0.13
206,76.0,0.13
206,70.0,0.13
206,68.0,0.13
207,84.0,0.12
207,86.0,0.12
207,80.0,0.12
207,82.0,0.12
207,84.0,0.12
207,86.0,0.12
207,78.0,0.12
208,58.0,0.13
208,60.0,0.13
209,54.0,0.13
209,56.0,0.13
209,50.0,0.13
209,48.0,0.13
210,80.0,0.13
210,84.0,0.13
210,74.0,0.13
210,78.0,0.13
210,80.0,0.13
211,76.0,0.13
211,74.0,0.13
211,78.0,0.13
211,80.0,0.13
212,64.0,0.12
212,70.0,0.12
212,74.0,0.12
212,78.0,0.12
212,78.0,0.12
213,44.0,0.12
213,38.0,0.12
213,46.0,0.12
213,48.0,0.12
213,64.0,0.12
213,38.0,0.12
213,40.0,0.12
214,64.0,0.12
214,54.0,0.12
214,72.0,0.12
214,54.0,0.12
214,60.0,0.12
214,60.0,0.12
215,74.0,0.13
215,80.0,0.12
215,76.0,0.13
215,68.0,0.13
215,72.0,0.13
216,50.0,0.13
216,58.0,0.13
216,64.0,0.12
216,60.0,0.12
216,70.0,0.12
216,74.0,0.13
217,32.0,0.12
217,16.0,0.12
217,34.0,0.12
218,30.0,0.12
218,48.0,0.12
218,54.0,0.12
218,48.0,0.12
219,92.0,0.13
219,86.0,0.13
219,92.0,0.13
219,90.0,0.13
220,60.0,0.13
220,70.0,0.13
220,66.0,0.13
221,52.0,0.13
221,48.0,0.13
222,54.0,0.13
222,62.0,0.13
222,58.0,0.13
222,56.0,0.13
223,72.0,0.13
223,66.0,0.13
223,72.0,0.13
224,72.0,0.13
224,66.0,0.13
224,70.0,0.13
225,76.0,0.13
225,80.0,0.13
225,82.0,0.13
226,94.0,0.12
226,98.0,0.12
226,94.0,0.12
226,92.0,0.12
226,98.0,0.12
226,90.0,0.12
227,76.0,0.12
227,86.0,0.12
227,82.0,0.12
227,82.0,0.12
228,68.0,0.15
228,58.0,0.15
228,68.0,0.15
228,72.0,0.15
228,70.0,0.15
229,42.0,0.13
229,40.0,0.13
229,24.0,0.13
229,26.0,0.13
230,62.0,0.14
230,62.0,0.14
230,46.0,0.14
230,48.0,0.14
230,52.0,0.14
231,58.0,0.12
231,66.0,0.12
231,68.0,0.12
231,68.0,0.12
231,70.0,0.12
231,68.0,0.12
232,76.0,0.12
232,82.0,0.12
232,80.0,0.12
232,70.0,0.12
232,84.0,0.12
232,68.0,0.12
232,80.0,0.12
233,62.0,0.13
233,70.0,0.13
233,58.0,0.13
233,68.0,0.13
233,70.0,0.13
234,66.0,0.12
234,82.0,0.12
234,62.0,0.12
234,66.0,0.12
234,68.0,0.12
234,80.0,0.12
235,76.0,0.12
235,80.0,0.12
235,76.0,0.12
235,66.0,0.12
235,60.0,0.12
236,78.0,0.12
236,62.0,0.12
236,78.0,0.12
237,66.0,0.13
237,68.0,0.13
237,74.0,0.13
237,76.0,0.13
237,78.0,0.13
237,72.0,0.13
238,58.0,0.13
238,60.0,0.13
238,66.0,0.13
238,56.0,0.13
239,78.0,0.13
239,80.0,0.13
239,74.0,0.13
239,78.0,0.13
239,68.0,0.13
239,76.0,0.13
240,84.0,0.13
240,76.0,0.13
240,92.0,0.13
240,80.0,0.13
241,52.0,0.12
241,54.0,0.12
241,62.0,0.12
242,66.0,0.12
242,60.0,0.12
242,60.0,0.12
242,54.0,0.12
243,36.0,0.13
243,30.0,0.14
244,68.0,0.14
244,62.0,0.14
244,60.0,0.14
245,72.0,0.13
245,80.0,0.13
245,80.0,0.13
245,82.0,0.13
245,80.0,0.13
246,70.0,0.16
246,72.0,0.16
246,68.0,0.16
247,84.0,0.14
247,76.0,0.14
247,88.0,0.14
247,86.0,0.14
247,86.0,0.14
248,80.0,0.13
248,78.0,0.13
248,84.0,0.13
248,80.0,0.13
248,82.0,0.13
248,94.0,0.13
249,40.0,0.13
249,30.0,0.13
249,38.0,0.13
249,40.0,0.13
249,42.0,0.13
250,60.0,0.13
250,54.0,0.13
250,64.0,0.13
250,62.0,0.13
250,54.0,0.13
251,70.0,0.12
251,78.0,0.12
251,70.0,0.12
251,76.0,0.12
251,74.0,0.12
252,62.0,0.12
252,76.0,0.12
252,80.0,0.12
252,68.0,0.12
252,70.0,0.12
253,60.0,0.12
253,54.0,0.12
253,58.0,0.12
253,52.0,0.12
254,70.0,0.13
254,56.0,0.13
254,54.0,0.13
254,74.0,0.13
255,82.0,0.13
255,74.0,0.13
255,78.0,0.13
255,84.0,0.13
256,78.0,0.13
256,74.0,0.13
256,74.0,0.13
256,80.0,0.13
256,82.0,0.13
257,72.0,0.12
257,66.0,0.12
257,64.0,0.12
257,72.0,0.12
257,56.0,0.12
258,60.0,0.12
258,56.0,0.12
258,54.0,0.12
258,58.0,0.12
259,74.0,0.12
259,84.0,0.12
259,82.0,0.12
259,84.0,0.12
259,82.0,0.12
260,72.0,0.13
260,72.0,0.13
260,72.0,0.13
260,62.0,0.13
260,66.0,0.13
260,72.0,0.13
261,44.0,0.12
261,46.0,0.12
261,38.0,0.12
261,38.0,0.12
261,42.0,0.12
261,32.0,0.12
262,70.0,0.13
262,72.0,0.13
262,82.0,0.13
263,12.0,0.12
263,4.0,0.12
263,28.0,0.12
263,18.0,0.12
264,70.0,0.13
264,70.0,0.13
264,62.0,0.13
265,74.0,0.13
265,72.0,0.12
265,80.0,0.12
266,74.0,0.12
266,74.0,0.12
266,76.0,0.12
266,74.0,0.12
266,64.0,0.12
266,70.0,0.12
267,62.0,0.12
267,76.0,0.12
267,84.0,0.12
267,70.0,0.12
267,64.0,0.12
267,76.0,0.12
268,58.0,0.12
268,66.0,0.12
268,60.0,0.12
268,66.0,0.12
268,66.0,0.12
268,58.0,0.12
269,82.0,0.15
269,90.0,0.15
270,50.0,0.13
270,54.0,0.13
270,50.0,0.13
270,42.0,0.13
271,68.0,0.15
271,64.0,0.15
271,72.0,0.15
271,70.0,0.15
272,82.0,0.13
272,80.0,0.13
272,86.0,0.13
272,82.0,0.13
272,78.0,0.13
272,80.0,0.13
273,74.0,0.14
273,78.0,0.14
273,78.0,0.14
273,76.0,0.14
274,72.0,0.13
274,64.0,0.13
274,54.0,0.13
275,74.0,0.12
275,66.0,0.12
275,68.0,0.12
275,74.0,0.12
275,74.0,0.12
276,56.0,0.13
276,74.0,0.13
276,70.0,0.13
276,68.0,0.13
276,60.0,0.13
277,58.0,0.13
277,60.0,0.13
277,58.0,0.13
277,68.0,0.13
277,70.0,0.13
277,58.0,0.13
278,58.0,0.14
278,66.0,0.14
278,64.0,0.14
279,68.0,0.14
279,72.0,0.14
279,78.0,0.14
279,64.0,0.14
279,66.0,0.14
280,64.0,0.14
280,68.0,0.14
280,62.0,0.14
280,58.0,0.14
280,74.0,0.14
280,66.0,0.14
281,84.0,0.13
281,92.0,0.13
281,88.0,0.13
281,90.0,0.13
281,88.0,0.13
281,88.0,0.13
282,70.0,0.13
282,76.0,0.13
282,78.0,0.13
283,24.0,0.13
283,30.0,0.13
283,36.0,0.13
283,26.0,0.13
284,80.0,0.13
284,88.0,0.13
284,90.0,0.13
284,80.0,0.13
284,72.0,0.13
285,52.0,0.13
285,46.0,0.13
285,50.0,0.13
285,54.0,0.13
286,62.0,0.14
286,72.0,0.14
286,68.0,0.14
286,68.0,0.14
286,62.0,0.14
287,72.0,0.14
287,64.0,0.14
287,80.0,0.14
287,60.0,0.14
288,86.0,0.14
288,84.0,0.14
288,82.0,0.14
288,84.0,0.14
288,86.0,0.14
288,84.0,0.14
289,86.0,0.16
289,80.0,0.16
290,84.0,0.17
290,92.0,0.17
290,94.0,0.17
291,86.0,0.16
291,84.0,0.16
292,82.0,0.16
292,82.0,0.16
292,82.0,0.16
293,74.0,0.15
293,78.0,0.15
293,82.0,0.15
293,82.0,0.15
293,66.0,0.15
293,78.0,0.15
293,84.0,0.15
294,62.0,0.15
294,58.0,0.15
294,54.0,0.15
294,60.0,0.15
294,66.0,0.15
295,70.0,0.16
295,70.0,0.16
295,76.0,0.16
296,66.0,0.16
296,68.0,0.16
296,56.0,0.16
296,60.0,0.16
296,60.0,0.16
296,60.0,0.16
297,46.0,0.14
297,40.0,0.14
297,58.0,0.14
297,64.0,0.14
297,50.0,0.14
297,56.0,0.14
298,50.0,0.14
298,48.0,0.14
298,42.0,0.14
299,32.0,0.14
299,46.0,0.14
299,56.0,0.14
299,50.0,0.14
300,60.0,0.15
300,60.0,0.15
301,38.0,0.13
301,52.0,0.13
301,48.0,0.13
301,34.0,0.13
301,52.0,0.13
302,68.0,0.13
302,56.0,0.13
302,54.0,0.13
302,52.0,0.13
302,56.0,0.13
302,68.0,0.13
302,66.0,0.13
303,40.0,0.13
303,54.0,0.13
303,44.0,0.13
304,74.0,0.14
304,86.0,0.14
304,86.0,0.14
304,72.0,0.14
304,68.0,0.14
304,74.0,0.14
305,58.0,0.13
305,60.0,0.13
306,84.0,0.12
306,84.0,0.12
306,78.0,0.12
307,42.0,0.14
307,56.0,0.14
307,50.0,0.14
308,80.0,0.13
308,80.0,0.13
308,82.0,0.13
308,84.0,0.13
309,42.0,0.12
309,44.0,0.12
309,58.0,0.12
309,62.0,0.12
309,54.0,0.12
310,90.0,0.12
310,78.0,0.12
310,80.0,0.12
310,80.0,0.12
310,82.0,0.12
311,70.0,0.13
311,72.0,0.13
311,64.0,0.13
311,66.0,0.13
312,58.0,0.14
312,52.0,0.14
313,52.0,0.13
313,56.0,0.13
314,66.0,0.13
314,84.0,0.13
314,74.0,0.13
315,84.0,0.13
315,88.0,0.13
315,82.0,0.13
315,88.0,0.13
315,88.0,0.13
315,78.0,0.13
316,84.0,0.13
316,80.0,0.13
316,82.0,0.13
316,86.0,0.13
317,82.0,0.12
317,82.0,0.12
317,86.0,0.12
317,86.0,0.12
317,84.0,0.12
318,44.0,0.13
318,50.0,0.13
319,64.0,0.13
319,82.0,0.13
319,80.0,0.13
319,76.0,0.13
319,72.0,0.13
320,70.0,0.13
320,70.0,0.13
321,68.0,0.13
321,54.0,0.13
321,64.0,0.13
322,58.0,0.13
322,44.0,0.13
322,48.0,0.13
322,50.0,0.13
323,60.0,0.14
323,54.0,0.14
324,54.0,0.13
324,50.0,0.13
324,50.0,0.13
324,50.0,0.13
325,80.0,0.14
325,76.0,0.14
325,82.0,0.14
325,70.0,0.14
326,68.0,0.14
326,68.0,0.14
326,68.0,0.14
326,68.0,0.14
326,64.0,0.14
327,42.0,0.13
327,46.0,0.13
327,50.0,0.13
327,60.0,0.13
327,54.0,0.13
328,60.0,0.14
328,68.0,0.15
328,56.0,0.15
328,66.0,0.14
329,72.0,0.13
329,74.0,0.13
329,60.0,0.13
330,60.0,0.13
330,66.0,0.13
330,66.0,0.13
330,66.0,0.13
330,56.0,0.13
330,74.0,0.13
331,56.0,0.13
331,72.0,0.13
331,64.0,0.13
332,42.0,0.13
332,46.0,0.13
332,48.0,0.13
332,58.0,0.13
332,48.0,0.13
333,70.0,0.13
333,74.0,0.13
333,76.0,0.13
333,84.0,0.13
333,72.0,0.13
334,52.0,0.13
334,44.0,0.13
334,54.0,0.13
334,42.0,0.13
335,74.0,0.13
335,86.0,0.13
335,74.0,0.13
336,74.0,0.13
336,76.0,0.13
336,66.0,0.13
336,62.0,0.13
336,56.0,0.13
337,56.0,0.12
337,54.0,0.12
337,32.0,0.12
337,62.0,0.12
337,52.0,0.12
338,44.0,0.13
338,44.0,0.13
338,54.0,0.13
338,48.0,0.13
338,56.0,0.13
338,48.0,0.13
339,68.0,0.13
339,68.0,0.13
339,70.0,0.13
340,46.0,0.14
340,40.0,0.13
340,38.0,0.13
340,60.0,0.13
340,48.0,0.13
341,74.0,0.12
341,78.0,0.12
341,76.0,0.12
341,80.0,0.12
342,82.0,0.13
342,88.0,0.13
342,86.0,0.13
342,90.0,0.13
343,36.0,0.13
343,28.0,0.13
343,24.0,0.13
343,32.0,0.13
343,36.0,0.13
343,26.0,0.13
343,32.0,0.13
344,66.0,0.14
344,62.0,0.14
344,62.0,0.14
345,80.0,0.14
345,80.0,0.14
345,76.0,0.14
345,82.0,0.14
345,78.0,0.14
345,84.0,0.14
346,58.0,0.13
346,64.0,0.13
346,64.0,0.13
346,62.0,0.13
347,76.0,0.13
347,84.0,0.13
347,76.0,0.13
347,78.0,0.13
347,92.0,0.13
348,62.0,0.15
348,60.0,0.15
348,54.0,0.15
349,66.0,0.13
349,66.0,0.13
349,66.0,0.13
349,72.0,0.13
350,34.0,0.13
350,42.0,0.13
350,50.0,0.13
351,72.0,0.14
351,72.0,0.14
351,74.0,0.14
351,72.0,0.14
352,84.0,0.13
352,80.0,0.13
352,78.0,0.13
352,74.0,0.13
352,72.0,0.13
353,72.0,0.13
353,72.0,0.13
353,78.0,0.13
354,68.0,0.13
354,66.0,0.13
354,62.0,0.13
354,52.0,0.13
354,68.0,0.13
355,58.0,0.13
355,60.0,0.13
355,52.0,0.13
356,78.0,0.13
356,78.0,0.13
356,76.0,0.13
356,68.0,0.13
356,76.0,0.13
357,80.0,0.13
358,68.0,0.13
358,52.0,0.13
358,56.0,0.13
358,60.0,0.13
358,52.0,0.13
358,58.0,0.13
359,70.0,0.13
359,70.0,0.13
360,78.0,0.13
360,76.0,0.13
360,72.0,0.13
360,64.0,0.13
361,56.0,0.13
361,46.0,0.13
361,54.0,0.13
361,52.0,0.13
362,72.0,0.14
362,74.0,0.14
362,66.0,0.13
362,78.0,0.14
362,72.0,0.14
363,84.0,0.14
363,78.0,0.14
363,84.0,0.14
363,86.0,0.14
364,82.0,0.13
364,76.0,0.13
364,76.0,0.13
364,80.0,0.13
365,74.0,0.13
365,70.0,0.13
365,78.0,0.13
365,64.0,0.13
366,66.0,0.13
366,64.0,0.13
366,66.0,0.13
366,58.0,0.13
366,66.0,0.13
366,64.0,0.13
367,68.0,0.13
367,72.0,0.13
368,72.0,0.12
368,74.0,0.12
368,74.0,0.12
368,72.0,0.12
368,72.0,0.12
369,74.0,0.13
369,72.0,0.13
369,74.0,0.13
369,82.0,0.13
369,80.0,0.13
369,76.0,0.13
370,70.0,0.13
370,68.0,0.13
370,72.0,0.13
370,74.0,0.13
370,70.0,0.13
371,66.0,0.12
371,36.0,0.12
372,70.0,0.12
372,78.0,0.12
372,80.0,0.12
372,82.0,0.12
372,88.0,0.12
373,64.0,0.14
373,64.0,0.14
373,66.0,0.14
374,64.0,0.13
374,68.0,0.13
374,72.0,0.13
374,66.0,0.13
375,84.0,0.13
375,84.0,0.13
375,76.0,0.13
376,84.0,0.13
376,92.0,0.13
376,90.0,0.13
376,90.0,0.13
377,46.0,0.13
377,58.0,0.13
377,58.0,0.13
377,58.0,0.13
378,70.0,0.13
378,80.0,0.13
378,76.0,0.13
379,48.0,0.14
379,48.0,0.13
379,48.0,0.14
379,46.0,0.13
380,60.0,0.13
380,58.0,0.13
380,66.0,0.13
380,70.0,0.13
380,68.0,0.13
381,56.0,0.17
381,60.0,0.17
381,52.0,0.17
381,60.0,0.17
382,54.0,0.13
382,60.0,0.13
382,62.0,0.13
382,54.0,0.13
382,60.0,0.13
382,58.0,0.13
383,82.0,0.13
383,80.0,0.13
383,80.0,0.13
383,80.0,0.13
383,74.0,0.13
384,38.0,0.14
384,46.0,0.14
384,48.0,0.14
384,48.0,0.14
384,52.0,0.14
385,66.0,0.12
385,54.0,0.12
385,68.0,0.12
385,82.0,0.12
386,82.0,0.14
386,88.0,0.14
386,76.0,0.14
386,84.0,0.14
387,62.0,0.18
387,48.0,0.18
387,58.0,0.18
387,54.0,0.18
387,60.0,0.18
388,96.0,0.29
3388,90.0,0.29
389,60.0,0.18
389,68.0,0.18
390,40.0,0.19
391,60.0,0.13
391,50.0,0.13
391,72.0,0.13
391,74.0,0.13
391,62.0,0.13
392,54.0,0.14
392,60.0,0.14
392,60.0,0.14
393,64.0,0.15
393,56.0,0.15
393,54.0,0.15
394,90.0,0.15
394,80.0,0.15
394,90.0,0.15
394,90.0,0.15
395,72.0,0.15
395,64.0,0.15
395,70.0,0.15
395,58.0,0.15
395,66.0,0.15
395,60.0,0.15
395,60.0,0.15
396,48.0,0.13
396,68.0,0.13
396,42.0,0.13
396,46.0,0.13
396,44.0,0.13
396,42.0,0.13
397,76.0,0.12
397,90.0,0.12
397,74.0,0.13
397,78.0,0.12
397,80.0,0.12
398,60.0,0.13
398,64.0,0.13
398,56.0,0.13
398,54.0,0.13
398,56.0,0.13
399,58.0,0.12
399,54.0,0.12
399,56.0,0.12
399,62.0,0.12
399,58.0,0.12
399,56.0,0.12
400,86.0,0.12
400,88.0,0.12
400,90.0,0.12
400,90.0,0.12
400,92.0,0.12
401,54.0,0.14
401,68.0,0.14
401,66.0,0.14
401,50.0,0.14
402,80.0,0.17
402,74.0,0.17
402,78.0,0.17
403,58.0,0.13
403,72.0,0.13
403,62.0,0.13
403,68.0,0.13
403,72.0,0.13
404,90.0,0.15
404,84.0,0.15
404,86.0,0.15
404,74.0,0.15
404,86.0,0.15
405,56.0,0.13
405,60.0,0.13
405,58.0,0.13
405,50.0,0.13
405,54.0,0.13
406,66.0,0.12
406,72.0,0.12
406,68.0,0.12
407,58.0,0.13
407,62.0,0.13
407,62.0,0.13
407,60.0,0.13
407,62.0,0.13
408,80.0,0.12
408,86.0,0.12
408,80.0,0.12
408,90.0,0.12
408,82.0,0.12
408,86.0,0.12
409,84.0,0.12
409,86.0,0.12
409,86.0,0.12
409,86.0,0.12
410,90.0,0.13
410,86.0,0.13
410,88.0,0.13
410,90.0,0.12
410,88.0,0.13
410,88.0,0.12
410,80.0,0.12
411,50.0,0.13
411,74.0,0.13
411,60.0,0.13
411,70.0,0.13
411,66.0,0.13
412,80.0,0.12
412,66.0,0.12
412,70.0,0.12
412,74.0,0.12
412,58.0,0.12
413,64.0,0.12
413,68.0,0.12
413,72.0,0.12
413,62.0,0.12
413,58.0,0.12
413,68.0,0.12
413,76.0,0.12
414,28.0,0.12
414,22.0,0.12
414,12.0,0.12
414,26.0,0.12
415,86.0,0.12
416,18.0,0.12
416,24.0,0.12
416,32.0,0.12
416,22.0,0.12
416,30.0,0.12
416,26.0,0.12
416,22.0,0.12
417,76.0,0.13
417,74.0,0.13
417,72.0,0.13
417,70.0,0.13
418,88.0,0.13
418,88.0,0.13
418,78.0,0.13
418,92.0,0.13
418,86.0,0.13
418,86.0,0.13
418,80.0,0.13
419,50.0,0.13
419,48.0,0.13
419,48.0,0.13
419,56.0,0.13
419,42.0,0.13
420,50.0,0.12
420,40.0,0.13
420,48.0,0.13
420,46.0,0.12
420,58.0,0.12
420,38.0,0.12
421,92.0,0.12
421,86.0,0.12
421,86.0,0.12
421,88.0,0.12
422,62.0,0.12
422,60.0,0.12
422,52.0,0.12
422,44.0,0.12
422,62.0,0.12
423,80.0,0.12
423,82.0,0.12
423,84.0,0.12
423,88.0,0.12
423,78.0,0.12
423,78.0,0.12
423,84.0,0.12
424,78.0,0.12
424,78.0,0.12
424,70.0,0.12
424,72.0,0.12
424,76.0,0.12
425,52.0,0.12
425,58.0,0.12
425,54.0,0.12
425,58.0,0.12
426,84.0,0.12
426,88.0,0.12
426,88.0,0.12
426,84.0,0.12
426,84.0,0.12
427,82.0,0.12
427,84.0,0.12
427,82.0,0.12
427,80.0,0.12
427,76.0,0.12
428,70.0,0.12
428,66.0,0.12
428,72.0,0.12
428,80.0,0.12
428,72.0,0.12
429,76.0,0.13
429,70.0,0.13
429,76.0,0.13
429,78.0,0.13
429,80.0,0.13
430,90.0,0.12
430,90.0,0.12
430,92.0,0.12
430,92.0,0.12
430,90.0,0.12
431,72.0,0.12
431,76.0,0.12
431,76.0,0.12
431,84.0,0.12
431,76.0,0.12
432,70.0,0.12
432,64.0,0.12
432,68.0,0.12
432,66.0,0.12
432,66.0,0.12
432,74.0,0.12
432,60.0,0.12
433,46.0,0.12
433,46.0,0.12
434,86.0,0.12
434,84.0,0.12
434,86.0,0.12
434,88.0,0.12
434,90.0,0.12
435,78.0,0.12
435,88.0,0.12
435,80.0,0.12
435,84.0,0.12
435,80.0,0.12
436,66.0,0.13
436,54.0,0.13
436,70.0,0.13
436,60.0,0.13
436,68.0,0.13
436,60.0,0.13
436,64.0,0.13
437,60.0,0.13
437,58.0,0.13
437,60.0,0.13
437,68.0,0.13
437,66.0,0.13
438,88.0,0.12
438,82.0,0.12
438,88.0,0.12
438,84.0,0.12
438,92.0,0.12
439,70.0,0.13
439,70.0,0.13
439,68.0,0.13
439,70.0,0.13
439,72.0,0.13
439,70.0,0.13
439,64.0,0.13
440,52.0,0.12
440,52.0,0.12
440,62.0,0.12
440,46.0,0.12
440,64.0,0.12
441,50.0,0.13
441,52.0,0.13
441,54.0,0.13
441,52.0,0.13
441,60.0,0.13
441,48.0,0.13
442,86.0,0.12
442,82.0,0.12
442,82.0,0.12
442,88.0,0.12
443,54.0,0.12
443,52.0,0.12
444,78.0,0.13
444,74.0,0.13
444,72.0,0.13
444,66.0,0.13
444,70.0,0.13
445,84.0,0.12
445,92.0,0.12
445,84.0,0.12
445,88.0,0.12
445,80.0,0.12
446,64.0,0.13
446,66.0,0.13
446,54.0,0.13
446,66.0,0.13
446,44.0,0.13
446,48.0,0.13
446,58.0,0.13
446,62.0,0.13
447,78.0,0.12
447,64.0,0.12
447,82.0,0.12
447,68.0,0.12
447,72.0,0.12
448,70.0,0.12
448,70.0,0.12
448,72.0,0.12
448,64.0,0.12
448,68.0,0.12
448,76.0,0.12
448,64.0,0.12
449,88.0,0.12
449,88.0,0.12
449,84.0,0.12
449,88.0,0.12
449,92.0,0.12
450,74.0,0.13
450,60.0,0.13
450,56.0,0.13
450,76.0,0.13
450,64.0,0.13
451,90.0,0.12
451,88.0,0.12
451,84.0,0.12
451,86.0,0.12
451,82.0,0.12
451,92.0,0.12
451,82.0,0.12
451,88.0,0.12
452,68.0,0.12
452,54.0,0.12
452,52.0,0.12
452,64.0,0.12
452,50.0,0.12
452,42.0,0.12
453,72.0,0.12
453,76.0,0.12
453,68.0,0.12
453,80.0,0.12
453,68.0,0.12
453,70.0,0.12
454,54.0,0.12
454,68.0,0.12
454,58.0,0.12
455,74.0,0.12
455,72.0,0.12
455,66.0,0.12
455,68.0,0.12
455,72.0,0.12
455,64.0,0.12
455,70.0,0.12
456,80.0,0.12
456,78.0,0.12
456,64.0,0.12
456,70.0,0.12
456,76.0,0.12
456,84.0,0.12
457,60.0,0.12
457,62.0,0.12
457,64.0,0.12
458,74.0,0.12
458,72.0,0.12
458,70.0,0.12
458,76.0,0.12
458,72.0,0.12
458,70.0,0.12
459,80.0,0.12
459,80.0,0.12
459,78.0,0.12
459,80.0,0.12
459,74.0,0.12
459,74.0,0.12
460,72.0,0.12
460,70.0,0.12
460,62.0,0.12
460,66.0,0.12
460,58.0,0.12
460,64.0,0.12
461,62.0,0.15
461,52.0,0.15
462,56.0,0.14
462,60.0,0.14
462,46.0,0.14
462,58.0,0.14
463,84.0,0.14
463,80.0,0.14
464,64.0,0.13
464,60.0,0.13
464,70.0,0.13
464,66.0,0.13
465,84.0,0.13
465,86.0,0.13
465,78.0,0.13
465,92.0,0.13
466,98.0,0.13
466,96.0,0.13
467,56.0,0.14
467,66.0,0.14
467,54.0,0.14
468,68.0,0.14
468,64.0,0.14
468,64.0,0.14
468,64.0,0.14
469,62.0,0.13
469,58.0,0.13
469,64.0,0.14
470,42.0,0.13
470,58.0,0.13
471,64.0,0.12
471,64.0,0.12
471,74.0,0.12
471,72.0,0.12
471,66.0,0.12
471,66.0,0.12
471,70.0,0.12
472,64.0,0.12
472,56.0,0.12
472,66.0,0.12
472,58.0,0.12
472,64.0,0.12
472,64.0,0.12
473,62.0,0.13
473,60.0,0.13
473,58.0,0.13
474,54.0,0.14
474,48.0,0.14
474,42.0,0.14
474,52.0,0.14
475,58.0,0.13
475,50.0,0.13
475,56.0,0.13
475,48.0,0.13
475,46.0,0.13
476,42.0,0.12
476,36.0,0.12
476,50.0,0.12
476,50.0,0.12
476,50.0,0.12
476,52.0,0.12
476,48.0,0.12
477,76.0,0.12
477,80.0,0.12
477,78.0,0.12
478,38.0,0.12
478,34.0,0.12
478,44.0,0.12
479,72.0,0.13
479,68.0,0.13
479,62.0,0.13
480,58.0,0.13
480,54.0,0.13
480,60.0,0.13
480,48.0,0.13
480,58.0,0.13
480,54.0,0.13
480,66.0,0.13
481,84.0,0.12
481,78.0,0.12
481,82.0,0.12
481,76.0,0.12
481,92.0,0.12
482,50.0,0.13
482,56.0,0.13
482,42.0,0.13
482,42.0,0.13
482,58.0,0.13
482,46.0,0.13
483,46.0,0.12
483,44.0,0.12
483,44.0,0.12
483,50.0,0.12
483,44.0,0.12
483,46.0,0.12
484,62.0,0.13
484,64.0,0.13
484,68.0,0.13
484,64.0,0.13
484,70.0,0.13
484,64.0,0.13
484,58.0,0.13
485,76.0,0.12
485,52.0,0.12
485,56.0,0.12
485,60.0,0.12
486,62.0,0.13
486,74.0,0.13
486,54.0,0.13
486,54.0,0.13
486,70.0,0.13
486,60.0,0.13
486,62.0,0.13
487,60.0,0.12
487,36.0,0.12
487,50.0,0.12
487,44.0,0.12
487,52.0,0.12
487,48.0,0.12
488,48.0,0.13
488,44.0,0.13
488,52.0,0.13
488,40.0,0.13
489,60.0,0.12
489,52.0,0.12
490,36.0,0.13
490,38.0,0.13
490,38.0,0.13
490,40.0,0.13
490,42.0,0.13
491,84.0,0.12
491,86.0,0.12
491,82.0,0.12
492,52.0,0.13
492,58.0,0.13
492,54.0,0.13
493,66.0,0.13
493,66.0,0.13
493,66.0,0.13
494,50.0,0.12
494,72.0,0.12
494,56.0,0.12
494,72.0,0.12
494,64.0,0.12
495,60.0,0.12
495,54.0,0.12
495,50.0,0.12
496,28.0,0.12
496,28.0,0.12
496,36.0,0.12
496,32.0,0.12
497,62.0,0.12
497,80.0,0.12
497,64.0,0.12
497,70.0,0.12
497,72.0,0.12
498,80.0,0.13
498,76.0,0.13
498,76.0,0.13
498,78.0,0.13
498,74.0,0.13
498,80.0,0.13
499,72.0,0.12
499,52.0,0.12
499,64.0,0.12
500,70.0,0.12
500,76.0,0.12
501,60.0,0.12
501,52.0,0.12
501,54.0,0.12
502,70.0,0.12
502,84.0,0.12
503,38.0,0.13
503,30.0,0.13
503,32.0,0.13
504,64.0,0.12
504,62.0,0.12
504,64.0,0.12
505,52.0,0.13
505,62.0,0.13
505,50.0,0.13
506,70.0,0.12
506,74.0,0.12
506,66.0,0.12
506,60.0,0.12
506,74.0,0.12
506,64.0,0.12
506,66.0,0.12
507,58.0,0.12
507,58.0,0.12
507,46.0,0.12
507,60.0,0.12
507,60.0,0.12
507,52.0,0.12
508,64.0,0.13
508,74.0,0.13
508,72.0,0.13
508,78.0,0.13
508,78.0,0.13
508,58.0,0.13
509,28.0,0.12
509,22.0,0.12
509,30.0,0.12
509,34.0,0.12
509,18.0,0.12
509,28.0,0.12
510,64.0,0.12
510,68.0,0.12
510,64.0,0.12
510,68.0,0.12
510,62.0,0.12
511,80.0,0.14
511,74.0,0.14
512,54.0,0.13
512,54.0,0.13
512,58.0,0.13
512,50.0,0.13
512,52.0,0.13
513,84.0,0.13
513,80.0,0.14
513,84.0,0.14
514,40.0,0.14
514,42.0,0.14
514,44.0,0.14
515,56.0,0.13
515,56.0,0.13
515,46.0,0.13
515,66.0,0.13
515,72.0,0.13
516,64.0,0.13
516,54.0,0.13
516,58.0,0.13
516,54.0,0.13
517,86.0,0.12
517,76.0,0.12
517,82.0,0.12
518,56.0,0.13
518,52.0,0.13
518,46.0,0.13
518,64.0,0.13
518,50.0,0.13
519,84.0,0.13
519,86.0,0.13
520,42.0,0.14
520,48.0,0.14
520,42.0,0.14
521,52.0,0.13
521,58.0,0.13
521,52.0,0.13
522,74.0,0.13
522,76.0,0.13
522,76.0,0.13
522,68.0,0.13
522,72.0,0.13
522,68.0,0.13
522,78.0,0.13
523,56.0,0.13
523,66.0,0.13
523,60.0,0.13
523,60.0,0.13
523,56.0,0.13
523,60.0,0.13
524,66.0,0.13
524,60.0,0.13
524,62.0,0.13
525,50.0,0.14
525,42.0,0.14
525,52.0,0.14
526,74.0,0.12
526,76.0,0.12
526,78.0,0.12
526,76.0,0.13
526,76.0,0.13
526,76.0,0.13
527,74.0,0.13
527,82.0,0.12
527,80.0,0.12
528,70.0,0.12
528,66.0,0.12
528,64.0,0.12
528,56.0,0.12
528,66.0,0.12
528,66.0,0.12
528,64.0,0.12
529,68.0,0.13
529,64.0,0.13
529,68.0,0.13
529,76.0,0.13
530,62.0,0.13
530,74.0,0.13
530,72.0,0.13
530,64.0,0.13
530,80.0,0.13
531,84.0,0.13
531,84.0,0.13
531,84.0,0.13
531,76.0,0.13
532,62.0,0.13
532,70.0,0.13
532,58.0,0.13
532,58.0,0.13
532,58.0,0.13
532,62.0,0.13
533,56.0,0.13
533,56.0,0.13
533,52.0,0.13
534,58.0,0.12
534,66.0,0.12
534,64.0,0.12
534,74.0,0.12
535,80.0,0.12
535,70.0,0.12
535,70.0,0.12
536,64.0,0.13
536,64.0,0.13
536,72.0,0.13
536,58.0,0.13
536,58.0,0.13
536,64.0,0.13
536,62.0,0.13
537,88.0,0.12
537,90.0,0.12
537,90.0,0.12
537,90.0,0.12
537,92.0,0.12
538,32.0,0.13
538,38.0,0.13
538,48.0,0.13
538,50.0,0.13
538,44.0,0.13
538,42.0,0.13
539,86.0,0.13
539,72.0,0.13
539,74.0,0.13
539,74.0,0.13
539,68.0,0.13
539,76.0,0.13
539,70.0,0.13
540,78.0,0.12
540,88.0,0.12
540,82.0,0.12
540,86.0,0.12
540,76.0,0.12
541,36.0,0.12
541,40.0,0.12
541,30.0,0.12
541,32.0,0.12
541,40.0,0.12
541,46.0,0.12
542,74.0,0.13
542,82.0,0.13
542,78.0,0.13
542,66.0,0.13
543,88.0,0.13
543,88.0,0.13
543,92.0,0.13
543,84.0,0.13
544,52.0,0.13
544,64.0,0.13
544,68.0,0.13
544,60.0,0.13
544,66.0,0.13
545,62.0,0.12
545,48.0,0.13
545,56.0,0.13
545,54.0,0.12
545,54.0,0.12
546,26.0,0.12
546,28.0,0.12
546,32.0,0.12
546,40.0,0.12
546,42.0,0.12
546,30.0,0.12
546,30.0,0.12
547,58.0,0.13
547,72.0,0.13
547,72.0,0.13
547,66.0,0.13
547,70.0,0.13
548,58.0,0.12
548,48.0,0.12
548,60.0,0.12
548,68.0,0.12
548,46.0,0.12
548,64.0,0.12
548,60.0,0.12
549,60.0,0.13
549,56.0,0.13
549,62.0,0.13
549,58.0,0.13
549,54.0,0.13
549,52.0,0.13
549,62.0,0.13
550,78.0,0.12
550,74.0,0.12
550,78.0,0.12
550,84.0,0.12
550,82.0,0.12
550,84.0,0.12
550,80.0,0.12
551,76.0,0.13
551,66.0,0.13
552,86.0,0.13
552,94.0,0.13
552,90.0,0.13
552,92.0,0.13
552,90.0,0.13
552,96.0,0.13
553,94.0,0.13
553,88.0,0.13
553,88.0,0.13
553,90.0,0.13
553,88.0,0.13
554,56.0,0.13
554,60.0,0.13
554,60.0,0.13
554,60.0,0.13
555,64.0,0.12
555,62.0,0.13
555,68.0,0.12
556,64.0,0.13
556,70.0,0.13
556,68.0,0.13
557,88.0,0.13
557,90.0,0.13
557,88.0,0.13
558,86.0,0.13
558,84.0,0.13
559,80.0,0.13
559,80.0,0.13
559,84.0,0.13
559,76.0,0.13
560,76.0,0.13
560,64.0,0.13
560,52.0,0.13
561,62.0,0.12
561,60.0,0.12
561,62.0,0.13
561,60.0,0.12
562,90.0,0.12
562,86.0,0.12
562,86.0,0.12
562,90.0,0.12
562,84.0,0.13
563,86.0,0.12
563,72.0,0.12
563,74.0,0.12
563,76.0,0.12
564,66.0,0.13
564,68.0,0.13
564,68.0,0.13
564,60.0,0.13
564,66.0,0.13
564,74.0,0.13
565,88.0,0.12
565,82.0,0.12
565,88.0,0.12
566,92.0,0.13
566,88.0,0.13
566,88.0,0.13
566,86.0,0.13
566,86.0,0.13
566,84.0,0.13
566,90.0,0.13
567,72.0,0.13
567,94.0,0.13
567,80.0,0.13
568,68.0,0.13
568,64.0,0.13
568,72.0,0.13
568,70.0,0.13
568,72.0,0.13
569,70.0,0.13
569,70.0,0.12
570,64.0,0.17
570,58.0,0.17
570,60.0,0.17
570,66.0,0.17
570,60.0,0.17
570,60.0,0.17
571,76.0,0.13
571,66.0,0.13
571,76.0,0.13
571,70.0,0.13
572,84.0,0.13
572,68.0,0.13
572,64.0,0.13
572,78.0,0.13
572,72.0,0.13
573,88.0,0.13
573,84.0,0.13
573,84.0,0.13
573,88.0,0.13
574,70.0,0.13
574,70.0,0.13
574,76.0,0.13
574,70.0,0.13
574,74.0,0.13
574,80.0,0.13
575,92.0,0.13
575,90.0,0.13
575,92.0,0.13
575,92.0,0.13
576,66.0,0.13
576,70.0,0.13
576,70.0,0.13
576,74.0,0.13
576,74.0,0.13
576,72.0,0.13
577,60.0,0.13
577,68.0,0.13
577,58.0,0.13
577,74.0,0.13
578,88.0,0.13
578,78.0,0.13
578,80.0,0.13
579,98.0,0.13
579,96.0,0.13
579,94.0,0.13
580,64.0,0.13
580,78.0,0.13
580,86.0,0.13
581,94.0,0.12
581,94.0,0.12
581,98.0,0.12
581,94.0,0.12
581,96.0,0.12
581,94.0,0.12
581,92.0,0.12
582,74.0,0.13
582,70.0,0.13
582,74.0,0.13
583,62.0,0.13
583,58.0,0.13
583,56.0,0.13
584,56.0,0.12
584,62.0,0.12
584,56.0,0.12
584,60.0,0.12
585,64.0,0.13
585,70.0,0.13
585,58.0,0.13
585,56.0,0.13
586,44.0,0.13
587,80.0,0.12
587,90.0,0.12
587,72.0,0.12
587,86.0,0.12
588,68.0,0.13
588,72.0,0.13
588,74.0,0.13
588,68.0,0.13
588,66.0,0.13
589,66.0,0.12
589,70.0,0.12
590,44.0,0.13
590,44.0,0.13
590,54.0,0.13
590,48.0,0.13
590,44.0,0.13
591,90.0,0.12
591,84.0,0.12
591,90.0,0.12
591,88.0,0.12
592,88.0,0.13
592,94.0,0.13
592,84.0,0.13
592,86.0,0.13
592,84.0,0.13
592,94.0,0.13
592,90.0,0.13
593,80.0,0.13
593,86.0,0.13
593,86.0,0.13
593,78.0,0.13
593,82.0,0.13
594,50.0,0.13
594,28.0,0.13
594,36.0,0.13
594,50.0,0.13
594,40.0,0.13
594,36.0,0.13
595,66.0,0.13
595,54.0,0.13
595,76.0,0.13
596,94.0,0.13
596,92.0,0.13
596,90.0,0.13
596,90.0,0.13
597,72.0,0.13
597,68.0,0.13
597,68.0,0.13
597,76.0,0.13
598,60.0,0.12
598,60.0,0.12
598,56.0,0.12
598,58.0,0.12
598,64.0,0.12
598,56.0,0.12
599,86.0,0.13
599,88.0,0.13
599,90.0,0.13
599,88.0,0.13
599,84.0,0.13
600,74.0,0.13
600,82.0,0.13
600,74.0,0.13
600,76.0,0.13
600,78.0,0.13
600,74.0,0.13
601,82.0,0.12
601,78.0,0.12
601,76.0,0.12
601,72.0,0.12
602,72.0,0.13
602,66.0,0.13
602,56.0,0.13
602,56.0,0.13
602,60.0,0.13
603,66.0,0.14
603,64.0,0.14
603,64.0,0.14
604,66.0,0.16
604,76.0,0.16
604,74.0,0.16
605,58.0,0.13
605,64.0,0.13
605,62.0,0.13
605,68.0,0.13
606,54.0,0.13
606,52.0,0.12
606,52.0,0.12
606,40.0,0.12
606,54.0,0.12
607,76.0,0.12
607,82.0,0.12
607,70.0,0.12
607,66.0,0.12
607,76.0,0.12
608,74.0,0.13
608,80.0,0.13
608,56.0,0.13
609,36.0,0.12
609,48.0,0.12
609,28.0,0.12
609,32.0,0.12
609,40.0,0.12
610,72.0,0.13
610,66.0,0.13
610,74.0,0.13
610,68.0,0.13
610,66.0,0.13
611,88.0,0.13
611,84.0,0.13
611,82.0,0.13
611,84.0,0.13
612,48.0,0.13
612,52.0,0.13
612,62.0,0.13
612,50.0,0.13
613,48.0,0.13
613,48.0,0.13
614,92.0,0.13
614,88.0,0.13
614,88.0,0.13
615,80.0,0.13
615,82.0,0.13
615,82.0,0.13
615,90.0,0.13
615,90.0,0.13
615,74.0,0.13
616,68.0,0.13
616,64.0,0.13
616,76.0,0.13
616,68.0,0.13
616,68.0,0.13
617,70.0,0.13
617,68.0,0.13
617,68.0,0.13
617,62.0,0.13
618,60.0,0.13
618,64.0,0.13
618,56.0,0.13
619,88.0,0.13
619,82.0,0.13
619,84.0,0.13
619,84.0,0.13
620,80.0,0.13
620,74.0,0.13
620,76.0,0.13
620,74.0,0.13
621,78.0,0.13
621,70.0,0.13
621,78.0,0.13
621,80.0,0.13
621,74.0,0.13
622,44.0,0.13
622,48.0,0.13
622,46.0,0.13
622,46.0,0.13
623,84.0,0.13
623,82.0,0.13
623,86.0,0.13
623,86.0,0.13
623,76.0,0.13
623,78.0,0.13
624,60.0,0.12
624,50.0,0.12
624,58.0,0.12
624,52.0,0.12
624,60.0,0.12
625,54.0,0.13
625,42.0,0.13
625,62.0,0.13
625,44.0,0.13
