episode,reward,execution_time
1,-54.0,0.17
1,4.0,0.17

1,-10.0,0.17
1,-4.0,0.17
2,-26.0,0.17
2,-14.0,0.17
2,6.0,0.17

2,-2.0,0.17
2,0.0,0.17

3,-10.0,0.173,-26.0,0.17
3,0.0,0.17

3,0.0,0.17
3,-32.0,0.17
4,-28.0,0.19
4,0.0,0.19

5,-46.0,0.18
5,-36.0,0.18
5,-40.0,0.18
5,-52.0,0.18
5,-34.0,0.18
6,16.0,0.18
6,-4.0,0.18

6,-6.0,0.18

7,4.0,0.2

7,44.0,0.2
8,-22.0,0.19
8,-18.0,0.19
8,-36.0,0.19
9,-26.0,0.27
9,2.0,0.27

10,-38.0,0.18
10,2.0,0.18

10,-38.0,0.18
11,-30.0,0.19
11,-24.0,0.1911,-18.0,0.19
12,-46.0,0.22
12,-34.0,0.22
12,-34.0,0.22
13,-52.0,0.22
13,-42.0,0.22
13,-54.0,0.22
14,-26.0,0.21
14,-24.0,0.21
14,-22.0,0.21
15,-22.0,0.18
15,-22.0,0.18
15,-50.0,0.18
16,-42.0,0.16
16,-18.0,0.16
16,-14.0,0.16
16,-10.0,0.16
17,-28.0,0.19
17,-16.0,0.19
17,-28.0,0.19
17,-4.0,0.19
18,-38.0,0.19
18,-60.0,0.19
18,-38.0,0.19
18,-48.0,0.19
19,-34.0,0.16
9,-22.0,0.16
19,-26.0,0.16
19,20.0,0.16

19,0.0,0.16
20,-32.0,0.17
20,-4.0,0.17

20,-44.0,0.17
20,-48.0,0.17
21,22.0,9.79
21,44.0,9.79
21,-4.0,9.79
21,40.0,9.79
22,30.0,0.19
22,0.0,0.19

22,18.0,0.19
23,16.0,0.16
23,38.0,0.16
23,8.0,0.16
23,18.0,0.16
23,42.0,0.16
24,-14.0,0.16
24,-12.0,0.16
24,2.0,0.16
24,-34.0,0.16
25,36.0,0.16
25,44.0,0.16
25,28.0,0.16
25,26.0,0.16
25,8.0,0.16

25,40.0,0.16
25,22.0,0.16
26,6.0,0.16


26,32.0,0.16
27,48.0,0.16
27,2.0,0.16

27,32.0,0.16
27,-8.0,0.16
27,20.0,0.16
28,10.0,0.17

28,22.0,0.17
28,-22.0,0.17
28,12.0,0.17

29,56.0,0.15
9,50.0,0.15
29,28.0,0.15
30,30.0,0.16
30,38.0,0.16
30,30.0,0.16
30,58.0,0.16
31,14.0,0.17
31,-6.0,0.17
31,-16.0,0.17
31,12.0,0.17
31,32.0,0.17
31,2.0,0.17

32,4.0,0.16

32,32.0,0.16
32,-4.0,0.16

33,16.0,0.16
33,4.0,0.16
33,-8.0,0.16
33,4.0,0.16
33,44.0,0.16
33,6.0,0.16
34,-32.0,0.1634,2.0,0.15

34,18.0,0.16
34,10.0,0.16
34,44.0,0.15
35,38.0,0.16
35,-10.0,0.16
35,24.0,0.16
36,8.0,0.15
36,-34.0,0.15
36,-28.0,0.15
36,42.0,0.15

37,14.0,0.15

37,40.0,0.15
37,14.0,0.15
37,-10.0,0.15
38,-28.0,0.16
38,-46.0,0.16
38,-18.0,0.16
39,6.0,0.17

39,-20.0,0.17
39,32.0,0.17
39,14.0,0.17
40,-10.0,0.1840,8.0,0.18

40,46.0,0.17

40,44.0,0.17
41,-28.0,9.05
41,-2.0,9.05

41,-10.0,9.05
42,22.0,0.21
42,8.0,0.2
42,-8.0,0.2
43,6.0,0.2

43,-10.0,0.243,-28.0,0.2
44,36.0,0.21
44,-8.0,0.21
44,4.0,0.21
45,40.0,0.21
45,34.0,0.21
45,74.0,0.21
45,26.0,0.21
46,40.0,0.16
46,0.0,0.16
46,14.0,0.16
47,-30.0,0.17
,-52.0,0.17
47,-38.0,0.17
47,-6.0,0.17
47,6.0,0.17
48,28.0,0.17
48,16.0,0.17

48,-20.0,0.17
49,70.0,0.17
49,66.0,0.17
49,30.0,0.17
50,14.0,0.19
0,0.0,0.19

50,36.0,0.19
51,20.0,0.18
51,38.0,0.18
51,2.0,0.18
51,46.0,0.18
52,78.0,0.17
52,34.0,0.17
52,-2.0,0.17
53,20.0,0.16
53,26.0,0.16
53,46.0,0.16
54,12.0,0.16
54,-2.0,0.16
54,38.0,0.16
54,22.0,0.16
54,8.0,0.16
54,40.0,0.16
55,-40.0,0.17
55,-20.0,0.17
55,-4.0,0.17
55,-20.0,0.17
55,-32.0,0.17
56,48.0,0.17
56,30.0,0.17
56,24.0,0.17
57,42.0,0.1657,46.0,0.16
57,64.0,0.16
57,54.0,0.16
57,40.0,0.16
58,-24.0,0.17
58,-16.0,0.17
58,-36.0,0.17
59,-20.0,0.16
59,26.0,0.16

59,-24.0,0.16
59,-34.0,0.16
60,0.0,0.17


60,0.0,0.17

60,4.0,0.17

60,20.0,0.17
61,20.0,0.16
61,12.0,0.16
61,66.0,0.16
61,88.0,0.16
61,32.0,0.16
62,42.0,8.62
62,56.0,8.62
62,54.0,8.62
63,78.0,0.17
63,64.0,0.17
63,58.0,0.17
63,30.0,0.17
63,78.0,0.17
64,-16.0,0.16
64,-34.0,0.16
64,-26.0,0.16
64,-6.0,0.16
64,24.0,0.16
64,-42.0,0.16
65,62.0,0.17
65,58.0,0.17
65,92.0,0.17
65,36.0,0.17
66,74.0,0.16
66,54.0,0.16
66,36.0,0.16
66,38.0,0.16
67,58.0,0.16
67,54.0,0.16
67,54.0,0.16
67,50.0,0.16
67,68.0,0.16
67,50.0,0.16
68,64.0,0.16
68,74.0,0.16
68,66.0,0.16
68,58.0,0.16
68,76.0,0.16
68,64.0,0.16
69,24.0,0.17
69,30.0,0.17
69,4.0,0.17
69,10.0,0.17
69,26.0,0.17
70,58.0,0.16
70,74.0,0.16
70,72.0,0.16
70,28.0,0.16
70,12.0,0.16
70,52.0,0.16
71,38.0,0.17
71,34.0,0.17
71,72.0,0.17
71,20.0,0.17
72,-16.0,0.17
2,-4.0,0.17
72,8.0,0.17
72,34.0,0.17

72,10.0,0.17
72,-12.0,0.17
73,70.0,0.17
73,66.0,0.17
73,30.0,0.17
73,50.0,0.17
74,44.0,0.16
74,50.0,0.16
74,62.0,0.16
74,-4.0,0.16
74,64.0,0.16
75,60.0,0.16
75,76.0,0.16
75,72.0,0.16
75,58.0,0.16
75,64.0,0.16
76,66.0,0.16
76,48.0,0.17
76,56.0,0.16
76,88.0,0.16
77,-8.0,0.17

77,-30.0,0.17
77,-18.0,0.17
77,-56.0,0.17
78,38.0,0.16
78,44.0,0.16
78,80.0,0.16
78,32.0,0.16
79,-4.0,0.17

79,-12.0,0.17
79,12.0,0.17
79,-36.0,0.17
80,-56.0,0.17
80,-22.0,0.17
80,-2.0,0.17
80,18.0,0.17
81,6.0,0.16

81,-10.0,0.16
81,-24.0,0.16
81,-22.0,0.16
82,-20.0,8.13
82,-8.0,8.13
82,-12.0,8.13
82,-18.0,8.13
83,-12.0,0.16883,16.0,0.16
83,-4.0,0.16
84,72.0,0.16
84,96.0,0.16
84,82.0,0.16
84,58.0,0.16
85,0.0,0.16

85,-8.0,0.16
85,16.0,0.16

85,2.0,0.16
86,46.0,0.16
86,28.0,0.16
86,50.0,0.16
86,40.0,0.16
86,46.0,0.16
87,66.0,0.17
87,56.0,0.17
87,62.0,0.17
87,62.0,0.17
87,86.0,0.17
88,64.0,0.16
88,60.0,0.16
88,74.0,0.16
88,78.0,0.16
88,54.0,0.16
89,80.0,0.16
89,22.0,0.16
89,96.0,0.16
89,82.0,0.16
89,70.0,0.16
90,46.0,0.16
90,60.0,0.16
90,76.0,0.16
90,56.0,0.16
90,52.0,0.16
90,86.0,0.16
91,72.0,0.17
91,74.0,0.17
91,62.0,0.17
91,72.0,0.17
91,62.0,0.17
92,66.0,0.16
92,52.0,0.16
92,42.0,0.16
92,42.0,0.16
92,52.0,0.16
92,54.0,0.16
92,52.0,0.16
93,64.0,0.17
93,62.0,0.17
93,78.0,0.17
94,12.0,0.16

94,30.0,0.16
94,18.0,0.16
94,18.0,0.16
95,82.0,0.16
95,98.0,0.16
95,42.0,0.16
95,74.0,0.16
95,60.0,0.16
96,-24.0,0.16
96,-12.0,0.16
96,-24.0,0.16996,-44.0,0.16
97,62.0,0.16
97,82.0,0.16
97,88.0,0.16
97,76.0,0.16
98,-6.0,0.16
98,6.0,0.16
98,30.0,0.16
98,8.0,0.16

98,-8.0,0.16
99,6.0,0.17
99,12.0,0.16
99,0.0,0.17
99,-22.0,0.17
99,-36.0,0.16
100,70.0,0.16
100,46.0,0.16
100,62.0,0.16
100,62.0,0.16
101,66.0,0.16
101,62.0,0.16
101,50.0,0.16
101,68.0,0.16
101,58.0,0.16
102,18.0,0.16
102,24.0,0.16
102,46.0,0.16
102,-12.0,0.16
102,28.0,0.16
103,-36.0,8.2
103,6.0,8.2
104,76.0,0.16
104,46.0,0.16
104,66.0,0.16
104,82.0,0.16
104,90.0,0.16
104,76.0,0.16
105,62.0,0.16
105,50.0,0.16
105,48.0,0.16
105,70.0,0.16
106,48.0,0.17
106,12.0,0.17
106,62.0,0.17
106,42.0,0.17
107,4.0,0.17

107,-22.0,0.17
107,-14.0,0.17
7,-20.0,0.17
108,26.0,0.17
108,66.0,0.17
108,68.0,0.17
108,62.0,0.17
108,28.0,0.17
108,48.0,0.17
109,88.0,0.16
109,90.0,0.16
109,76.0,0.16
110,-16.0,0.17
110,-8.0,0.17
110,-16.0,0.17
110,-30.0,0.17
111,94.0,0.17
111,96.0,0.17
111,80.0,0.17
111,92.0,0.17
111,76.0,0.17
112,92.0,0.17
112,72.0,0.17
112,66.0,0.17
113,60.0,0.16
113,72.0,0.16
113,88.0,0.16
113,78.0,0.16
113,74.0,0.16
114,48.0,0.17
114,24.0,0.17
114,38.0,0.17

115,78.0,0.16
115,92.0,0.16
115,100.0,0.16
116,68.0,0.16
116,52.0,0.16
116,86.0,0.16
117,24.0,0.18
117,22.0,0.18
117,48.0,0.18
118,36.0,0.2
118,-12.0,0.2
118,6.0,0.2
118,14.0,0.2
119,92.0,0.19
119,68.0,0.19
119,86.0,0.19
119,70.0,0.19
120,18.0,0.2
120,36.0,0.2
120,22.0,0.2
120,12.0,0.2
121,10.0,0.191121,-8.0,0.19
121,24.0,0.19
121,24.0,0.19
122,-10.0,0.171122,18.0,0.17
122,46.0,0.17
123,68.0,8.9
123,72.0,8.9
123,88.0,8.9
124,96.0,0.24
124,72.0,0.24
124,76.0,0.24
125,82.0,0.23
125,86.0,0.23
125,92.0,0.23
125,94.0,0.23
126,82.0,0.19
126,70.0,0.2

126,82.0,0.2
127,92.0,0.17
127,80.0,0.17
127,60.0,0.17
128,80.0,0.17
128,72.0,0.17
128,80.0,0.17
129,94.0,0.21
129,70.0,0.21
129,80.0,0.21
130,98.0,0.21

130,74.0,0.21
130,80.0,0.21
130,70.0,0.21
131,64.0,0.2

131,74.0,0.2
131,62.0,0.2
132,96.0,0.19
132,88.0,0.19
132,98.0,0.19
132,54.0,0.19
133,84.0,0.19
133,78.0,0.18
133,68.0,0.19
133,60.0,0.18
133,80.0,0.18
134,84.0,0.18
134,68.0,0.18
134,88.0,0.18
135,46.0,0.17
135,72.0,0.17
135,52.0,0.17
136,16.0,0.17
136,28.0,0.17
136,40.0,0.17
136,14.0,0.17
137,60.0,0.16
137,54.0,0.16
137,84.0,0.16
138,72.0,0.18
138,78.0,0.18
138,80.0,0.18
138,80.0,0.18
138,72.0,0.18
138,90.0,0.18
139,90.0,0.18

139,70.0,0.18
139,88.0,0.18
139,74.0,0.18
140,92.0,0.17
140,82.0,0.17
140,68.0,0.17
141,72.0,0.18
141,86.0,0.18
141,82.0,0.18
141,88.0,0.18
142,68.0,0.19
142,84.0,0.19
142,62.0,0.19
143,92.0,0.24
143,66.0,0.24
143,90.0,0.24
143,56.0,0.24
144,74.0,9.19
144,70.0,9.19
144,98.0,9.19
144,92.0,9.19
145,96.0,0.17
145,94.0,0.17
145,96.0,0.17
146,62.0,0.17
146,96.0,0.17
146,86.0,0.17
146,80.0,0.17
147,74.0,0.18
147,62.0,0.18
147,84.0,0.18
147,66.0,0.18
148,64.0,0.18
148,72.0,0.18
148,88.0,0.18
148,78.0,0.18
149,70.0,0.17
149,92.0,0.17
149,98.0,0.17
150,28.0,0.16
150,24.0,0.16
150,20.0,0.16
151,96.0,0.17
151,56.0,0.17
151,66.0,0.17
151,90.0,0.17
151,68.0,0.17
152,62.0,0.16
152,62.0,0.16
152,70.0,0.16
152,62.0,0.16
153,84.0,0.17
153,82.0,0.17
153,84.0,0.17
153,94.0,0.17
154,56.0,0.17
154,56.0,0.17
154,34.0,0.17
154,36.0,0.17
155,50.0,0.16
155,54.0,0.16
155,42.0,0.16
155,60.0,0.16
156,92.0,0.16
156,88.0,0.16
156,90.0,0.16
156,76.0,0.16
156,88.0,0.16
157,34.0,0.16
157,44.0,0.16
157,22.0,0.16
157,44.0,0.16
157,28.0,0.16
158,78.0,0.16
158,66.0,0.16
158,86.0,0.16
158,46.0,0.16
159,78.0,0.16
159,72.0,0.16
159,24.0,0.16
159,78.0,0.16
159,58.0,0.16
160,70.0,0.16
160,54.0,0.16
160,60.0,0.16
161,98.0,0.17
161,98.0,0.17
161,98.0,0.17
162,22.0,0.2
162,4.0,0.2

162,20.0,0.2
163,98.0,0.18
163,94.0,0.18
163,90.0,0.18
163,82.0,0.18
163,92.0,0.18
164,60.0,9.19
164,78.0,9.19
164,66.0,9.19
164,52.0,9.19
165,76.0,0.16
165,86.0,0.16
165,88.0,0.16
166,68.0,0.16
166,84.0,0.16
166,72.0,0.16
166,80.0,0.16
166,68.0,0.16
167,82.0,0.17
167,76.0,0.17
167,56.0,0.17
167,76.0,0.17
167,74.0,0.17
168,86.0,0.16
168,86.0,0.16
168,70.0,0.16
168,98.0,0.16
168,98.0,0.16
169,90.0,0.16

169,96.0,0.16
169,76.0,0.16
170,88.0,0.16
170,82.0,0.16
170,90.0,0.16
170,86.0,0.16
171,84.0,0.17
171,92.0,0.17
171,92.0,0.17
171,88.0,0.17
171,90.0,0.17
172,92.0,0.15
172,86.0,0.15
172,90.0,0.15
172,74.0,0.15
172,68.0,0.15
173,86.0,0.16
173,94.0,0.16
173,94.0,0.16
173,90.0,0.16
174,80.0,0.16
174,44.0,0.16
174,84.0,0.16
174,54.0,0.16
174,54.0,0.16
174,84.0,0.16
175,92.0,0.16
175,90.0,0.16
175,86.0,0.16
175,92.0,0.16
175,86.0,0.16
176,76.0,0.15
176,50.0,0.15
176,32.0,0.15
176,34.0,0.15
177,96.0,0.16
177,80.0,0.16
177,82.0,0.16
177,100.0,0.161177,98.0,0.16
178,96.0,0.16
178,92.0,0.16
178,92.0,0.16
178,100.0,0.16
178,98.0,0.16
179,84.0,0.17
179,76.0,0.17
179,88.0,0.17
180,76.0,0.16
180,88.0,0.16
180,78.0,0.16
180,88.0,0.16
181,94.0,0.16
181,94.0,0.16
181,84.0,0.16
181,88.0,0.16
181,68.0,0.16
182,6.0,0.16

182,28.0,0.16
182,10.0,0.16
182,-10.0,0.16
183,84.0,0.16
183,92.0,0.16
183,90.0,0.16
183,74.0,0.16
184,86.0,0.16
184,92.0,0.16
184,94.0,0.16
184,88.0,0.16
184,80.0,0.16
185,88.0,8.2
185,94.0,8.2
185,96.0,8.2
185,82.0,8.2
186,54.0,0.16
186,64.0,0.16
186,48.0,0.16
186,52.0,0.16
186,48.0,0.16
186,56.0,0.16
187,82.0,0.16
187,98.0,0.16
187,94.0,0.16
187,96.0,0.16
188,96.0,0.16
188,92.0,0.16
188,96.0,0.16
188,94.0,0.16
188,90.0,0.16
188,94.0,0.16
189,68.0,0.16
189,76.0,0.16
189,80.0,0.16
190,90.0,0.16
190,74.0,0.16
190,86.0,0.16
190,98.0,0.16
191,80.0,0.16
191,74.0,0.16
191,76.0,0.16
191,92.0,0.16
191,60.0,0.16
192,84.0,0.16
192,82.0,0.16
192,82.0,0.16
192,92.0,0.16
192,88.0,0.16
193,24.0,0.16
193,48.0,0.16
193,12.0,0.16
194,90.0,0.16
194,80.0,0.16
194,92.0,0.16
194,94.0,0.16
194,94.0,0.16
194,84.0,0.16
195,74.0,0.16
195,58.0,0.16
195,94.0,0.16
195,82.0,0.16
196,98.0,0.16
196,94.0,0.16
196,98.0,0.16
197,48.0,0.16
197,52.0,0.16
197,36.0,0.16
197,42.0,0.16
197,40.0,0.16
198,86.0,0.16
198,96.0,0.16
198,76.0,0.16
198,88.0,0.16
199,94.0,0.16
199,70.0,0.16
199,82.0,0.16
199,94.0,0.16
199,96.0,0.16
200,76.0,0.15
200,90.0,0.15

200,92.0,0.15
200,92.0,0.15
201,68.0,0.17
201,50.0,0.17
202,86.0,0.17
202,100.0,0.17
202,70.0,0.17
202,96.0,0.17
203,64.0,0.17
203,70.0,0.17
203,64.0,0.17
203,58.0,0.17
203,62.0,0.17
203,66.0,0.17
204,84.0,0.16
204,78.0,0.16
204,94.0,0.16
205,92.0,9.68
205,98.0,9.68
205,96.0,9.68
205,70.0,9.68
206,4.0,0.22

206,32.0,0.22
206,30.0,0.22
206,32.0,0.22
207,38.0,0.2
207,86.0,0.2
207,90.0,0.2
207,90.0,0.2
208,96.0,0.18
208,94.0,0.18
209,78.0,0.22
209,78.0,0.22
209,82.0,0.22
210,76.0,0.22
210,64.0,0.22
211,86.0,0.19
211,64.0,0.19
212,92.0,0.18
212,86.0,0.18
212,84.0,0.18
213,60.0,0.2
213,66.0,0.2
213,68.0,0.2
214,76.0,0.18
214,84.0,0.18
214,80.0,0.18
214,74.0,0.18
215,90.0,0.19

15,96.0,0.19
215,98.0,0.19
216,90.0,0.2
216,88.0,0.2
217,94.0,0.19
217,90.0,0.19
217,76.0,0.19
218,92.0,0.18
218,96.0,0.18
218,86.0,0.18

219,92.0,0.18
219,90.0,0.18
220,96.0,0.24
220,90.0,0.24

221,88.0,0.2
221,90.0,0.2
221,94.0,0.2
222,92.0,0.2
222,86.0,0.2
223,86.0,0.21
223,90.0,0.21
223,90.0,0.21
223,76.0,0.21
224,78.0,0.17
224,74.0,0.17
225,88.0,0.17
225,76.0,0.17
225,76.0,0.17
225,84.0,0.17
225,78.0,0.17
225,94.0,0.17
226,86.0,8.85
226,84.0,8.85
226,84.0,8.85
227,86.0,0.16
227,92.0,0.16
227,90.0,0.17
227,90.0,0.16
228,42.0,0.17
228,42.0,0.17
229,90.0,0.17
229,92.0,0.17
229,86.0,0.17
230,68.0,0.17
230,42.0,0.17
230,44.0,0.17
230,50.0,0.17
231,64.0,0.18
231,76.0,0.18
231,78.0,0.18
231,58.0,0.18
232,24.0,0.17
232,42.0,0.17
232,38.0,0.17
233,70.0,0.17
233,64.0,0.17
233,50.0,0.17
233,62.0,0.17
234,66.0,0.17
234,70.0,0.17
234,58.0,0.17
234,70.0,0.17
235,34.0,0.17
235,44.0,0.17
235,50.0,0.17
236,86.0,0.16
236,88.0,0.16
236,82.0,0.16
236,76.0,0.16
237,94.0,0.16
237,94.0,0.16
237,92.0,0.16
237,96.0,0.16
238,88.0,0.17
238,90.0,0.17
238,82.0,0.17
238,94.0,0.17
238,82.0,0.17
239,84.0,0.17
239,82.0,0.17
239,86.0,0.17
239,84.0,0.17
240,82.0,0.18
240,92.0,0.18
240,92.0,0.18
241,42.0,0.17
241,52.0,0.17
241,44.0,0.17
241,44.0,0.17
241,52.0,0.17
242,60.0,0.16
242,56.0,0.16
242,34.0,0.16
243,92.0,0.17
243,88.0,0.17
243,88.0,0.17
243,88.0,0.17
244,94.0,0.17
244,98.0,0.17
244,98.0,0.17
245,56.0,0.17
245,64.0,0.17
245,58.0,0.17
246,58.0,8.17
246,54.0,8.17
246,56.0,8.17
246,42.0,8.17
246,48.0,8.17
246,46.0,8.17
246,46.0,8.17
247,86.0,0.16
247,80.0,0.16
247,86.0,0.16
247,90.0,0.16
247,86.0,0.16
248,90.0,0.15
248,100.0,0.15
248,82.0,0.15
248,88.0,0.15
248,88.0,0.15
249,78.0,0.15
249,76.0,0.15
249,84.0,0.15
249,82.0,0.15
249,74.0,0.15
249,84.0,0.15
249,66.0,0.15
250,88.0,0.16
250,88.0,0.16
250,84.0,0.16
250,82.0,0.16
251,46.0,0.16
251,50.0,0.16
251,36.0,0.16
251,44.0,0.16
251,44.0,0.16
251,38.0,0.16
251,52.0,0.16
252,92.0,0.17
252,96.0,0.17
252,94.0,0.17
252,90.0,0.17
252,96.0,0.17
252,94.0,0.17
252,94.0,0.17
253,28.0,0.16
253,28.0,0.16
253,28.0,0.16
253,46.0,0.16
253,32.0,0.16
253,44.0,0.16
254,94.0,0.16
254,94.0,0.16
254,88.0,0.16
255,62.0,0.16
255,76.0,0.16
255,76.0,0.16
255,60.0,0.16
256,92.0,0.16

256,88.0,0.16
256,94.0,0.16
256,94.0,0.16
256,94.0,0.16
256,94.0,0.16
257,94.0,0.17
257,96.0,0.17
257,88.0,0.17
257,88.0,0.17
257,80.0,0.17
257,96.0,0.17
258,88.0,0.17
258,98.0,0.17
258,98.0,0.17
258,98.0,0.17
259,86.0,0.16
259,90.0,0.16
259,90.0,0.16
259,90.0,0.16
259,96.0,0.16
259,88.0,0.16
260,90.0,0.16
260,94.0,0.16
260,80.0,0.16
261,86.0,0.16
261,92.0,0.16
261,84.0,0.16
261,88.0,0.16
262,96.0,0.16
262,80.0,0.16
262,88.0,0.16
262,92.0,0.16
263,92.0,0.16
263,96.0,0.16
263,94.0,0.16
263,92.0,0.16
263,92.0,0.16
264,82.0,0.17
264,88.0,0.17
264,80.0,0.17
264,88.0,0.16
264,84.0,0.17
265,54.0,0.16
265,70.0,0.16
265,58.0,0.16
265,64.0,0.16
266,70.0,0.16
266,60.0,0.16
266,78.0,0.16
266,74.0,0.16
266,84.0,0.16
267,90.0,8.39
267,90.0,8.39
267,92.0,8.39
267,88.0,8.39
267,88.0,8.39
268,88.0,0.17
268,92.0,0.17
268,94.0,0.17
269,94.0,0.16
269,92.0,0.16
269,92.0,0.16
270,92.0,0.17
270,76.0,0.17
271,96.0,0.16
271,98.0,0.17
271,92.0,0.17
272,94.0,0.16
272,88.0,0.16
272,96.0,0.16
272,98.0,0.16
273,92.0,0.16
273,84.0,0.17
273,88.0,0.17
273,80.0,0.16
274,50.0,0.18
274,60.0,0.18
274,58.0,0.18
274,60.0,0.18
274,58.0,0.18
275,82.0,0.17
275,70.0,0.18
275,58.0,0.17
275,86.0,0.17
276,92.0,0.16
276,94.0,0.16
276,84.0,0.16
276,98.0,0.16
276,92.0,0.16
277,60.0,0.16
277,62.0,0.16
277,44.0,0.16
277,58.0,0.16
278,92.0,0.16
278,86.0,0.16
278,92.0,0.16
278,90.0,0.16
278,94.0,0.16
278,80.0,0.16
279,86.0,0.17
279,88.0,0.17
279,82.0,0.17
280,84.0,0.17
280,90.0,0.17
280,86.0,0.17
280,94.0,0.17
280,84.0,0.17
281,46.0,0.17
281,62.0,0.17
281,64.0,0.17
281,58.0,0.17
282,52.0,0.16
282,50.0,0.16
282,58.0,0.16
282,58.0,0.16
283,22.0,0.17
283,14.0,0.17
283,18.0,0.16
283,32.0,0.17
284,96.0,0.16
284,86.0,0.16
284,96.0,0.16
284,84.0,0.16
284,94.0,0.16
285,94.0,0.17
285,86.0,0.17
286,76.0,0.17
286,86.0,0.17
286,86.0,0.17
287,98.0,8.28
287,88.0,8.28
287,82.0,8.28
288,50.0,0.16
288,60.0,0.16
288,54.0,0.16
288,52.0,0.16
288,58.0,0.16
289,88.0,0.16
289,98.0,0.16
289,88.0,0.16
289,96.0,0.16
289,86.0,0.16
290,86.0,0.16
290,74.0,0.16
290,84.0,0.16
290,86.0,0.16
290,84.0,0.16
291,86.0,0.17
291,88.0,0.17
291,78.0,0.17
291,76.0,0.17
292,82.0,0.17
292,52.0,0.17
292,80.0,0.17
292,74.0,0.17
293,92.0,0.17
293,84.0,0.17
293,84.0,0.17
294,94.0,0.16
294,88.0,0.16
294,86.0,0.16
294,96.0,0.16
294,92.0,0.16
295,84.0,0.16
295,86.0,0.16
295,82.0,0.16
295,96.0,0.16
296,90.0,0.17
296,74.0,0.17
296,88.0,0.17
297,58.0,0.17
297,62.0,0.17
297,62.0,0.17
298,90.0,0.16
298,86.0,0.16
298,92.0,0.16
298,96.0,0.16
299,84.0,0.17
299,76.0,0.17
299,86.0,0.16
299,56.0,0.16
300,84.0,0.16
300,70.0,0.16
300,82.0,0.16
300,72.0,0.16
301,92.0,0.17
301,96.0,0.17
301,86.0,0.17
301,92.0,0.17
302,94.0,0.17
302,94.0,0.17
302,76.0,0.17
303,96.0,0.17
303,94.0,0.17
303,100.0,0.17
303,100.0,0.17
304,94.0,0.17
304,92.0,0.17
304,88.0,0.17
305,86.0,0.17
305,90.0,0.17
305,90.0,0.17
306,78.0,0.17
306,78.0,0.17
306,68.0,0.17
306,68.0,0.17
307,80.0,0.17
307,98.0,0.17
307,92.0,0.17
308,84.0,8.35
308,90.0,8.35
309,50.0,0.17
309,64.0,0.17
309,62.0,0.17
309,64.0,0.17
310,96.0,0.17
310,92.0,0.17
310,94.0,0.17
310,92.0,0.17
311,92.0,0.16
311,90.0,0.16
311,88.0,0.16
311,92.0,0.17
312,92.0,0.16
312,94.0,0.16
312,94.0,0.16
313,92.0,0.16
313,92.0,0.16
313,82.0,0.16
314,50.0,0.18
314,60.0,0.18
314,56.0,0.18
315,66.0,0.17
315,56.0,0.17
315,40.0,0.17
315,68.0,0.17
315,44.0,0.17
316,48.0,0.17
316,40.0,0.17
316,52.0,0.17
316,20.0,0.17
317,50.0,0.17
317,54.0,0.17
317,40.0,0.17
318,92.0,0.16
318,92.0,0.16
318,90.0,0.16
319,72.0,0.17
319,74.0,0.17
319,70.0,0.17
319,84.0,0.17
319,78.0,0.17
320,68.0,0.21
320,62.0,0.21
320,68.0,0.21
320,66.0,0.21
321,92.0,0.17
321,90.0,0.17
321,82.0,0.17
321,94.0,0.17
322,96.0,0.17
322,96.0,0.17

322,94.0,0.17
323,54.0,0.17
323,64.0,0.17
323,54.0,0.17
324,68.0,0.17
324,42.0,0.17
324,72.0,0.17
325,88.0,0.17
325,84.0,0.17
325,82.0,0.17
326,94.0,0.17

326,96.0,0.17
327,48.0,0.16
327,34.0,0.16
327,34.0,0.16
328,62.0,8.35
328,40.0,8.35
328,30.0,8.35
329,90.0,0.15
329,92.0,0.15
329,88.0,0.15
329,98.0,0.15
330,90.0,0.16
330,86.0,0.16
330,82.0,0.16
330,80.0,0.16
330,88.0,0.16
331,92.0,0.16
331,92.0,0.16
331,82.0,0.16
331,90.0,0.16
331,94.0,0.16
331,94.0,0.16
331,98.0,0.16
331,94.0,0.16
332,80.0,0.17
332,74.0,0.17
332,78.0,0.17
332,76.0,0.17
333,90.0,0.17
333,90.0,0.17
333,92.0,0.17
333,86.0,0.17
334,50.0,0.17
334,58.0,0.17
334,62.0,0.17
334,64.0,0.17
335,96.0,0.17
335,96.0,0.17
335,96.0,0.17
335,96.0,0.17
336,44.0,0.17
336,52.0,0.17
336,50.0,0.17
336,50.0,0.17
336,48.0,0.17
337,94.0,0.17
337,96.0,0.17
337,96.0,0.17
337,94.0,0.17
338,94.0,0.17
338,94.0,0.17
338,98.0,0.17
338,94.0,0.17
339,92.0,0.17
339,94.0,0.17
339,88.0,0.17
339,88.0,0.17
339,96.0,0.17
340,96.0,0.16
340,84.0,0.16
340,96.0,0.16
340,90.0,0.16
341,98.0,0.17
341,92.0,0.17
341,96.0,0.17
341,88.0,0.17
342,84.0,0.17
342,92.0,0.17
342,90.0,0.17
342,86.0,0.17
343,74.0,0.16
343,82.0,0.16
343,80.0,0.16
343,78.0,0.16
344,82.0,0.17
344,68.0,0.17
344,88.0,0.17
345,80.0,0.16
345,50.0,0.16
345,54.0,0.16
346,88.0,0.17
346,100.0,0.17
346,94.0,0.17
346,100.0,0.17
347,90.0,0.17
347,90.0,0.17
347,92.0,0.17
348,68.0,0.16
348,70.0,0.16
349,90.0,8.46
349,88.0,8.46
349,94.0,8.46
350,88.0,0.16
350,86.0,0.16
350,88.0,0.16
350,74.0,0.16
351,84.0,0.17
351,86.0,0.17
351,84.0,0.17
351,66.0,0.17
352,94.0,0.17
352,92.0,0.17
352,88.0,0.17
353,94.0,0.17
353,96.0,0.17
354,86.0,0.17
354,86.0,0.17
354,88.0,0.17
355,96.0,0.17
355,96.0,0.17
355,94.0,0.17
355,88.0,0.17
355,96.0,0.17
355,94.0,0.17
356,88.0,0.17
356,90.0,0.17
356,88.0,0.17
356,88.0,0.17
356,96.0,0.17
357,96.0,0.16
357,76.0,0.16
357,90.0,0.16
358,74.0,0.17
358,78.0,0.17
358,72.0,0.17
358,76.0,0.17
358,54.0,0.17
359,86.0,0.16
359,88.0,0.16
359,88.0,0.16
359,88.0,0.16
359,88.0,0.16
360,86.0,0.17
360,92.0,0.17
360,86.0,0.17
360,86.0,0.17
361,86.0,0.16
361,90.0,0.16
361,92.0,0.16
361,78.0,0.16
362,42.0,0.17
362,42.0,0.17
362,50.0,0.17
362,46.0,0.17
363,68.0,0.17
363,74.0,0.17
363,86.0,0.17
364,72.0,0.17
364,68.0,0.17
364,72.0,0.17
365,76.0,0.16
365,62.0,0.16
366,88.0,0.16
366,96.0,0.16
366,96.0,0.16
366,92.0,0.16
367,82.0,0.17
367,86.0,0.16
367,92.0,0.17
367,86.0,0.16
368,44.0,0.17
368,40.0,0.17
368,46.0,0.17
369,88.0,8.48
369,86.0,8.48
369,90.0,8.48
369,60.0,8.48
369,70.0,8.48
370,92.0,0.16
370,94.0,0.16
370,92.0,0.16
370,92.0,0.16
370,98.0,0.16
370,96.0,0.16
371,66.0,0.16
371,80.0,0.16
371,74.0,0.16
371,54.0,0.16
372,88.0,0.16
372,92.0,0.16
372,84.0,0.16
373,92.0,0.16
373,90.0,0.16
373,88.0,0.16
373,88.0,0.16
374,94.0,0.17
374,96.0,0.17
375,82.0,0.16
375,76.0,0.16
375,80.0,0.16
375,64.0,0.16
375,84.0,0.16
376,82.0,0.16
376,84.0,0.16
376,90.0,0.16
376,86.0,0.16
376,86.0,0.16
377,92.0,0.16
377,88.0,0.16
377,88.0,0.16
377,82.0,0.16
378,86.0,0.17
378,94.0,0.17
378,90.0,0.17
378,86.0,0.17
379,84.0,0.16
379,84.0,0.16
379,92.0,0.16
380,90.0,0.17
380,92.0,0.17
380,86.0,0.17
381,98.0,0.16
381,88.0,0.16
381,92.0,0.16
381,98.0,0.16
382,92.0,0.16
382,96.0,0.16
382,98.0,0.16
382,94.0,0.16
382,94.0,0.16
383,86.0,0.16
383,82.0,0.16
383,90.0,0.16
383,88.0,0.16
384,96.0,0.16
384,94.0,0.16
384,70.0,0.16
385,90.0,0.16
385,88.0,0.16
385,90.0,0.16
386,86.0,0.17
386,86.0,0.17
387,62.0,0.17
387,60.0,0.18
387,66.0,0.17
388,78.0,0.16
388,80.0,0.16
388,90.0,0.17
388,82.0,0.17
389,94.0,0.17
389,88.0,0.17
389,90.0,0.17
390,70.0,8.65
390,64.0,8.65
390,66.0,8.65
390,68.0,8.65
390,74.0,8.65
391,82.0,0.16
391,98.0,0.16
391,98.0,0.16
391,100.0,0.16
392,68.0,0.16
392,62.0,0.16
392,72.0,0.16
392,74.0,0.16
392,76.0,0.16
393,90.0,0.16
393,94.0,0.16
393,96.0,0.16
393,88.0,0.16
393,96.0,0.16
393,86.0,0.16
394,86.0,0.16
394,94.0,0.16
394,90.0,0.16
394,86.0,0.16
395,92.0,0.17
395,98.0,0.17

395,100.0,0.17
395,96.0,0.17
395,100.0,0.17
396,90.0,0.16
396,92.0,0.16
396,92.0,0.16
397,80.0,0.16
397,82.0,0.16
397,80.0,0.16
398,88.0,0.17
398,90.0,0.17
398,96.0,0.17
398,90.0,0.17
399,98.0,0.16
399,92.0,0.16
399,94.0,0.16
400,84.0,0.16
400,80.0,0.16
400,82.0,0.16
400,84.0,0.16
401,84.0,0.16
401,84.0,0.16
402,84.0,0.16
402,78.0,0.16
402,84.0,0.16
402,78.0,0.16
402,82.0,0.16
402,80.0,0.16
403,74.0,0.16
403,58.0,0.16
403,66.0,0.16
404,94.0,0.16
404,96.0,0.16
404,96.0,0.16
405,64.0,0.18
405,58.0,0.18
405,64.0,0.18
405,82.0,0.18
406,96.0,0.16
406,96.0,0.17
406,94.0,0.17
406,92.0,0.17
406,94.0,0.17
407,96.0,0.34
4407,94.0,0.34

408,88.0,0.2
408,88.0,0.2
408,94.0,0.2
408,96.0,0.2
409,90.0,0.18
409,90.0,0.18
409,92.0,0.18
409,90.0,0.18
410,88.0,8.3
410,84.0,8.3
410,92.0,8.3
410,88.0,8.3
410,86.0,8.3
410,86.0,8.3
411,94.0,0.16
411,96.0,0.16
411,92.0,0.16
412,76.0,0.16
412,78.0,0.16
412,90.0,0.16
412,86.0,0.16
412,76.0,0.16
413,78.0,0.16
413,88.0,0.16
413,76.0,0.16
414,86.0,0.16
414,92.0,0.16
414,88.0,0.16
415,100.0,0.16415,94.0,0.16
415,94.0,0.16
415,100.0,0.16
415,96.0,0.16
416,92.0,0.17

416,90.0,0.17
416,94.0,0.17
417,92.0,0.17

417,92.0,0.17
418,92.0,0.16
418,90.0,0.16
418,88.0,0.16
418,88.0,0.16
418,88.0,0.16
419,86.0,0.15
419,90.0,0.15
419,94.0,0.15
419,94.0,0.15
419,90.0,0.15
420,86.0,0.15
420,84.0,0.15
420,84.0,0.15
420,82.0,0.15
420,90.0,0.15
421,96.0,0.17
421,94.0,0.17
421,98.0,0.17
421,94.0,0.17
422,78.0,0.16

422,94.0,0.16
422,98.0,0.16
422,92.0,0.16
423,90.0,0.16
423,96.0,0.16
423,96.0,0.15
423,92.0,0.15
423,94.0,0.15
423,94.0,0.15
424,86.0,0.17
424,90.0,0.17
424,96.0,0.17
424,90.0,0.17
424,90.0,0.17
425,98.0,0.15
425,92.0,0.15
425,90.0,0.15
425,96.0,0.15
425,94.0,0.15
426,62.0,0.16
426,60.0,0.16
426,56.0,0.16
426,66.0,0.16
426,70.0,0.16
426,62.0,0.16
427,88.0,0.16
427,88.0,0.16
427,92.0,0.16
427,90.0,0.16
427,90.0,0.16
427,94.0,0.16
428,96.0,0.16
428,80.0,0.16
428,98.0,0.16
428,98.0,0.16
428,96.0,0.16
428,96.0,0.16
429,98.0,0.16
429,100.0,0.16
429,100.0,0.16429,98.0,0.16
429,100.0,0.16
430,46.0,0.16
430,62.0,0.16
430,60.0,0.16
430,60.0,0.16
430,52.0,0.16
430,64.0,0.16
431,72.0,8.72
431,92.0,8.72
432,98.0,0.17

432,100.0,0.17
432,100.0,0.17
433,66.0,0.16
433,64.0,0.16
433,66.0,0.16
433,64.0,0.16
434,48.0,0.16
434,70.0,0.16
434,68.0,0.16
434,66.0,0.16
435,50.0,0.16
435,58.0,0.16
435,60.0,0.16
436,92.0,0.17
436,98.0,0.17
436,94.0,0.17
437,86.0,0.17
437,90.0,0.17
437,86.0,0.17
437,86.0,0.17
438,88.0,0.18
438,88.0,0.18
438,96.0,0.18
439,94.0,0.18
439,80.0,0.18
439,80.0,0.18
439,86.0,0.18
439,80.0,0.18
440,92.0,0.16
440,96.0,0.16

440,98.0,0.16
440,94.0,0.16
441,92.0,0.36
441,96.0,0.36
441,94.0,0.36
441,98.0,0.36
442,98.0,0.17
442,96.0,0.17
442,96.0,0.17

442,90.0,0.17
442,94.0,0.17
443,56.0,0.2

443,90.0,0.21
443,78.0,0.21
443,86.0,0.2
444,98.0,0.18

444,96.0,0.18
445,48.0,0.18
445,54.0,0.19
445,46.0,0.18
446,64.0,0.21
446,94.0,0.21
446,98.0,0.21
446,96.0,0.21
447,98.0,0.17
447,94.0,0.17
447,94.0,0.17
447,94.0,0.17
447,94.0,0.17
448,86.0,0.18
448,84.0,0.18
448,92.0,0.18
448,90.0,0.18
448,94.0,0.18
449,96.0,0.16
449,96.0,0.16
450,90.0,0.17
450,86.0,0.17
450,84.0,0.17
450,84.0,0.17
450,92.0,0.17
451,94.0,8.61
451,94.0,8.61
451,90.0,8.61
451,98.0,8.61
452,94.0,0.19
452,90.0,0.19
452,94.0,0.19
452,88.0,0.19
453,84.0,0.2
453,94.0,0.2
454,88.0,0.19
454,92.0,0.19
454,92.0,0.19
454,98.0,0.19
455,98.0,0.17
455,92.0,0.17
455,96.0,0.17
455,94.0,0.17
456,76.0,0.17
456,76.0,0.17
456,74.0,0.17
457,74.0,0.17
457,94.0,0.17
457,94.0,0.17
457,90.0,0.17
457,86.0,0.17
457,90.0,0.17
458,94.0,0.16

458,96.0,0.16
458,96.0,0.16
458,92.0,0.16
458,96.0,0.16
459,68.0,0.16
459,70.0,0.16
459,74.0,0.16
459,72.0,0.16
459,70.0,0.16
460,94.0,0.16
460,98.0,0.16
460,100.0,0.16
461,88.0,0.17
461,82.0,0.17
462,96.0,0.17
462,96.0,0.17
462,100.0,0.17
462,96.0,0.17
462,98.0,0.17
463,72.0,0.16
463,82.0,0.16
463,76.0,0.16
463,82.0,0.16
463,78.0,0.16
463,84.0,0.16
464,82.0,0.15
464,90.0,0.15
464,90.0,0.15
464,90.0,0.15
464,92.0,0.15
464,92.0,0.15
465,96.0,0.15
465,100.0,0.15
465,96.0,0.15
465,100.0,0.15
465,98.0,0.15
465,96.0,0.15
466,90.0,0.15
466,88.0,0.15
466,86.0,0.15
466,82.0,0.15
466,86.0,0.15
467,56.0,0.15
467,56.0,0.15
467,48.0,0.15
467,54.0,0.15
467,58.0,0.15
468,96.0,0.17
468,94.0,0.17
468,98.0,0.17
468,100.0,0.17
468,98.0,0.17
468,96.0,0.17
469,48.0,0.16
469,42.0,0.16
469,36.0,0.16
469,34.0,0.16
469,36.0,0.16
470,46.0,0.16
470,54.0,0.16
470,22.0,0.16
471,98.0,0.15
471,92.0,0.15
471,98.0,0.15
472,84.0,8.42
472,72.0,8.42
472,90.0,8.42
473,72.0,0.17
473,80.0,0.17
473,70.0,0.17
473,54.0,0.17
474,82.0,0.17
474,88.0,0.17
474,84.0,0.17
474,86.0,0.17
475,80.0,0.22
475,94.0,0.21
475,98.0,0.21
476,92.0,0.17
476,94.0,0.17
476,94.0,0.17
476,92.0,0.17
477,98.0,0.16
477,94.0,0.16

477,96.0,0.16
477,98.0,0.16
478,94.0,0.16
478,90.0,0.16
478,90.0,0.16
478,92.0,0.16
478,86.0,0.16
479,92.0,0.17
479,92.0,0.17
479,96.0,0.17
480,88.0,0.17
480,94.0,0.17
480,92.0,0.17
480,86.0,0.17
481,96.0,0.17
481,94.0,0.17
481,96.0,0.17
482,60.0,0.17
482,68.0,0.17
482,58.0,0.17
483,96.0,0.16
483,96.0,0.16
483,96.0,0.16
484,64.0,0.18
484,58.0,0.18
484,62.0,0.18
485,64.0,0.17
485,66.0,0.17
486,70.0,0.17
486,66.0,0.17
486,68.0,0.17
486,68.0,0.17
487,98.0,0.17
487,98.0,0.17
487,98.0,0.17
488,94.0,0.17
488,92.0,0.17
488,92.0,0.17
488,92.0,0.17
489,92.0,0.18
489,92.0,0.18
489,92.0,0.18
489,94.0,0.18
490,98.0,0.18

490,94.0,0.18
490,96.0,0.18
491,90.0,0.18
491,94.0,0.18
491,82.0,0.18
491,98.0,0.18
492,90.0,8.39
492,96.0,8.39
492,90.0,8.39
493,88.0,0.16
493,90.0,0.16
494,96.0,0.16
494,98.0,0.16
494,96.0,0.16
494,94.0,0.16

494,100.0,0.16
495,36.0,0.17
495,48.0,0.17
495,50.0,0.17
495,46.0,0.17
496,98.0,0.17

496,98.0,0.17
496,100.0,0.17
496,100.0,0.17
496,96.0,0.17
497,86.0,0.16
497,62.0,0.16
497,84.0,0.16
497,82.0,0.16
497,76.0,0.16
497,86.0,0.16
498,94.0,0.16
498,98.0,0.16
498,96.0,0.16
499,84.0,0.16
499,90.0,0.16
499,90.0,0.16
499,84.0,0.16
499,84.0,0.16
500,82.0,0.16
500,82.0,0.16
500,84.0,0.16
500,80.0,0.16
501,60.0,0.17
501,60.0,0.17
501,62.0,0.17
501,60.0,0.17
502,96.0,0.16
502,96.0,0.16
502,100.0,0.16
502,96.0,0.16
503,96.0,0.16
503,96.0,0.16
503,94.0,0.15
503,96.0,0.15
503,96.0,0.15
504,90.0,0.15
504,86.0,0.16
504,86.0,0.16
504,88.0,0.15
504,88.0,0.16
504,90.0,0.16
505,96.0,0.16
505,92.0,0.16
505,96.0,0.16
505,94.0,0.16
505,96.0,0.16
505,92.0,0.16
505,96.0,0.16
506,96.0,0.18
5506,90.0,0.17
506,98.0,0.17
507,88.0,0.18
507,90.0,0.18
507,58.0,0.18
508,96.0,0.16
508,92.0,0.16
508,82.0,0.16
508,96.0,0.16
509,68.0,0.16
509,88.0,0.16
509,94.0,0.16
509,92.0,0.16
510,64.0,0.16
510,56.0,0.16
510,64.0,0.16
510,66.0,0.17
510,70.0,0.17
511,98.0,0.17

511,96.0,0.17
511,98.0,0.17
511,100.0,0.17
512,100.0,0.17
512,100.0,0.17
512,100.0,0.17
513,90.0,0.16
513,86.0,0.16
513,86.0,0.16
514,56.0,0.16
514,62.0,0.16
514,66.0,0.16
515,84.0,0.15
515,94.0,0.15
516,98.0,0.16
516,98.0,0.16
517,96.0,0.17
517,92.0,0.17
517,96.0,0.17
518,94.0,0.16
518,96.0,0.16
518,98.0,0.16
519,78.0,0.17
519,76.0,0.17
519,70.0,0.17
519,70.0,0.17
520,92.0,0.16
520,94.0,0.16
520,92.0,0.16
520,88.0,0.16
521,42.0,0.17
521,60.0,0.17
521,48.0,0.17
521,56.0,0.17
521,44.0,0.17
522,98.0,0.16
522,98.0,0.16
522,98.0,0.16
522,98.0,0.16
523,92.0,0.16
523,92.0,0.16
523,96.0,0.16
524,92.0,0.17
524,28.0,0.16
525,92.0,0.16
525,94.0,0.16
525,94.0,0.16
525,92.0,0.16
526,96.0,0.16
526,98.0,0.16
526,98.0,0.16
526,96.0,0.16
527,96.0,0.16
527,98.0,0.16
527,92.0,0.16
527,96.0,0.16
527,98.0,0.17
528,74.0,0.16

528,98.0,0.16

528,72.0,0.16
529,100.0,0.17
529,98.0,0.17
529,100.0,0.17
529,100.0,0.17
529,98.0,0.17
530,90.0,0.16
530,88.0,0.16
530,88.0,0.16
531,94.0,0.17
531,96.0,0.17
531,92.0,0.17
532,64.0,0.17
532,60.0,0.17
533,86.0,8.31
533,88.0,8.31
533,86.0,8.31
533,86.0,8.31
534,94.0,0.16
534,100.0,0.16
535,74.0,0.18
535,94.0,0.18
535,88.0,0.18
535,96.0,0.18
535,88.0,0.18
536,100.0,0.16
536,100.0,0.16
536,100.0,0.16
537,100.0,0.16
537,98.0,0.16
537,100.0,0.16
537,98.0,0.16
537,98.0,0.16
537,98.0,0.16
538,94.0,0.17
538,94.0,0.17
538,64.0,0.17
538,94.0,0.17
539,96.0,0.16
539,98.0,0.16
539,96.0,0.16
539,96.0,0.16
539,94.0,0.16
540,96.0,0.18

540,98.0,0.18

540,98.0,0.18
540,100.0,0.18
541,98.0,0.21
541,94.0,0.21
541,94.0,0.21
542,92.0,0.16
542,94.0,0.16
542,98.0,0.16
542,90.0,0.16
542,96.0,0.16
543,98.0,0.16

543,100.0,0.16
543,98.0,0.16
543,100.0,0.16
543,98.0,0.16
543,98.0,0.16
544,94.0,0.15

544,100.0,0.15
544,100.0,0.15
544,100.0,0.15
544,96.0,0.15
544,98.0,0.15
545,90.0,0.16

545,100.0,0.16
545,98.0,0.16
546,42.0,0.16
546,30.0,0.16
546,68.0,0.16
547,44.0,0.16
547,92.0,0.16
547,90.0,0.16
548,92.0,0.15
548,90.0,0.15
548,96.0,0.15
549,80.0,0.15
549,84.0,0.15
549,76.0,0.15
549,82.0,0.15
549,82.0,0.15
550,98.0,0.15

550,100.0,0.15
550,100.0,0.15
550,98.0,0.15
551,92.0,0.16
551,94.0,0.16
551,92.0,0.16
552,66.0,0.17
552,80.0,0.17
552,76.0,0.17
552,70.0,0.17
553,98.0,8.62
553,86.0,8.62

554,64.0,0.16
554,64.0,0.16
554,68.0,0.16
555,58.0,0.16
555,72.0,0.16
555,66.0,0.16
555,52.0,0.16
556,80.0,0.18
556,94.0,0.18
556,96.0,0.18
557,96.0,0.16
557,98.0,0.16
558,70.0,0.16
558,94.0,0.16
558,96.0,0.16
559,92.0,0.17
559,98.0,0.17
559,92.0,0.17
559,86.0,0.17
560,96.0,0.17
560,96.0,0.17
560,98.0,0.17
560,98.0,0.17
561,96.0,0.18
561,98.0,0.19
561,98.0,0.19
562,88.0,0.18
562,68.0,0.18
562,88.0,0.18
562,96.0,0.18
562,94.0,0.18
563,98.0,0.17

563,100.0,0.17
563,82.0,0.17
563,98.0,0.17
563,98.0,0.17

564,92.0,0.17
564,76.0,0.17
564,92.0,0.17
564,84.0,0.17
564,92.0,0.17
565,94.0,0.17
565,94.0,0.17
565,52.0,0.17
565,86.0,0.17
565,98.0,0.17
566,98.0,0.17
566,96.0,0.17

566,98.0,0.17
566,94.0,0.17
566,96.0,0.17
567,98.0,0.18
567,96.0,0.18
567,92.0,0.18
568,96.0,0.17

568,94.0,0.17
568,96.0,0.17
568,98.0,0.17
569,100.0,0.17
569,100.0,0.17
569,100.0,0.17
570,86.0,0.17
570,98.0,0.17
570,100.0,0.17
571,82.0,0.17
571,86.0,0.17
571,86.0,0.17
572,92.0,0.17
572,90.0,0.17
572,86.0,0.17
573,54.0,0.17
573,98.0,0.17
573,96.0,0.17
574,88.0,8.64

74,98.0,8.64

574,100.0,8.64
575,88.0,0.16
575,94.0,0.16
575,60.0,0.16
575,92.0,0.16
576,88.0,0.17
576,88.0,0.17
576,88.0,0.17
576,88.0,0.17
577,80.0,0.17
577,86.0,0.17
577,90.0,0.17
578,96.0,0.16
578,88.0,0.16
578,90.0,0.16
578,94.0,0.16
579,94.0,0.17
579,92.0,0.17
579,82.0,0.17
580,84.0,0.16
580,88.0,0.16
580,86.0,0.16
581,98.0,0.17
581,92.0,0.17
581,98.0,0.17
581,96.0,0.17
581,98.0,0.17
581,94.0,0.17
582,54.0,0.16
582,58.0,0.16
582,58.0,0.16
582,62.0,0.16
582,56.0,0.16
583,98.0,0.16
583,98.0,0.16

583,98.0,0.16
584,98.0,0.17

584,96.0,0.17
584,98.0,0.17
584,94.0,0.17
585,96.0,0.17
585,94.0,0.17
585,98.0,0.17
585,92.0,0.17
586,100.0,0.16
586,98.0,0.16
586,100.0,0.16
586,94.0,0.16
587,100.0,0.17
587,98.0,0.17
587,100.0,0.17
588,72.0,0.17
588,72.0,0.17
588,78.0,0.17
588,74.0,0.17
588,74.0,0.17
589,76.0,0.17
589,80.0,0.17
589,80.0,0.17
589,82.0,0.17
589,64.0,0.17
590,80.0,0.17
590,78.0,0.17
590,54.0,0.17
590,74.0,0.17
591,98.0,0.17

591,98.0,0.17
592,94.0,0.17
592,98.0,0.17
592,96.0,0.17
593,80.0,0.17
594,98.0,8.72

594,98.0,8.72
594,96.0,8.72

595,94.0,0.16
595,94.0,0.16
595,96.0,0.16
596,82.0,0.17
596,88.0,0.17
596,88.0,0.17
596,90.0,0.17
596,86.0,0.17
596,82.0,0.17
597,92.0,0.17
597,88.0,0.17
597,92.0,0.17
598,92.0,0.16
598,90.0,0.16
598,90.0,0.16
599,64.0,0.17
599,68.0,0.17
599,68.0,0.17
600,96.0,0.17
600,98.0,0.17
600,90.0,0.17
601,94.0,0.17
601,92.0,0.17
601,92.0,0.17
602,100.0,0.17
602,100.0,0.17
02,100.0,0.17
602,100.0,0.17
602,100.0,0.17
603,82.0,0.17
603,86.0,0.17
603,88.0,0.17
603,88.0,0.17
604,90.0,0.18
604,88.0,0.18
605,74.0,0.21
605,76.0,0.21
605,84.0,0.21
606,60.0,0.17
606,78.0,0.17
607,78.0,0.16
607,70.0,0.16
607,80.0,0.16
607,78.0,0.16
608,96.0,0.17
608,96.0,0.17
608,96.0,0.17
608,96.0,0.17
609,94.0,0.18
609,90.0,0.18
609,90.0,0.18
609,88.0,0.18
610,94.0,0.17
610,92.0,0.17
611,80.0,0.16
611,76.0,0.16
611,80.0,0.16
611,68.0,0.16
612,98.0,0.17
612,98.0,0.17
612,98.0,0.17
612,98.0,0.17
613,88.0,0.16
613,88.0,0.16
613,90.0,0.16
613,90.0,0.16
614,92.0,0.17
614,96.0,0.16
615,92.0,8.62
615,90.0,8.62
616,98.0,0.16
616,96.0,0.16
616,88.0,0.16
617,98.0,0.16
617,94.0,0.16
617,96.0,0.16
618,92.0,0.17
618,96.0,0.17
618,98.0,0.17
618,90.0,0.17
619,78.0,0.16
619,72.0,0.16
619,76.0,0.16
619,84.0,0.16
620,84.0,0.17
620,82.0,0.17
620,76.0,0.17
620,78.0,0.17
621,62.0,0.16

621,98.0,0.16
622,78.0,0.16
622,84.0,0.16
622,64.0,0.16
622,86.0,0.16
622,68.0,0.16
623,84.0,0.16
623,90.0,0.16
623,90.0,0.16
623,90.0,0.16
624,98.0,0.16
624,100.0,0.16
624,100.0,0.16
624,100.0,0.16
624,98.0,0.16
625,96.0,0.2
625,98.0,0.2
625,96.0,0.2
625,98.0,0.2
626,50.0,0.16
626,54.0,0.16
626,54.0,0.16
626,54.0,0.16
627,82.0,0.16
627,76.0,0.16
627,58.0,0.16
627,72.0,0.16
628,98.0,0.16
628,100.0,0.16
628,100.0,0.16
628,98.0,0.16
628,98.0,0.16
628,100.0,0.16
628,98.0,0.16
628,98.0,0.16
629,96.0,0.16
629,92.0,0.16
629,88.0,0.16
629,86.0,0.16
629,82.0,0.16
629,72.0,0.16
630,98.0,0.15
630,86.0,0.15
630,94.0,0.15
630,94.0,0.15
631,52.0,0.17
631,44.0,0.17
631,48.0,0.17
632,96.0,0.17
632,96.0,0.17
632,94.0,0.17
633,96.0,0.17
633,98.0,0.17
633,98.0,0.17
634,82.0,0.18
634,84.0,0.18
634,76.0,0.18
634,78.0,0.18
