1,34.0,0.2
1,32.0,0.2
2,48.0,0.15
2,50.0,0.15
2,42.0,0.15
3,66.0,0.16
3,54.0,0.16
3,64.0,0.16
4,46.0,0.14
4,40.0,0.14
4,38.0,0.14
5,16.0,0.15
5,18.0,0.15
5,8.0,0.15
6,66.0,0.15
6,72.0,0.15
6,74.0,0.15
6,70.0,0.15
7,62.0,0.18
8,78.0,0.18
8,80.0,0.18
9,74.0,0.15
9,74.0,0.15
9,70.0,0.15
9,74.0,0.15
10,70.0,0.15
10,74.0,0.15
10,70.0,0.15
10,72.0,0.15
11,62.0,0.15
12,8.0,0.16
12,8.0,0.16
13,22.0,0.15
13,22.0,0.15
14,80.0,0.15
14,80.0,0.15
14,78.0,0.15
15,64.0,0.15
15,66.0,0.15
15,64.0,0.15
15,66.0,0.15
16,56.0,0.15
16,54.0,0.15
16,56.0,0.15
17,72.0,0.16
17,72.0,0.16
17,72.0,0.16
18,16.0,0.15
18,14.0,0.15
18,12.0,0.15
19,76.0,0.15
19,74.0,0.15
19,74.0,0.15
20,20.0,0.15
20,22.0,0.15
20,22.0,0.15
21,78.0,0.15
21,78.0,0.15
21,78.0,0.15
22,78.0,0.15
22,80.0,0.15
22,80.0,0.15
23,74.0,0.16
23,74.0,0.16
24,50.0,0.15
24,50.0,0.15
24,50.0,0.15
24,50.0,0.15
25,70.0,0.15
25,72.0,0.15
25,70.0,0.15
25,70.0,0.15
26,74.0,0.15
26,76.0,0.15
26,74.0,0.15
27,84.0,0.16
27,86.0,0.15
27,86.0,0.15
28,78.0,0.15
28,76.0,0.15
29,74.0,0.16
29,76.0,0.16
29,76.0,0.16
30,82.0,0.14
30,80.0,0.14
30,82.0,0.14
31,56.0,0.15
31,52.0,0.15
31,56.0,0.15
32,74.0,0.15
32,74.0,0.15
32,74.0,0.15
33,68.0,0.15
33,68.0,0.15
33,66.0,0.15
33,68.0,0.15
34,60.0,0.15
34,58.0,0.15
35,72.0,0.15
35,72.0,0.15
35,72.0,0.15
36,70.0,0.16
36,70.0,0.15
36,70.0,0.16
36,70.0,0.16
37,74.0,0.16
37,72.0,0.16
37,74.0,0.16
37,74.0,0.16
37,74.0,0.16
38,10.0,0.15
38,10.0,0.15
38,10.0,0.15
39,68.0,0.15
39,68.0,0.15
39,66.0,0.15
39,68.0,0.15
40,74.0,0.14
40,74.0,0.14
40,74.0,0.14
41,32.0,0.15
41,32.0,0.15
42,44.0,0.16
42,44.0,0.16
42,44.0,0.16
43,16.0,0.16
43,16.0,0.16
43,16.0,0.16
44,66.0,0.15
44,66.0,0.15
44,66.0,0.15
45,80.0,0.15
45,80.0,0.15
45,80.0,0.15
46,62.0,0.15
46,62.0,0.15
46,62.0,0.15
47,26.0,0.15
47,26.0,0.15
48,48.0,0.16
48,46.0,0.16
48,48.0,0.16
48,48.0,0.16
49,76.0,0.15
49,76.0,0.15
50,58.0,0.15
50,58.0,0.15
51,70.0,0.14
51,70.0,0.14
51,70.0,0.14
52,82.0,0.15
52,82.0,0.15
52,82.0,0.15
52,82.0,0.15
53,82.0,0.15
53,82.0,0.15
54,74.0,0.15
54,74.0,0.15
54,74.0,0.15
55,26.0,0.16
56,80.0,0.15
56,80.0,0.15
56,80.0,0.15
56,80.0,0.15
57,78.0,0.15
57,78.0,0.15
57,80.0,0.15
57,78.0,0.15
57,78.0,0.15
58,24.0,0.15
58,24.0,0.15
58,26.0,0.15
58,24.0,0.15
59,28.0,0.14
59,30.0,0.14
59,30.0,0.14
60,40.0,0.14
60,40.0,0.14
60,40.0,0.14
61,80.0,0.16
61,80.0,0.16
61,80.0,0.16
62,80.0,0.16
62,80.0,0.16
63,60.0,0.15
63,60.0,0.15
63,60.0,0.15
64,18.0,0.15
64,18.0,0.15
65,82.0,0.15
65,82.0,0.15
65,82.0,0.15
66,74.0,0.14
66,74.0,0.14
67,60.0,0.16
67,60.0,0.16
68,74.0,0.15
68,74.0,0.15
69,54.0,0.15
69,54.0,0.15
70,72.0,0.15
70,72.0,0.15
70,72.0,0.15
71,66.0,0.15
71,66.0,0.15
72,28.0,0.16
72,28.0,0.16
72,28.0,0.16
73,72.0,0.15
73,72.0,0.15
74,72.0,0.16
74,72.0,0.16
74,72.0,0.16
74,72.0,0.16
74,72.0,0.16
75,74.0,0.14
75,74.0,0.14
75,74.0,0.14
76,82.0,0.15
76,82.0,0.15
76,82.0,0.15
77,2.0,0.15
77,2.0,0.15
77,2.0,0.15
78,78.0,0.15
78,78.0,0.15
78,78.0,0.15
78,78.0,0.15
79,20.0,0.15
79,20.0,0.15
79,20.0,0.15
80,30.0,0.16
80,30.0,0.16
81,22.0,0.16
81,22.0,0.16
81,22.0,0.16
82,20.0,0.16
82,20.0,0.16
82,20.0,0.16
83,30.0,0.15
83,30.0,0.15
84,78.0,0.15
84,78.0,0.15
84,78.0,0.15
85,18.0,0.15
85,18.0,0.15
85,18.0,0.15
86,70.0,0.16
86,70.0,0.16
86,70.0,0.16
86,70.0,0.16
87,66.0,0.15
87,66.0,0.15
87,66.0,0.15
87,66.0,0.15
87,66.0,0.15
88,70.0,0.17
88,70.0,0.17
88,70.0,0.17
89,70.0,0.15
90,56.0,0.15
90,56.0,0.15
90,56.0,0.15
91,72.0,0.14
91,72.0,0.14
91,72.0,0.14
92,62.0,0.17
92,62.0,0.17
92,62.0,0.17
93,76.0,0.18
93,76.0,0.18
93,76.0,0.18
94,38.0,0.15
94,38.0,0.15
94,38.0,0.15
94,38.0,0.15
95,82.0,0.14
95,82.0,0.14
95,82.0,0.14
96,18.0,0.14
96,18.0,0.14
96,18.0,0.14
96,18.0,0.14
97,86.0,0.15
97,86.0,0.15
98,28.0,0.16
98,28.0,0.16
98,28.0,0.16
99,22.0,0.15
99,22.0,0.15
100,62.0,0.15
100,62.0,0.15
100,62.0,0.15
101,76.0,0.15
101,76.0,0.15
102,44.0,0.15
103,0.0,0.15
103,0.0,0.15
103,0.0,0.15
104,72.0,0.15
104,72.0,0.15
105,48.0,0.16
105,48.0,0.16
106,50.0,0.15
106,50.0,0.15
106,50.0,0.15
107,4.0,0.16
107,4.0,0.16
107,4.0,0.16
108,74.0,0.15
108,74.0,0.15
108,74.0,0.15
109,78.0,0.15
109,78.0,0.15
109,78.0,0.15
110,-14.0,0.15
110,-14.0,0.15
110,-14.0,0.15
111,80.0,0.16
112,78.0,0.16
112,78.0,0.16
112,78.0,0.16
112,78.0,0.16
113,70.0,0.15
113,70.0,0.15
113,70.0,0.15
113,70.0,0.15
114,22.0,0.14
114,22.0,0.14
114,22.0,0.14
114,22.0,0.14
115,80.0,0.15
115,80.0,0.15
115,80.0,0.15
116,58.0,0.15
116,58.0,0.15
116,58.0,0.15
117,12.0,0.17
117,12.0,0.17
117,12.0,0.17
117,12.0,0.17
118,6.0,0.15
118,6.0,0.15
119,76.0,0.14
119,76.0,0.14
119,76.0,0.14
120,36.0,0.14
120,36.0,0.14
120,36.0,0.14
120,36.0,0.14
121,22.0,0.14
121,22.0,0.15
121,22.0,0.14
122,26.0,0.16
122,26.0,0.16
122,26.0,0.16
122,26.0,0.16
123,68.0,0.16
123,64.0,0.16
124,66.0,0.15
124,66.0,0.15
124,66.0,0.15
125,82.0,0.15
125,82.0,0.15
125,82.0,0.15
125,82.0,0.15
126,72.0,0.15
126,72.0,0.15
126,72.0,0.15
126,72.0,0.15
127,84.0,0.15
127,84.0,0.15
127,84.0,0.15
128,66.0,0.15
128,66.0,0.15
128,66.0,0.15
129,70.0,0.15
129,70.0,0.15
129,70.0,0.15
130,76.0,0.16
130,76.0,0.16
130,76.0,0.16
131,66.0,0.15
131,66.0,0.15
131,66.0,0.15
131,66.0,0.15
132,72.0,0.16
132,72.0,0.16
133,66.0,0.15
133,66.0,0.15
134,70.0,0.15
134,70.0,0.15
134,70.0,0.15
134,70.0,0.15
135,44.0,0.15
135,44.0,0.15
135,44.0,0.15
135,44.0,0.15
136,22.0,0.16
136,22.0,0.16
136,22.0,0.16
137,62.0,0.15
137,62.0,0.15
137,62.0,0.15
137,62.0,0.15
138,72.0,0.15
138,72.0,0.15
138,72.0,0.15
138,72.0,0.15
139,70.0,0.15
139,70.0,0.15
140,68.0,0.15
140,68.0,0.15
140,68.0,0.15
141,64.0,0.15
141,64.0,0.15
141,64.0,0.15
142,68.0,0.17
142,68.0,0.17
143,66.0,0.15
143,66.0,0.15
143,66.0,0.15
144,74.0,0.15
144,74.0,0.15
144,74.0,0.15
145,80.0,0.15
145,80.0,0.15
145,80.0,0.15
146,72.0,0.15
146,72.0,0.15
147,76.0,0.16
147,76.0,0.16
147,76.0,0.16
148,62.0,0.19
148,62.0,0.19
149,78.0,0.16
149,78.0,0.16
150,22.0,0.15
150,22.0,0.15
151,64.0,0.14
151,64.0,0.14
151,64.0,0.14
152,48.0,0.15
152,48.0,0.15
152,48.0,0.15
153,76.0,0.15
153,76.0,0.15
153,76.0,0.15
154,28.0,0.15
154,28.0,0.15
154,28.0,0.15
155,50.0,0.16
155,50.0,0.16
155,50.0,0.16
156,78.0,0.15
156,78.0,0.15
156,78.0,0.15
157,30.0,0.16
157,30.0,0.16
158,62.0,0.15
158,62.0,0.15
158,62.0,0.15
159,52.0,0.15
159,52.0,0.15
160,44.0,0.16
160,44.0,0.16
160,44.0,0.16
160,44.0,0.16
161,86.0,0.16
161,86.0,0.16
162,18.0,0.15
162,18.0,0.15
163,76.0,0.15
163,76.0,0.15
163,76.0,0.15
164,42.0,0.14
164,42.0,0.14
164,42.0,0.14
165,70.0,0.15
165,70.0,0.15
166,70.0,0.15
166,70.0,0.15
166,70.0,0.15
166,70.0,0.15
167,76.0,0.17
167,76.0,0.17
167,76.0,0.17
168,80.0,0.15
168,80.0,0.15
168,80.0,0.15
169,82.0,0.15
169,82.0,0.15
169,82.0,0.15
169,82.0,0.15
170,72.0,0.15
170,72.0,0.15
170,72.0,0.15
171,74.0,0.15
171,74.0,0.15
171,74.0,0.15
171,74.0,0.15
172,74.0,0.16
172,74.0,0.16
172,74.0,0.16
173,74.0,0.16
173,74.0,0.16
174,58.0,0.15
174,58.0,0.15
174,58.0,0.15
175,80.0,0.15
175,80.0,0.15
175,80.0,0.15
176,54.0,0.15
176,54.0,0.15
176,54.0,0.15
177,76.0,0.16
177,76.0,0.16
177,76.0,0.16
178,86.0,0.15
178,86.0,0.15
179,78.0,0.15
179,78.0,0.15
179,78.0,0.15
180,80.0,0.15
180,80.0,0.15
180,80.0,0.15
180,80.0,0.15
180,80.0,0.15
181,70.0,0.15
181,70.0,0.15
182,-8.0,0.15
182,-8.0,0.15
182,-8.0,0.15
183,72.0,0.15
183,72.0,0.15
183,72.0,0.15
184,84.0,0.15
184,84.0,0.15
184,84.0,0.15
185,66.0,0.15
185,66.0,0.15
185,66.0,0.15
186,36.0,0.16
186,36.0,0.16
186,36.0,0.16
187,84.0,0.16
187,84.0,0.16
187,84.0,0.16
187,84.0,0.16
188,88.0,0.15
188,88.0,0.15
188,88.0,0.15
189,66.0,0.15
189,66.0,0.15
190,84.0,0.16
190,84.0,0.16
190,84.0,0.16
191,64.0,0.15
191,64.0,0.15
191,64.0,0.15
192,72.0,0.16
192,72.0,0.16
193,-2.0,0.15
193,-2.0,0.15
193,-2.0,0.15
194,80.0,0.15
194,80.0,0.15
194,80.0,0.15
194,80.0,0.15
195,72.0,0.15
195,72.0,0.15
195,72.0,0.15
196,82.0,0.15
196,82.0,0.15
196,82.0,0.15
197,18.0,0.16
197,18.0,0.16
197,18.0,0.16
197,18.0,0.16
198,72.0,0.16
198,72.0,0.16
199,76.0,0.15
199,76.0,0.15
199,76.0,0.15
199,76.0,0.15
200,74.0,0.16
200,74.0,0.16
200,74.0,0.16
201,44.0,0.16
201,44.0,0.16
201,44.0,0.16
201,44.0,0.16
202,68.0,0.16
202,68.0,0.16
202,68.0,0.16
202,68.0,0.16
203,54.0,0.16
203,54.0,0.16
203,54.0,0.16
203,54.0,0.16
204,72.0,0.16
204,72.0,0.16
204,72.0,0.16
205,68.0,0.15
205,68.0,0.15
205,68.0,0.15
205,68.0,0.15
205,68.0,0.15
205,68.0,0.15
205,68.0,0.15
205,68.0,0.15
206,-2.0,0.16
206,-2.0,0.16
206,-2.0,0.16
207,62.0,0.16
207,62.0,0.16
207,62.0,0.16
207,62.0,0.16
208,80.0,0.15
208,80.0,0.15
208,80.0,0.15
209,70.0,0.15
209,70.0,0.15
209,70.0,0.15
210,50.0,0.16
210,50.0,0.16
210,50.0,0.16
211,62.0,0.15
211,62.0,0.15
211,62.0,0.15
212,80.0,0.15
212,80.0,0.15
212,80.0,0.15
212,80.0,0.15
213,32.0,0.15
213,32.0,0.15
213,32.0,0.15
214,70.0,0.15
214,70.0,0.15
215,84.0,0.15
215,84.0,0.15
215,84.0,0.15
215,84.0,0.15
216,74.0,0.16
216,74.0,0.16
216,74.0,0.16
217,72.0,0.16
217,72.0,0.16
217,72.0,0.16
218,80.0,0.15
218,80.0,0.15
219,84.0,0.15
219,84.0,0.15
219,84.0,0.15
219,84.0,0.15
220,84.0,0.15
220,84.0,0.15
220,84.0,0.15
221,82.0,0.15
221,82.0,0.15
221,82.0,0.15
221,82.0,0.15
222,74.0,0.17
222,74.0,0.17
222,74.0,0.17
222,74.0,0.17
223,70.0,0.15
223,70.0,0.15
224,78.0,0.15
224,78.0,0.15
224,78.0,0.15
225,72.0,0.15
225,72.0,0.15
226,72.0,0.16
227,72.0,0.16
227,72.0,0.16
227,72.0,0.16
228,26.0,0.17
228,26.0,0.17
228,26.0,0.17
229,74.0,0.16
229,74.0,0.16
230,12.0,0.16
230,12.0,0.16
230,12.0,0.16
231,40.0,0.16
231,40.0,0.16
232,10.0,0.17
232,10.0,0.17
232,10.0,0.17
233,36.0,0.16
233,36.0,0.16
233,36.0,0.16
234,36.0,0.16
234,36.0,0.16
234,36.0,0.16
235,14.0,0.15
235,14.0,0.15
236,76.0,0.15
236,76.0,0.15
237,84.0,0.16
237,84.0,0.16
237,84.0,0.16
238,76.0,0.18
238,76.0,0.18
238,76.0,0.18
239,66.0,0.16
239,66.0,0.16
239,66.0,0.16
240,70.0,0.16
240,70.0,0.16
240,70.0,0.16
241,32.0,0.15
241,32.0,0.15
241,32.0,0.15
242,14.0,0.16
242,14.0,0.16
242,14.0,0.16
243,66.0,0.15
243,66.0,0.15
243,66.0,0.16
244,90.0,0.16
244,90.0,0.16
244,90.0,0.16
244,90.0,0.16
244,90.0,0.16
245,42.0,0.15
245,42.0,0.15
245,42.0,0.15
245,42.0,0.15
246,26.0,0.16
246,26.0,0.16
247,66.0,0.16
247,66.0,0.16
247,66.0,0.16
248,76.0,0.16
249,48.0,0.16
249,48.0,0.16
249,48.0,0.16
249,48.0,0.16
250,66.0,0.16
250,66.0,0.16
251,18.0,0.15
251,18.0,0.15
251,18.0,0.15
251,18.0,0.15
252,82.0,0.17
252,82.0,0.17
253,14.0,0.15
253,14.0,0.15
253,14.0,0.15
253,14.0,0.15
254,80.0,0.15
254,80.0,0.15
254,80.0,0.15
255,52.0,0.15
255,52.0,0.15
255,52.0,0.15
256,72.0,0.15
256,72.0,0.15
256,72.0,0.15
256,72.0,0.15
257,66.0,0.16
257,66.0,0.16
257,66.0,0.16
257,66.0,0.16
258,82.0,0.16
258,82.0,0.16
258,82.0,0.16
259,80.0,0.15
259,80.0,0.15
260,62.0,0.15
260,62.0,0.15
260,62.0,0.15
261,72.0,0.15
261,72.0,0.15
262,78.0,0.2
262,78.0,0.2
262,78.0,0.2
262,78.0,0.2
262,78.0,0.2
263,86.0,0.16
263,86.0,0.16
263,86.0,0.16
263,86.0,0.16
264,64.0,0.16
264,64.0,0.16
264,64.0,0.16
265,16.0,0.15
265,16.0,0.15
265,16.0,0.15
266,58.0,0.15
266,58.0,0.15
266,58.0,0.15
266,58.0,0.15
267,84.0,0.16
267,84.0,0.16
267,84.0,0.16
268,84.0,0.15
268,84.0,0.15
268,84.0,0.15
269,82.0,0.15
269,82.0,0.15
269,82.0,0.15
270,74.0,0.16
270,74.0,0.16
270,74.0,0.16
270,74.0,0.16
271,84.0,0.15
271,84.0,0.15
271,82.0,0.15
272,84.0,0.16
272,84.0,0.16
272,84.0,0.16
273,80.0,0.15
273,80.0,0.15
273,80.0,0.15
274,20.0,0.15
274,20.0,0.15
275,38.0,0.15
275,38.0,0.15
275,38.0,0.15
275,38.0,0.15
276,80.0,0.16
276,80.0,0.16
276,80.0,0.16
277,16.0,0.16
277,16.0,0.16
278,72.0,0.15
278,72.0,0.15
278,72.0,0.15
279,80.0,0.15
279,80.0,0.15
279,80.0,0.15
279,80.0,0.15
279,80.0,0.15
280,68.0,0.16
280,68.0,0.16
280,68.0,0.15
280,68.0,0.15
281,24.0,0.15
281,24.0,0.15
282,26.0,0.17
282,26.0,0.17
282,26.0,0.17
283,-2.0,0.15
283,-2.0,0.15
283,-2.0,0.15
284,78.0,0.15
284,78.0,0.15
284,78.0,0.15
284,78.0,0.15
285,72.0,0.15
285,72.0,0.15
285,72.0,0.15
286,62.0,0.15
286,62.0,0.15
286,62.0,0.15
287,76.0,0.16
287,76.0,0.15
288,28.0,0.16
288,28.0,0.16
288,28.0,0.16
289,82.0,0.15
289,82.0,0.15
289,82.0,0.15
290,56.0,0.15
290,56.0,0.15
290,56.0,0.15
291,70.0,0.16
291,70.0,0.16
291,70.0,0.16
292,54.0,0.16
292,54.0,0.16
292,54.0,0.16
293,74.0,0.17
293,74.0,0.17
293,74.0,0.17
294,72.0,0.16
294,70.0,0.16
294,72.0,0.16
294,72.0,0.16
295,76.0,0.15
295,76.0,0.15
296,70.0,0.15
296,70.0,0.15
296,70.0,0.15
297,28.0,0.16
297,28.0,0.16
297,28.0,0.16
298,74.0,0.16
298,74.0,0.16
298,74.0,0.16
299,66.0,0.15
299,66.0,0.15
299,66.0,0.15
300,56.0,0.16
300,56.0,0.16
300,56.0,0.16
300,56.0,0.16
301,80.0,0.15
301,80.0,0.15
302,72.0,0.16
302,72.0,0.16
302,72.0,0.16
303,82.0,0.15
303,82.0,0.15
303,82.0,0.15
304,74.0,0.14
304,74.0,0.14
305,72.0,0.15
305,72.0,0.15
305,72.0,0.15
305,72.0,0.15
306,52.0,0.15
306,52.0,0.15
306,52.0,0.15
307,80.0,0.16
307,80.0,0.16
307,80.0,0.16
307,80.0,0.16
308,78.0,0.15
308,78.0,0.15
309,28.0,0.15
309,28.0,0.15
309,28.0,0.15
309,28.0,0.15
310,68.0,0.15
310,68.0,0.15
310,68.0,0.15
310,68.0,0.15
311,72.0,0.15
311,72.0,0.15
311,72.0,0.15
312,82.0,0.16
312,82.0,0.16
313,76.0,0.16
313,76.0,0.16
313,76.0,0.16
314,30.0,0.15
314,30.0,0.15
314,30.0,0.15
315,12.0,0.15
315,12.0,0.15
315,12.0,0.16
315,12.0,0.15
316,14.0,0.15
316,14.0,0.15
316,14.0,0.15
316,14.0,0.15
316,14.0,0.15
316,14.0,0.15
317,12.0,0.16
317,14.0,0.16
318,86.0,0.15
318,86.0,0.15
318,86.0,0.15
318,86.0,0.15
319,48.0,0.16
319,48.0,0.16
320,42.0,0.15
320,42.0,0.15
320,42.0,0.15
321,74.0,0.15
321,74.0,0.15
321,74.0,0.15
322,74.0,0.15
322,74.0,0.15
322,74.0,0.15
323,10.0,0.15
323,10.0,0.15
323,10.0,0.15
323,10.0,0.15
323,10.0,0.15
324,20.0,0.15
324,20.0,0.15
324,20.0,0.15
324,20.0,0.15
324,20.0,0.15
324,20.0,0.15
325,64.0,0.16
325,64.0,0.16
325,64.0,0.16
325,64.0,0.16
326,88.0,0.15
326,88.0,0.16
326,88.0,0.15
327,0.0,0.15
327,0.0,0.15
327,0.0,0.15
328,18.0,0.15
328,18.0,0.15
328,18.0,0.15
328,18.0,0.15
329,80.0,0.15
329,80.0,0.15
329,80.0,0.15
329,80.0,0.15
330,64.0,0.15
330,64.0,0.15
330,64.0,0.15
331,78.0,0.16
331,78.0,0.16
331,78.0,0.16
331,78.0,0.16
332,54.0,0.16
332,54.0,0.16
332,54.0,0.16
333,72.0,0.15
333,72.0,0.15
334,46.0,0.15
334,46.0,0.15
334,46.0,0.15
335,80.0,0.16
335,80.0,0.16
335,80.0,0.16
335,80.0,0.16
336,2.0,0.15
336,2.0,0.15
336,2.0,0.15
337,78.0,0.17
337,78.0,0.17
337,78.0,0.17
337,78.0,0.17
337,78.0,0.17
338,78.0,0.16
338,78.0,0.16
338,78.0,0.16
338,78.0,0.16
339,70.0,0.15
339,70.0,0.15
339,70.0,0.15
340,70.0,0.15
340,70.0,0.15
340,70.0,0.15
341,76.0,0.15
341,76.0,0.15
341,76.0,0.15
342,62.0,0.16
342,62.0,0.16
342,62.0,0.16
343,46.0,0.16
343,46.0,0.16
343,46.0,0.16
343,46.0,0.16
344,24.0,0.15
344,24.0,0.15
344,24.0,0.15
345,6.0,0.15
345,6.0,0.15
345,6.0,0.15
345,6.0,0.15
346,86.0,0.15
346,86.0,0.15
346,86.0,0.15
346,86.0,0.15
347,64.0,0.16
347,64.0,0.16
347,64.0,0.16
348,44.0,0.15
348,44.0,0.15
348,44.0,0.15
348,44.0,0.15
349,76.0,0.16
349,76.0,0.16
349,76.0,0.16
350,64.0,0.15
350,64.0,0.15
350,64.0,0.15
350,64.0,0.15
350,64.0,0.15
350,64.0,0.15
351,70.0,0.15
351,70.0,0.15
351,70.0,0.15
352,80.0,0.16
352,80.0,0.16
353,88.0,0.15
353,88.0,0.15
353,88.0,0.15
354,64.0,0.15
354,64.0,0.15
354,64.0,0.15
354,64.0,0.15
355,72.0,0.16
355,72.0,0.16
355,72.0,0.16
356,66.0,0.15
356,66.0,0.15
357,68.0,0.15
357,68.0,0.15
357,68.0,0.15
357,68.0,0.15
357,68.0,0.15
357,68.0,0.15
358,34.0,0.15
358,34.0,0.15
358,34.0,0.15
359,64.0,0.15
359,64.0,0.15
360,76.0,0.15
360,76.0,0.15
360,76.0,0.15
361,62.0,0.17
361,62.0,0.17
361,62.0,0.17
361,62.0,0.17
361,62.0,0.17
362,4.0,0.18
362,4.0,0.18
362,4.0,0.18
362,4.0,0.18
363,2.0,0.15
363,2.0,0.15
363,2.0,0.15
363,2.0,0.15
364,60.0,0.15
364,60.0,0.15
364,60.0,0.15
365,36.0,0.15
365,36.0,0.15
365,36.0,0.15
366,74.0,0.15
366,74.0,0.15
366,74.0,0.15
367,62.0,0.17
367,62.0,0.17
367,62.0,0.17
367,62.0,0.17
367,62.0,0.17
367,62.0,0.17
368,22.0,0.15
368,22.0,0.15
368,22.0,0.15
368,22.0,0.15
369,60.0,0.15
369,60.0,0.15
369,60.0,0.15
370,78.0,0.15
370,78.0,0.15
370,78.0,0.15
370,78.0,0.15
371,8.0,0.15
371,8.0,0.15
372,74.0,0.15
372,74.0,0.15
372,74.0,0.15
373,74.0,0.17
373,74.0,0.17
373,74.0,0.17
373,74.0,0.17
374,78.0,0.15
374,78.0,0.15
374,78.0,0.15
374,78.0,0.15
375,64.0,0.15
375,64.0,0.15
375,64.0,0.14
375,64.0,0.14
376,64.0,0.15
376,64.0,0.15
376,64.0,0.15
376,64.0,0.15
377,56.0,0.16
377,56.0,0.16
377,56.0,0.16
378,70.0,0.15
378,70.0,0.15
379,62.0,0.18
380,70.0,0.15
380,70.0,0.15
380,70.0,0.15
380,70.0,0.15
381,82.0,0.15
381,82.0,0.15
381,82.0,0.15
382,80.0,0.15
382,80.0,0.15
382,80.0,0.15
382,80.0,0.15
383,68.0,0.15
383,68.0,0.15
384,80.0,0.15
384,80.0,0.15
384,80.0,0.15
385,66.0,0.16
385,66.0,0.16
385,66.0,0.16
385,66.0,0.16
386,40.0,0.15
386,40.0,0.15
386,40.0,0.15
387,28.0,0.17
387,28.0,0.17
387,28.0,0.17
387,28.0,0.17
387,28.0,0.17
387,28.0,0.17
388,66.0,0.15
388,66.0,0.15
388,66.0,0.15
389,76.0,0.15
389,76.0,0.15
389,76.0,0.15
390,28.0,0.18
390,28.0,0.18
390,28.0,0.18
391,84.0,0.16
391,84.0,0.16
391,84.0,0.16
392,30.0,0.16
392,30.0,0.16
392,30.0,0.16
392,30.0,0.16
393,76.0,0.15
393,76.0,0.15
393,76.0,0.15
393,76.0,0.15
394,72.0,0.15
394,72.0,0.15
394,72.0,0.15
395,88.0,0.15
395,88.0,0.15
395,88.0,0.15
396,72.0,0.15
396,72.0,0.15
396,72.0,0.15
396,72.0,0.15
397,60.0,0.17
397,60.0,0.17
397,60.0,0.17
398,74.0,0.15
398,74.0,0.15
399,76.0,0.15
399,76.0,0.15
399,76.0,0.15
400,52.0,0.15
400,52.0,0.15
400,52.0,0.15
401,62.0,0.15
401,62.0,0.15
401,62.0,0.15
401,62.0,0.15
402,36.0,0.16
402,36.0,0.16
402,36.0,0.16
403,28.0,0.16
403,28.0,0.16
403,28.0,0.16
403,28.0,0.16
404,80.0,0.19
404,80.0,0.19
405,10.0,0.17
405,10.0,0.17
405,10.0,0.17
405,10.0,0.17
406,82.0,0.16
406,82.0,0.16
407,78.0,0.16
407,78.0,0.16
408,80.0,0.15
408,80.0,0.15
408,80.0,0.15
409,72.0,0.17
409,72.0,0.17
409,72.0,0.17
410,74.0,0.16
410,74.0,0.16
410,74.0,0.16
411,78.0,0.15
411,78.0,0.15
411,78.0,0.15
411,78.0,0.15
412,38.0,0.16
412,38.0,0.16
412,38.0,0.16
412,38.0,0.16
413,60.0,0.15
413,60.0,0.15
413,60.0,0.15
413,60.0,0.15
414,68.0,0.15
414,68.0,0.15
414,68.0,0.15
415,70.0,0.15
415,70.0,0.15
415,70.0,0.15
416,76.0,0.15
416,76.0,0.15
416,76.0,0.15
416,76.0,0.15
417,78.0,0.15
417,78.0,0.15
418,76.0,0.15
418,76.0,0.15
418,76.0,0.15
419,78.0,0.15
419,78.0,0.15
419,78.0,0.15
420,64.0,0.15
420,64.0,0.15
420,64.0,0.15
421,80.0,0.15
421,80.0,0.15
422,84.0,0.15
422,84.0,0.15
422,84.0,0.15
423,70.0,0.15
423,70.0,0.15
423,70.0,0.15
423,70.0,0.15
424,78.0,0.15
424,78.0,0.15
424,78.0,0.15
425,78.0,0.15
425,78.0,0.15
425,78.0,0.15
426,0.0,0.15
426,0.0,0.15
426,0.0,0.15
427,66.0,0.16
427,66.0,0.16
428,72.0,0.15
428,72.0,0.15
428,72.0,0.15
429,86.0,0.15
429,86.0,0.15
429,86.0,0.15
429,86.0,0.15
430,-8.0,0.15
430,-8.0,0.15
430,-8.0,0.15
430,-8.0,0.15
431,42.0,0.15
431,42.0,0.15
431,42.0,0.15
432,86.0,0.16
432,86.0,0.16
432,86.0,0.16
432,86.0,0.16
433,6.0,0.16
433,6.0,0.16
433,6.0,0.16
434,-4.0,0.15
434,-4.0,0.15
434,-4.0,0.15
434,-4.0,0.15
435,30.0,0.16
435,30.0,0.16
435,30.0,0.16
435,30.0,0.16
436,78.0,0.16
436,78.0,0.16
437,66.0,0.16
437,66.0,0.16
438,76.0,0.15
438,76.0,0.15
438,76.0,0.15
439,42.0,0.15
439,42.0,0.15
439,42.0,0.15
439,42.0,0.15
440,78.0,0.15
440,78.0,0.15
440,78.0,0.15
440,78.0,0.15
441,72.0,0.15
441,72.0,0.15
441,72.0,0.15
442,88.0,0.16
442,88.0,0.16
442,88.0,0.16
442,88.0,0.16
443,48.0,0.15
443,48.0,0.15
443,48.0,0.15
444,76.0,0.15
444,76.0,0.15
444,76.0,0.15
445,22.0,0.16
445,22.0,0.16
445,22.0,0.16
446,82.0,0.15
446,82.0,0.15
446,82.0,0.15
446,82.0,0.15
447,82.0,0.16
447,82.0,0.16
447,82.0,0.16
447,82.0,0.16
448,76.0,0.15
448,76.0,0.15
448,76.0,0.15
448,76.0,0.15
448,76.0,0.15
449,78.0,0.16
449,78.0,0.16
449,78.0,0.16
450,70.0,0.15
450,70.0,0.15
451,76.0,0.16
451,76.0,0.16
451,76.0,0.16
452,64.0,0.15
452,64.0,0.15
452,64.0,0.15
453,72.0,0.15
453,72.0,0.15
453,72.0,0.15
454,52.0,0.15
454,52.0,0.15
454,52.0,0.15
455,72.0,0.15
455,72.0,0.15
455,72.0,0.15
455,72.0,0.15
456,18.0,0.15
456,18.0,0.15
457,64.0,0.16
457,64.0,0.16
457,64.0,0.16
457,64.0,0.16
458,82.0,0.14
458,82.0,0.14
459,22.0,0.15
459,22.0,0.15
459,22.0,0.15
460,76.0,0.15
460,76.0,0.15
460,76.0,0.15
460,76.0,0.15
460,76.0,0.15
461,58.0,0.15
461,58.0,0.15
461,58.0,0.15
461,58.0,0.15
462,78.0,0.16
462,78.0,0.16
462,78.0,0.16
463,66.0,0.15
463,66.0,0.15
463,66.0,0.15
463,66.0,0.15
464,76.0,0.15
464,76.0,0.15
464,76.0,0.15
465,80.0,0.15
465,80.0,0.15
465,80.0,0.15
466,50.0,0.15
466,50.0,0.15
466,50.0,0.15
467,0.0,0.16
467,0.0,0.16
467,0.0,0.16
468,72.0,0.15
469,14.0,0.15
469,14.0,0.15
469,14.0,0.15
469,14.0,0.15
470,2.0,0.15
470,2.0,0.15
470,2.0,0.15
471,82.0,0.15
471,82.0,0.15
471,82.0,0.15
471,82.0,0.15
472,66.0,0.15
472,66.0,0.15
472,66.0,0.15
472,66.0,0.15
473,14.0,0.15
473,14.0,0.15
473,14.0,0.15
474,62.0,0.15
474,62.0,0.15
474,62.0,0.15
475,72.0,0.15
475,72.0,0.15
475,72.0,0.15
476,82.0,0.16
476,82.0,0.16
476,82.0,0.16
476,82.0,0.16
477,78.0,0.15
477,78.0,0.15
477,78.0,0.15
477,78.0,0.15
478,74.0,0.15
478,74.0,0.15
478,74.0,0.15
479,74.0,0.15
479,74.0,0.15
479,74.0,0.15
480,72.0,0.15
480,72.0,0.15
480,72.0,0.15
480,72.0,0.15
481,78.0,0.15
481,78.0,0.15
481,78.0,0.15
482,18.0,0.16
482,18.0,0.16
483,68.0,0.15
483,68.0,0.15
484,6.0,0.15
484,6.0,0.15
484,6.0,0.15
484,6.0,0.15
485,28.0,0.15
485,28.0,0.15
486,28.0,0.15
486,28.0,0.15
486,28.0,0.15
487,78.0,0.15
487,78.0,0.15
487,78.0,0.15
488,84.0,0.16
488,84.0,0.16
489,74.0,0.15
489,74.0,0.15
490,72.0,0.15
490,72.0,0.15
490,72.0,0.15
490,72.0,0.15
491,68.0,0.15
491,68.0,0.15
491,68.0,0.15
492,62.0,0.16
492,62.0,0.16
492,62.0,0.16
493,76.0,0.15
493,76.0,0.15
493,76.0,0.15
494,76.0,0.16
494,76.0,0.16
494,76.0,0.16
495,-6.0,0.15
495,-6.0,0.15
495,-6.0,0.15
495,-6.0,0.15
495,-6.0,0.15
496,82.0,0.15
496,82.0,0.15
497,22.0,0.16
497,22.0,0.16
497,22.0,0.16
498,68.0,0.15
498,68.0,0.15
498,68.0,0.15
499,80.0,0.15
499,80.0,0.15
499,80.0,0.15
500,46.0,0.15
500,46.0,0.15
500,46.0,0.15
500,46.0,0.15
501,42.0,0.15
501,42.0,0.15
501,42.0,0.15
501,42.0,0.15
502,68.0,0.16
502,68.0,0.16
502,68.0,0.16
503,80.0,0.15
503,80.0,0.15
503,80.0,0.15
504,70.0,0.15
504,70.0,0.15
504,70.0,0.15
504,70.0,0.15
505,84.0,0.15
505,84.0,0.15
506,80.0,0.15
506,80.0,0.15
506,80.0,0.15
506,80.0,0.15
507,72.0,0.16
507,72.0,0.16
507,72.0,0.16
507,72.0,0.16
508,70.0,0.15
508,70.0,0.15
508,70.0,0.15
509,52.0,0.15
509,52.0,0.15
509,52.0,0.15
509,52.0,0.15
510,6.0,0.15
510,6.0,0.15
510,6.0,0.15
511,76.0,0.15
511,76.0,0.15
511,76.0,0.15
512,82.0,0.16
512,82.0,0.16
513,64.0,0.15
513,64.0,0.15
514,12.0,0.15
514,12.0,0.15
514,12.0,0.15
514,12.0,0.15
515,78.0,0.15
515,78.0,0.15
515,78.0,0.15
516,70.0,0.15
517,68.0,0.15
517,68.0,0.15
517,68.0,0.15
517,68.0,0.15
518,82.0,0.15
518,82.0,0.15
518,82.0,0.15
519,32.0,0.15
519,32.0,0.15
519,32.0,0.15
519,32.0,0.15
520,68.0,0.15
520,68.0,0.15
521,4.0,0.15
522,80.0,0.15
522,80.0,0.15
522,80.0,0.15
522,80.0,0.15
523,44.0,0.15
523,44.0,0.15
523,44.0,0.15
524,16.0,0.15
524,16.0,0.15
524,16.0,0.15
525,68.0,0.18
525,68.0,0.18
525,68.0,0.18
526,80.0,0.15
526,80.0,0.15
526,80.0,0.15
526,80.0,0.15
527,74.0,0.16
527,74.0,0.16
527,74.0,0.16
528,70.0,0.15
528,70.0,0.15
528,70.0,0.15
529,78.0,0.15
529,78.0,0.15
529,78.0,0.15
530,76.0,0.15
530,76.0,0.15
531,78.0,0.16
531,78.0,0.16
531,78.0,0.16
531,78.0,0.16
532,24.0,0.16
532,24.0,0.16
533,62.0,0.15
533,62.0,0.15
534,72.0,0.15
534,72.0,0.15
534,72.0,0.15
535,32.0,0.15
535,32.0,0.15
535,32.0,0.15
536,84.0,0.15
536,84.0,0.15
537,90.0,0.16
537,90.0,0.16
538,72.0,0.15
538,72.0,0.15
538,72.0,0.15
539,78.0,0.15
539,78.0,0.15
539,78.0,0.15
540,82.0,0.15
540,82.0,0.15
540,82.0,0.15
540,82.0,0.15
540,82.0,0.15
541,74.0,0.15
541,74.0,0.15
541,74.0,0.15
541,74.0,0.15
541,74.0,0.15
542,76.0,0.16
542,76.0,0.16
542,76.0,0.16
543,78.0,0.16
543,78.0,0.16
543,78.0,0.16
543,78.0,0.16
543,78.0,0.16
543,78.0,0.16
544,82.0,0.15
544,82.0,0.15
544,82.0,0.15
545,76.0,0.16
545,76.0,0.16
545,76.0,0.16
545,76.0,0.16
546,28.0,0.16
546,28.0,0.16
546,28.0,0.16
546,28.0,0.16
547,58.0,0.16
547,58.0,0.16
547,58.0,0.16
548,68.0,0.15
548,68.0,0.15
548,68.0,0.15
549,58.0,0.16
549,58.0,0.16
549,58.0,0.16
549,58.0,0.16
550,88.0,0.15
550,88.0,0.15
550,88.0,0.15
551,64.0,0.15
551,64.0,0.15
551,64.0,0.15
552,22.0,0.16
552,22.0,0.16
553,68.0,0.15
553,68.0,0.15
553,68.0,0.15
554,40.0,0.15
554,40.0,0.15
554,40.0,0.15
555,18.0,0.16
555,18.0,0.16
556,78.0,0.16
556,78.0,0.16
556,78.0,0.16
557,82.0,0.16
557,82.0,0.16
557,82.0,0.16
557,82.0,0.16
558,74.0,0.15
558,74.0,0.15
558,74.0,0.15
558,74.0,0.15
559,46.0,0.15
559,46.0,0.15
559,46.0,0.15
560,78.0,0.15
560,78.0,0.15
560,78.0,0.15
560,78.0,0.15
561,78.0,0.16
561,78.0,0.16
561,78.0,0.16
561,78.0,0.16
562,24.0,0.16
562,24.0,0.16
562,24.0,0.16
563,86.0,0.15
564,72.0,0.15
564,72.0,0.15
564,72.0,0.15
565,10.0,0.15
565,10.0,0.15
565,10.0,0.15
565,10.0,0.15
566,68.0,0.15
566,68.0,0.15
566,68.0,0.15
566,68.0,0.15
566,68.0,0.15
567,76.0,0.16
567,76.0,0.16
567,76.0,0.16
568,76.0,0.15
568,76.0,0.15
568,76.0,0.15
568,76.0,0.15
569,88.0,0.15
569,88.0,0.15
569,88.0,0.15
569,88.0,0.15
569,88.0,0.15
570,64.0,0.15
570,64.0,0.15
571,26.0,0.15
571,26.0,0.15
571,26.0,0.15
572,58.0,0.15
572,58.0,0.15
573,80.0,0.15
573,80.0,0.15
573,80.0,0.15
573,80.0,0.15
573,80.0,0.15
574,76.0,0.15
574,76.0,0.15
574,76.0,0.15
574,76.0,0.15
575,8.0,0.15
575,8.0,0.15
575,8.0,0.15
575,8.0,0.15
576,74.0,0.15
576,74.0,0.15
576,74.0,0.15
577,26.0,0.16
577,26.0,0.16
577,26.0,0.16
578,38.0,0.15
578,38.0,0.15
578,38.0,0.15
578,38.0,0.15
579,62.0,0.15
579,62.0,0.15
579,62.0,0.15
580,30.0,0.16
580,30.0,0.16
580,30.0,0.16
580,30.0,0.16
581,80.0,0.15
581,80.0,0.15
581,80.0,0.15
582,32.0,0.16
582,32.0,0.16
582,32.0,0.16
583,72.0,0.15
583,72.0,0.15
583,72.0,0.15
583,72.0,0.15
584,82.0,0.15
584,82.0,0.15
584,82.0,0.15
585,74.0,0.15
585,74.0,0.15
586,78.0,0.15
586,78.0,0.15
586,78.0,0.15
587,82.0,0.16
587,82.0,0.16
587,82.0,0.16
587,82.0,0.16
588,26.0,0.15
588,26.0,0.15
588,26.0,0.15
588,26.0,0.15
589,16.0,0.15
589,16.0,0.15
589,16.0,0.15
590,16.0,0.16
590,16.0,0.16
590,16.0,0.16
591,74.0,0.15
591,74.0,0.15
591,74.0,0.15
592,90.0,0.16
592,90.0,0.16
592,90.0,0.16
593,24.0,0.16
593,24.0,0.16
593,24.0,0.16
594,78.0,0.15
594,78.0,0.15
594,78.0,0.15
594,78.0,0.15
594,78.0,0.15
595,64.0,0.15
595,64.0,0.15
595,64.0,0.15
596,20.0,0.15
596,20.0,0.15
596,20.0,0.15
596,20.0,0.15
597,72.0,0.16
597,72.0,0.16
597,72.0,0.16
598,40.0,0.16
598,40.0,0.16
598,40.0,0.16
599,22.0,0.15
599,22.0,0.15
599,22.0,0.15
600,72.0,0.15
600,72.0,0.15
600,72.0,0.15
600,72.0,0.15
601,70.0,0.15
601,70.0,0.15
601,70.0,0.15
602,80.0,0.16
602,80.0,0.16
602,80.0,0.16
603,42.0,0.15
603,42.0,0.15
603,42.0,0.15
604,72.0,0.16
604,72.0,0.16
604,72.0,0.16
605,20.0,0.15
605,20.0,0.15
606,58.0,0.15
606,58.0,0.15
606,58.0,0.15
607,52.0,0.16
607,52.0,0.16
608,86.0,0.15
608,86.0,0.15
608,86.0,0.15
609,60.0,0.15
609,60.0,0.15
609,60.0,0.15
609,60.0,0.15
610,52.0,0.16
610,52.0,0.16
610,52.0,0.16
610,52.0,0.16
610,52.0,0.16
611,10.0,0.15
611,10.0,0.15
611,10.0,0.15
612,82.0,0.16
612,82.0,0.15
612,82.0,0.15
613,52.0,0.15
613,52.0,0.15
613,52.0,0.15
614,80.0,0.15
614,80.0,0.15
614,80.0,0.15
615,76.0,0.15
615,76.0,0.15
615,76.0,0.15
615,76.0,0.15
616,72.0,0.16
616,72.0,0.16
616,72.0,0.16
617,80.0,0.16
617,80.0,0.16
617,80.0,0.16
618,76.0,0.15
618,76.0,0.15
619,44.0,0.15
619,44.0,0.15
619,44.0,0.15
619,44.0,0.15
620,10.0,0.15
620,10.0,0.15
620,10.0,0.15
621,24.0,0.15
621,24.0,0.15
621,24.0,0.15
622,24.0,0.16
622,24.0,0.16
622,24.0,0.16
623,62.0,0.15
623,62.0,0.15
624,80.0,0.15
624,80.0,0.15
624,80.0,0.15
625,68.0,0.15
625,68.0,0.15
625,68.0,0.15
626,18.0,0.15
626,18.0,0.15
626,18.0,0.15
627,20.0,0.16
627,20.0,0.16
627,20.0,0.16
628,86.0,0.15
628,86.0,0.15
628,86.0,0.15
629,64.0,0.15
629,64.0,0.15
629,64.0,0.15
629,64.0,0.15
630,70.0,0.15
630,70.0,0.15
630,70.0,0.15
630,70.0,0.15
631,32.0,0.15
631,32.0,0.15
631,32.0,0.15
631,32.0,0.15
632,78.0,0.15
632,78.0,0.15
633,72.0,0.15
633,72.0,0.15
633,72.0,0.15
633,72.0,0.15
634,24.0,0.15
634,24.0,0.15
635,76.0,0.15
635,76.0,0.15
636,70.0,0.15
636,70.0,0.15
636,70.0,0.15
637,76.0,0.15
637,76.0,0.15
638,78.0,0.15
638,78.0,0.15
638,78.0,0.15
638,78.0,0.15
638,78.0,0.15
639,80.0,0.16
639,80.0,0.16
639,80.0,0.16
639,80.0,0.16
640,32.0,0.15
640,32.0,0.15
640,32.0,0.15
640,32.0,0.15
640,32.0,0.15
641,74.0,0.16
641,74.0,0.16
641,74.0,0.16
641,74.0,0.16
642,70.0,0.16
642,70.0,0.16
642,70.0,0.16
643,74.0,0.15
643,74.0,0.15
643,74.0,0.15
644,80.0,0.15
644,80.0,0.15
644,80.0,0.15
644,80.0,0.15
645,66.0,0.15
645,66.0,0.15
645,66.0,0.15
645,66.0,0.15
646,88.0,0.16
646,88.0,0.16
647,70.0,0.16
647,70.0,0.16
647,70.0,0.16
647,70.0,0.16
648,32.0,0.15
648,32.0,0.15
648,32.0,0.15
649,64.0,0.15
649,64.0,0.15
649,64.0,0.15
650,10.0,0.15
650,10.0,0.15
651,60.0,0.15
651,60.0,0.15
651,60.0,0.15
652,0.0,0.16
652,0.0,0.16
653,48.0,0.16
653,48.0,0.16
653,48.0,0.16
654,76.0,0.15
654,76.0,0.15
655,12.0,0.15
655,12.0,0.15
655,12.0,0.15
655,12.0,0.15
655,12.0,0.15
656,66.0,0.15
656,66.0,0.15
656,66.0,0.15
656,66.0,0.15
657,82.0,0.17
657,82.0,0.17
657,82.0,0.17
658,68.0,0.15
658,68.0,0.15
658,68.0,0.15
659,72.0,0.16
659,72.0,0.16
659,72.0,0.16
659,72.0,0.16
660,62.0,0.15
660,62.0,0.15
661,32.0,0.15
661,32.0,0.15
661,32.0,0.15
661,32.0,0.15
662,64.0,0.16
662,64.0,0.16
663,0.0,0.15
663,0.0,0.15
663,0.0,0.15
663,0.0,0.15
664,18.0,0.15
664,18.0,0.15
664,18.0,0.15
665,78.0,0.15
665,78.0,0.15
665,78.0,0.15
665,78.0,0.15
666,66.0,0.15
666,66.0,0.15
666,66.0,0.15
666,66.0,0.15
666,66.0,0.15
667,4.0,0.15
667,4.0,0.15
668,84.0,0.15
668,84.0,0.15
668,84.0,0.15
668,84.0,0.15
668,84.0,0.15
669,20.0,0.15
669,20.0,0.15
669,20.0,0.15
669,20.0,0.15
670,78.0,0.15
670,78.0,0.15
670,78.0,0.15
671,64.0,0.16
671,64.0,0.16
671,64.0,0.16
672,64.0,0.15
672,64.0,0.15
672,64.0,0.15
673,78.0,0.15
673,78.0,0.15
673,78.0,0.15
674,12.0,0.16
674,12.0,0.16
674,12.0,0.16
675,44.0,0.15
675,44.0,0.15
676,76.0,0.15
676,76.0,0.15
676,76.0,0.15
677,62.0,0.17
677,62.0,0.17
678,68.0,0.15
678,68.0,0.15
678,68.0,0.15
679,22.0,0.16
679,22.0,0.16
679,22.0,0.16
680,4.0,0.15
680,4.0,0.15
680,4.0,0.15
680,4.0,0.15
681,72.0,0.16
681,72.0,0.16
682,-6.0,0.21
682,-6.0,0.21
683,52.0,0.18
683,52.0,0.18
683,52.0,0.18
683,52.0,0.18
684,72.0,0.15
684,72.0,0.15
684,72.0,0.15
685,88.0,0.15
685,88.0,0.15
685,88.0,0.15
686,38.0,0.16
686,38.0,0.16
686,38.0,0.16
686,38.0,0.16
687,80.0,0.17
687,80.0,0.17
687,80.0,0.17
688,62.0,0.15
688,62.0,0.15
688,62.0,0.15
688,62.0,0.15
689,74.0,0.15
689,74.0,0.15
689,74.0,0.15
689,74.0,0.15
690,84.0,0.15
690,84.0,0.15
690,84.0,0.15
691,74.0,0.15
691,74.0,0.15
691,74.0,0.15
692,74.0,0.16
692,74.0,0.16
692,74.0,0.16
693,82.0,0.15
693,82.0,0.15
694,78.0,0.15
694,78.0,0.15
694,78.0,0.15
694,78.0,0.15
694,78.0,0.15
695,66.0,0.15
695,66.0,0.15
695,66.0,0.15
696,68.0,0.15
696,68.0,0.15
696,68.0,0.15
697,46.0,0.17
697,46.0,0.17
697,46.0,0.17
698,70.0,0.15
698,70.0,0.15
698,70.0,0.15
699,24.0,0.15
699,24.0,0.15
700,60.0,0.15
700,60.0,0.15
700,60.0,0.15
700,60.0,0.15
701,80.0,0.16
701,80.0,0.16
701,80.0,0.16
702,80.0,0.17
702,80.0,0.17
702,80.0,0.17
703,68.0,0.16
703,68.0,0.16
703,68.0,0.16
703,68.0,0.16
704,80.0,0.15
704,80.0,0.15
704,80.0,0.15
705,12.0,0.15
705,12.0,0.15
705,12.0,0.15
706,58.0,0.15
706,58.0,0.15
706,58.0,0.15
706,58.0,0.15
706,58.0,0.15
706,58.0,0.15
707,76.0,0.16
707,76.0,0.16
708,68.0,0.15
708,68.0,0.15
708,68.0,0.15
708,68.0,0.15
709,24.0,0.15
709,24.0,0.15
709,24.0,0.15
709,24.0,0.15
710,6.0,0.15
710,6.0,0.15
710,6.0,0.15
711,70.0,0.15
711,70.0,0.15
711,70.0,0.15
712,84.0,0.15
712,84.0,0.15
713,66.0,0.15
713,66.0,0.15
713,66.0,0.15
713,66.0,0.15
714,4.0,0.15
714,4.0,0.15
715,72.0,0.15
715,72.0,0.15
716,68.0,0.15
716,68.0,0.15
716,68.0,0.15
717,74.0,0.15
717,74.0,0.15
717,74.0,0.15
718,66.0,0.16
718,66.0,0.16
719,12.0,0.16
719,12.0,0.16
719,12.0,0.16
720,84.0,0.15
720,84.0,0.15
720,84.0,0.15
721,78.0,0.15
721,78.0,0.15
721,78.0,0.15
722,32.0,0.16
722,32.0,0.16
722,32.0,0.16
723,66.0,0.15
723,66.0,0.15
723,66.0,0.15
723,66.0,0.15
723,66.0,0.15
724,80.0,0.15
724,80.0,0.15
725,68.0,0.16
725,68.0,0.16
726,8.0,0.16
726,8.0,0.16
726,8.0,0.16
727,78.0,0.16
727,78.0,0.16
727,78.0,0.16
728,62.0,0.15
728,62.0,0.15
728,62.0,0.15
729,66.0,0.15
729,66.0,0.15
730,82.0,0.15
730,82.0,0.15
731,12.0,0.16
732,24.0,0.16
732,24.0,0.16
732,24.0,0.16
733,76.0,0.15
733,76.0,0.15
734,62.0,0.15
734,62.0,0.15
734,62.0,0.15
734,62.0,0.15
735,84.0,0.16
735,84.0,0.16
735,84.0,0.16
736,10.0,0.15
736,10.0,0.15
736,10.0,0.15
737,26.0,0.16
737,26.0,0.16
738,68.0,0.15
738,68.0,0.15
738,68.0,0.15
739,84.0,0.15
739,84.0,0.15
739,84.0,0.15
740,22.0,0.16
740,22.0,0.16
740,22.0,0.16
741,80.0,0.15
741,80.0,0.15
742,74.0,0.18
742,74.0,0.18
742,74.0,0.18
743,22.0,0.2
743,22.0,0.2
744,62.0,0.29
744,62.0,0.29
745,58.0,0.24
745,58.0,0.24
745,58.0,0.24
746,64.0,0.27
746,64.0,0.27
746,64.0,0.27
747,76.0,0.23
747,76.0,0.23
748,80.0,0.24
748,80.0,0.24
748,80.0,0.24
749,86.0,0.26
749,86.0,0.26
750,68.0,0.28
750,68.0,0.28
750,68.0,0.28
751,6.0,0.24
751,6.0,0.24
752,14.0,0.24
752,14.0,0.24
752,14.0,0.24
753,58.0,0.25
753,58.0,0.25
754,66.0,0.34
754,66.0,0.34
755,72.0,0.24
755,72.0,0.24
756,74.0,0.18
756,74.0,0.18
756,74.0,0.18
757,82.0,0.22
757,82.0,0.22
757,82.0,0.22
757,82.0,0.22
757,82.0,0.22
758,78.0,0.17
758,78.0,0.17
758,78.0,0.17
758,78.0,0.17
759,76.0,0.16
759,76.0,0.16
759,76.0,0.15
760,72.0,0.15
760,72.0,0.15
760,72.0,0.15
761,80.0,0.15
761,80.0,0.15
761,80.0,0.15
761,80.0,0.15
761,80.0,0.15
762,68.0,0.17
762,68.0,0.17
762,68.0,0.17
762,68.0,0.17
763,78.0,0.15
763,78.0,0.15
764,78.0,0.15
764,78.0,0.15
764,78.0,0.15
765,78.0,0.15
765,78.0,0.15
765,78.0,0.15
766,72.0,0.15
766,72.0,0.15
767,44.0,0.16
767,44.0,0.16
767,44.0,0.16
767,44.0,0.16
768,28.0,0.15
768,28.0,0.15
768,28.0,0.15
769,74.0,0.15
769,74.0,0.15
769,74.0,0.15
770,74.0,0.15
770,74.0,0.15
770,74.0,0.15
771,34.0,0.16
771,34.0,0.15
772,78.0,0.16
772,78.0,0.16
772,78.0,0.16
772,78.0,0.16
773,74.0,0.15
773,74.0,0.15
773,74.0,0.15
774,68.0,0.15
774,68.0,0.15
774,68.0,0.15
774,68.0,0.15
774,68.0,0.15
775,50.0,0.15
775,50.0,0.15
775,50.0,0.15
776,42.0,0.15
776,42.0,0.15
776,42.0,0.15
776,42.0,0.15
777,86.0,0.16
777,86.0,0.16
777,86.0,0.16
778,20.0,0.15
778,20.0,0.15
778,20.0,0.15
779,26.0,0.15
779,26.0,0.15
780,76.0,0.15
780,76.0,0.15
780,76.0,0.15
780,76.0,0.15
780,76.0,0.15
780,76.0,0.15
781,0.0,0.15
781,0.0,0.15
781,0.0,0.15
782,80.0,0.16
782,80.0,0.16
783,74.0,0.15
783,74.0,0.15
783,74.0,0.15
784,80.0,0.15
785,76.0,0.15
785,76.0,0.15
785,76.0,0.15
786,68.0,0.15
786,68.0,0.15
787,60.0,0.15
787,60.0,0.15
787,60.0,0.15
788,48.0,0.16
788,48.0,0.16
788,48.0,0.16
789,82.0,0.15
789,82.0,0.15
789,82.0,0.15
790,16.0,0.15
790,16.0,0.15
791,4.0,0.16
791,4.0,0.16
791,4.0,0.16
791,4.0,0.16
791,4.0,0.16
792,78.0,0.16
792,78.0,0.16
792,78.0,0.16
792,78.0,0.16
793,86.0,0.15
793,86.0,0.15
794,76.0,0.15
794,76.0,0.15
794,76.0,0.15
795,64.0,0.15
795,64.0,0.15
795,64.0,0.15
796,76.0,0.15
796,76.0,0.15
796,76.0,0.15
797,80.0,0.16
797,80.0,0.16
798,74.0,0.15
798,74.0,0.15
799,76.0,0.15
799,76.0,0.15
800,22.0,0.16
800,22.0,0.16
800,22.0,0.16
801,74.0,0.15
801,74.0,0.15
801,74.0,0.15
801,74.0,0.15
801,74.0,0.15
802,64.0,0.16
802,64.0,0.16
803,74.0,0.15
803,74.0,0.15
803,74.0,0.15
804,58.0,0.15
804,58.0,0.15
804,58.0,0.15
804,58.0,0.15
805,78.0,0.15
805,78.0,0.15
805,78.0,0.15
806,74.0,0.19
806,74.0,0.19
806,74.0,0.19
807,8.0,0.16
807,8.0,0.16
807,8.0,0.16
808,20.0,0.15
808,20.0,0.15
808,20.0,0.15
808,20.0,0.15
809,68.0,0.15
809,68.0,0.15
809,68.0,0.15
810,74.0,0.15
810,74.0,0.15
810,74.0,0.15
811,64.0,0.15
811,64.0,0.15
811,64.0,0.15
811,64.0,0.15
812,70.0,0.16
812,70.0,0.16
813,70.0,0.15
813,70.0,0.15
813,70.0,0.15
813,70.0,0.15
814,10.0,0.15
814,10.0,0.15
814,10.0,0.15
815,78.0,0.15
815,78.0,0.15
815,78.0,0.15
816,76.0,0.15
816,76.0,0.15
816,76.0,0.15
817,76.0,0.16
817,76.0,0.16
817,76.0,0.16
818,76.0,0.22
818,76.0,0.22
819,70.0,0.16
819,70.0,0.16
819,70.0,0.16
820,82.0,0.15
820,82.0,0.15
820,82.0,0.15
820,82.0,0.15
821,70.0,0.15
821,70.0,0.15
821,70.0,0.15
822,68.0,0.16
822,68.0,0.16
822,68.0,0.16
822,68.0,0.16
823,66.0,0.15
823,66.0,0.15
823,66.0,0.15
824,16.0,0.16
824,16.0,0.16
825,76.0,0.15
825,76.0,0.15
825,76.0,0.15
826,78.0,0.15
826,78.0,0.15
826,78.0,0.15
826,78.0,0.15
827,76.0,0.16
827,76.0,0.16
827,76.0,0.16
827,76.0,0.16
828,78.0,0.15
828,78.0,0.15
828,78.0,0.15
829,76.0,0.15
830,72.0,0.15
830,72.0,0.15
830,72.0,0.15
830,72.0,0.15
831,66.0,0.16
831,66.0,0.16
831,66.0,0.16
832,18.0,0.15
832,18.0,0.15
833,48.0,0.15
833,48.0,0.15
833,48.0,0.15
833,48.0,0.15
834,68.0,0.15
835,64.0,0.15
835,64.0,0.15
835,64.0,0.15
836,86.0,0.16
836,86.0,0.16
836,86.0,0.16
837,66.0,0.16
837,66.0,0.16
837,66.0,0.16
838,78.0,0.15
838,78.0,0.15
838,78.0,0.15
839,76.0,0.15
839,76.0,0.15
839,76.0,0.15
839,76.0,0.15
840,58.0,0.16
840,58.0,0.16
840,58.0,0.16
841,38.0,0.15
841,38.0,0.15
841,38.0,0.15
842,78.0,0.16
842,78.0,0.16
842,78.0,0.16
843,80.0,0.15
843,80.0,0.15
844,76.0,0.15
844,76.0,0.15
844,76.0,0.15
845,74.0,0.16
845,74.0,0.16
845,74.0,0.16
845,74.0,0.16
845,74.0,0.16
846,78.0,0.15
846,78.0,0.15
846,78.0,0.15
847,64.0,0.18
847,64.0,0.18
847,64.0,0.18
847,64.0,0.18
847,64.0,0.18
848,86.0,0.16
848,86.0,0.16
848,86.0,0.16
848,86.0,0.16
849,-6.0,0.15
849,-6.0,0.15
849,-6.0,0.15
849,-6.0,0.15
850,56.0,0.16
850,56.0,0.16
850,56.0,0.16
851,14.0,0.15
851,14.0,0.15
851,14.0,0.15
851,14.0,0.15
851,14.0,0.15
852,76.0,0.16
852,76.0,0.16
852,76.0,0.16
853,66.0,0.15
853,66.0,0.15
853,66.0,0.15
853,66.0,0.15
854,74.0,0.16
854,74.0,0.16
855,78.0,0.15
855,78.0,0.15
855,78.0,0.15
855,78.0,0.15
856,18.0,0.15
856,18.0,0.15
856,18.0,0.15
856,18.0,0.15
857,14.0,0.16
857,14.0,0.16
858,78.0,0.15
858,78.0,0.15
859,38.0,0.15
859,38.0,0.15
859,38.0,0.15
860,80.0,0.15
860,80.0,0.15
860,80.0,0.15
861,44.0,0.15
861,44.0,0.15
861,44.0,0.15
861,44.0,0.15
862,78.0,0.15
862,78.0,0.15
862,78.0,0.15
862,78.0,0.15
863,80.0,0.15
863,80.0,0.15
863,80.0,0.15
863,80.0,0.15
864,80.0,0.15
864,80.0,0.15
864,80.0,0.15
864,80.0,0.15
864,80.0,0.15
865,66.0,0.16
865,66.0,0.16
865,66.0,0.16
866,22.0,0.16
866,22.0,0.16
866,22.0,0.16
866,22.0,0.16
867,-2.0,0.16
868,18.0,0.15
868,18.0,0.15
869,46.0,0.15
869,46.0,0.15
869,46.0,0.15
870,18.0,0.15
870,18.0,0.15
871,18.0,0.15
871,18.0,0.15
871,18.0,0.15
872,82.0,0.16
872,82.0,0.16
872,82.0,0.16
872,82.0,0.16
873,74.0,0.15
873,74.0,0.15
873,74.0,0.15
873,74.0,0.15
874,78.0,0.15
874,78.0,0.15
874,78.0,0.15
875,82.0,0.15
875,82.0,0.15
876,74.0,0.15
876,74.0,0.15
876,74.0,0.15
877,74.0,0.16
877,74.0,0.15
877,74.0,0.16
878,72.0,0.16
878,72.0,0.16
879,72.0,0.15
879,72.0,0.15
879,72.0,0.15
879,72.0,0.15
880,68.0,0.15
880,68.0,0.15
880,68.0,0.15
881,72.0,0.15
881,72.0,0.15
881,72.0,0.15
882,46.0,0.16
882,46.0,0.16
882,46.0,0.16
882,46.0,0.16
883,68.0,0.15
883,68.0,0.15
883,68.0,0.15
884,70.0,0.16
884,70.0,0.16
884,70.0,0.16
885,72.0,0.15
885,72.0,0.15
885,72.0,0.15
886,60.0,0.15
886,60.0,0.15
886,60.0,0.15
886,60.0,0.15
887,70.0,0.16
887,70.0,0.16
887,70.0,0.16
888,6.0,0.15
888,6.0,0.15
888,6.0,0.15
888,6.0,0.15
889,72.0,0.15
889,72.0,0.15
889,72.0,0.15
889,72.0,0.15
890,80.0,0.16
890,80.0,0.16
890,80.0,0.16
891,30.0,0.15
891,30.0,0.15
891,30.0,0.15
892,68.0,0.16
892,68.0,0.16
893,72.0,0.15
893,72.0,0.15
893,72.0,0.15
894,82.0,0.15
894,82.0,0.15
894,82.0,0.15
895,60.0,0.15
895,60.0,0.15
895,60.0,0.15
896,80.0,0.16
896,80.0,0.16
896,80.0,0.16
896,80.0,0.16
897,20.0,0.15
897,20.0,0.15
898,76.0,0.15
898,76.0,0.15
898,76.0,0.15
898,76.0,0.15
899,0.0,0.15
899,0.0,0.15
899,0.0,0.15
900,74.0,0.15
900,74.0,0.15
900,74.0,0.15
900,74.0,0.15
901,68.0,0.15
901,68.0,0.15
901,68.0,0.15
902,88.0,0.16
902,88.0,0.16
902,88.0,0.16
903,30.0,0.15
903,30.0,0.15
903,30.0,0.15
904,26.0,0.16
904,26.0,0.16
905,54.0,0.15
905,54.0,0.15
906,40.0,0.15
906,40.0,0.15
906,40.0,0.15
907,76.0,0.15
907,76.0,0.15
907,76.0,0.15
907,76.0,0.15
907,76.0,0.15
908,64.0,0.15
908,64.0,0.15
908,64.0,0.15
908,64.0,0.15
909,74.0,0.15
909,74.0,0.15
909,74.0,0.15
910,64.0,0.17
910,64.0,0.17
910,64.0,0.17
911,70.0,0.17
911,70.0,0.17
911,70.0,0.17
912,34.0,0.16
912,34.0,0.16
912,34.0,0.16
912,34.0,0.16
912,34.0,0.16
913,66.0,0.15
913,66.0,0.15
914,64.0,0.15
914,64.0,0.15
914,64.0,0.15
914,64.0,0.15
915,80.0,0.15
915,80.0,0.15
915,80.0,0.15
915,80.0,0.15
916,20.0,0.15
916,20.0,0.15
917,70.0,0.15
918,32.0,0.15
918,32.0,0.15
918,32.0,0.15
918,32.0,0.15
919,62.0,0.15
919,62.0,0.15
920,56.0,0.15
920,56.0,0.15
920,56.0,0.15
921,74.0,0.15
921,74.0,0.15
921,74.0,0.15
921,74.0,0.15
922,74.0,0.15
922,74.0,0.15
922,74.0,0.15
923,78.0,0.15
923,78.0,0.15
923,78.0,0.15
923,78.0,0.15
923,78.0,0.15
924,72.0,0.15
925,78.0,0.15
925,78.0,0.15
925,78.0,0.15
926,82.0,0.16
926,82.0,0.15
926,82.0,0.15
927,70.0,0.15
927,70.0,0.15
927,70.0,0.15
927,70.0,0.15
928,62.0,0.15
928,62.0,0.15
928,62.0,0.15
929,66.0,0.15
929,66.0,0.15
929,66.0,0.15
930,86.0,0.15
930,86.0,0.15
930,86.0,0.15
931,64.0,0.15
931,64.0,0.15
931,64.0,0.15
931,64.0,0.15
931,64.0,0.15
932,-4.0,0.16
932,-4.0,0.16
933,74.0,0.15
933,74.0,0.15
933,74.0,0.15
933,74.0,0.15
933,74.0,0.15
934,84.0,0.15
934,84.0,0.15
934,84.0,0.15
935,78.0,0.15
935,78.0,0.15
935,78.0,0.15
935,78.0,0.15
936,66.0,0.15
936,66.0,0.15
936,66.0,0.15
937,68.0,0.16
937,68.0,0.16
937,68.0,0.16
937,68.0,0.16
938,80.0,0.15
938,80.0,0.15
938,80.0,0.15
938,80.0,0.15
939,6.0,0.15
939,6.0,0.15
939,6.0,0.15
939,6.0,0.15
940,76.0,0.16
940,76.0,0.16
940,76.0,0.16
941,68.0,0.15
941,68.0,0.15
941,68.0,0.15
941,68.0,0.15
941,68.0,0.15
942,2.0,0.16
942,2.0,0.16
943,82.0,0.15
943,82.0,0.15
943,82.0,0.15
944,8.0,0.15
944,8.0,0.15
944,8.0,0.15
945,66.0,0.15
945,66.0,0.15
945,66.0,0.15
946,68.0,0.15
946,68.0,0.15
946,68.0,0.15
946,68.0,0.15
947,80.0,0.16
947,80.0,0.16
947,80.0,0.16
948,58.0,0.15
948,58.0,0.15
948,58.0,0.15
948,58.0,0.15
949,74.0,0.16
949,74.0,0.16
949,74.0,0.16
949,74.0,0.16
950,28.0,0.15
950,28.0,0.15
951,76.0,0.16
951,76.0,0.16
952,26.0,0.16
952,26.0,0.16
952,26.0,0.16
952,26.0,0.16
953,84.0,0.15
953,84.0,0.15
954,4.0,0.15
954,4.0,0.15
954,4.0,0.15
954,4.0,0.15
955,80.0,0.15
955,80.0,0.15
956,12.0,0.15
956,12.0,0.15
956,12.0,0.15
956,12.0,0.15
957,76.0,0.16
957,76.0,0.16
957,76.0,0.16
958,84.0,0.15
958,84.0,0.15
958,84.0,0.15
958,84.0,0.15
959,74.0,0.15
959,74.0,0.15
959,74.0,0.15
960,4.0,0.15
960,4.0,0.15
960,4.0,0.15
960,4.0,0.15
961,60.0,0.15
961,60.0,0.15
961,60.0,0.15
961,60.0,0.15
962,84.0,0.16
962,84.0,0.16
962,84.0,0.16
962,84.0,0.16
963,6.0,0.15
963,6.0,0.15
963,6.0,0.15
963,6.0,0.15
963,6.0,0.15
964,10.0,0.15
964,10.0,0.15
964,10.0,0.15
964,10.0,0.15
965,78.0,0.15
965,78.0,0.15
965,78.0,0.15
965,78.0,0.15
966,72.0,0.15
966,72.0,0.15
966,72.0,0.15
966,72.0,0.15
967,22.0,0.16
967,22.0,0.16
967,22.0,0.16
968,18.0,0.15
968,18.0,0.15
968,18.0,0.15
969,76.0,0.15
969,76.0,0.15
969,76.0,0.15
970,82.0,0.15
970,82.0,0.15
971,14.0,0.15
971,14.0,0.15
971,14.0,0.15
972,70.0,0.15
972,70.0,0.15
973,74.0,0.15
973,74.0,0.15
973,74.0,0.15
973,74.0,0.15
974,50.0,0.15
974,50.0,0.15
974,50.0,0.15
975,48.0,0.15
975,48.0,0.15
975,48.0,0.15
975,48.0,0.15
976,76.0,0.16
976,76.0,0.16
977,72.0,0.18
977,72.0,0.18
978,28.0,0.17
978,28.0,0.17
979,78.0,0.16
979,78.0,0.16
980,68.0,0.15
980,68.0,0.15
980,68.0,0.15
980,68.0,0.15
981,78.0,0.15
981,78.0,0.15
981,78.0,0.15
981,78.0,0.15
982,78.0,0.16
982,78.0,0.16
982,78.0,0.16
983,72.0,0.15
983,72.0,0.15
983,72.0,0.15
983,72.0,0.15
983,72.0,0.15
984,18.0,0.15
984,18.0,0.15
984,18.0,0.15
985,72.0,0.15
985,72.0,0.15
985,72.0,0.15
985,72.0,0.15
985,72.0,0.15
985,72.0,0.15
986,70.0,0.15
986,70.0,0.15
986,70.0,0.15
987,74.0,0.16
987,74.0,0.16
987,74.0,0.16
988,76.0,0.15
988,76.0,0.15
988,76.0,0.15
989,74.0,0.15
989,74.0,0.15
989,74.0,0.15
990,66.0,0.15
990,66.0,0.15
990,66.0,0.15
990,66.0,0.15
991,76.0,0.17
991,76.0,0.17
991,76.0,0.17
992,74.0,0.17
992,74.0,0.17
992,74.0,0.17
993,76.0,0.15
993,76.0,0.15
994,78.0,0.15
995,74.0,0.15
995,74.0,0.15
996,78.0,0.15
996,78.0,0.15
996,78.0,0.15
997,0.0,0.16
997,0.0,0.16
997,0.0,0.16
997,0.0,0.16
998,20.0,0.15
998,20.0,0.15
998,20.0,0.15
999,76.0,0.15
999,76.0,0.15
999,76.0,0.15
1000,76.0,0.15
1000,76.0,0.15
1001,52.0,0.15
1001,52.0,0.15
1001,52.0,0.15
1001,52.0,0.15
1001,52.0,0.15
1002,72.0,0.17
1002,72.0,0.17
1003,82.0,0.16
1003,82.0,0.16
1003,82.0,0.16
1004,72.0,0.15
1004,72.0,0.15
1004,72.0,0.15
1005,72.0,0.15
1005,72.0,0.15
1005,72.0,0.15
1006,76.0,0.16
1006,76.0,0.16
1006,76.0,0.16
1006,76.0,0.16
1006,76.0,0.16
1007,78.0,0.16
1007,78.0,0.16
1008,76.0,0.15
1008,76.0,0.15
1008,76.0,0.15
1008,76.0,0.15
1009,82.0,0.15
1009,82.0,0.15
1009,82.0,0.15
1010,78.0,0.15
1010,78.0,0.15
1010,78.0,0.15
1010,78.0,0.15
1011,82.0,0.15
1011,82.0,0.15
1011,82.0,0.15
1012,76.0,0.16
1012,76.0,0.16
1012,76.0,0.16
1012,76.0,0.16
1012,76.0,0.16
1012,76.0,0.16
1013,12.0,0.15
1013,12.0,0.15
1013,12.0,0.15
1014,80.0,0.14
1014,80.0,0.14
1014,80.0,0.14
1014,80.0,0.14
1015,72.0,0.16
1015,72.0,0.16
1016,62.0,0.15
1016,62.0,0.15
1017,78.0,0.15
1017,78.0,0.15
1017,78.0,0.15
1018,14.0,0.15
1018,14.0,0.15
1018,14.0,0.15
1019,60.0,0.15
1019,60.0,0.15
1019,60.0,0.15
1020,78.0,0.15
1020,78.0,0.15
1020,78.0,0.15
1021,10.0,0.16
1021,10.0,0.16
1021,10.0,0.16
1022,78.0,0.16
1022,78.0,0.16
1022,78.0,0.16
1022,78.0,0.16
1022,78.0,0.16
1023,76.0,0.15
1023,76.0,0.15
1023,76.0,0.15
1023,76.0,0.15
1023,76.0,0.15
1024,86.0,0.15
1024,86.0,0.15
1025,84.0,0.14
1025,84.0,0.14
1025,84.0,0.14
1025,84.0,0.14
1026,86.0,0.15
1026,86.0,0.15
1026,86.0,0.15
1027,78.0,0.15
1027,78.0,0.16
1027,78.0,0.15
1028,42.0,0.15
1028,42.0,0.15
1028,42.0,0.15
1028,42.0,0.15
1029,18.0,0.15
1029,18.0,0.15
1029,18.0,0.15
1029,18.0,0.15
1029,18.0,0.15
1030,76.0,0.15
1030,76.0,0.15
1030,76.0,0.15
1030,76.0,0.15
1031,12.0,0.15
1031,12.0,0.15
1031,12.0,0.15
1031,12.0,0.15
1031,12.0,0.15
1032,68.0,0.16
1032,68.0,0.16
1032,68.0,0.16
1032,68.0,0.16
1033,56.0,0.16
1033,56.0,0.16
1033,56.0,0.16
1034,86.0,0.15
1034,86.0,0.15
1034,86.0,0.15
1035,36.0,0.15
1035,36.0,0.15
1036,36.0,0.15
1036,36.0,0.15
1036,36.0,0.15
1036,36.0,0.15
1037,76.0,0.17
1037,76.0,0.17
1037,76.0,0.17
1038,70.0,0.17
1038,70.0,0.17
1038,70.0,0.17
1039,76.0,0.16
1039,76.0,0.16
1040,70.0,0.16
1040,70.0,0.16
1040,70.0,0.16
1041,78.0,0.15
1041,78.0,0.15
1041,78.0,0.15
1042,32.0,0.16
1042,32.0,0.16
1043,22.0,0.15
1043,22.0,0.15
1043,22.0,0.15
1043,22.0,0.15
1043,22.0,0.15
1044,74.0,0.15
1044,74.0,0.15
1044,74.0,0.15
1045,82.0,0.16
1045,82.0,0.16
1045,82.0,0.16
1045,82.0,0.16
1046,70.0,0.15
1046,70.0,0.15
1047,74.0,0.16
1047,74.0,0.16
1048,4.0,0.15
1048,4.0,0.15
1048,4.0,0.15
1049,62.0,0.15
1049,62.0,0.15
1049,62.0,0.15
1049,62.0,0.15
1050,10.0,0.15
1050,10.0,0.15
1051,64.0,0.16
1051,64.0,0.16
1051,64.0,0.16
1051,64.0,0.16
1052,70.0,0.16
1052,70.0,0.16
1052,70.0,0.16
1053,68.0,0.18
1053,68.0,0.18
1053,68.0,0.18
1054,76.0,0.15
1054,76.0,0.15
1054,76.0,0.15
1055,80.0,0.15
1055,80.0,0.15
1056,76.0,0.15
1056,76.0,0.15
1057,0.0,0.16
1057,0.0,0.16
1057,0.0,0.16
1058,76.0,0.15
1058,76.0,0.15
1058,76.0,0.15
1058,76.0,0.15
1058,76.0,0.15
1058,76.0,0.15
1058,76.0,0.15
1059,54.0,0.15
1059,54.0,0.15
1059,54.0,0.15
1059,54.0,0.15
1060,74.0,0.15
1060,74.0,0.15
1060,74.0,0.15
1061,74.0,0.15
1061,74.0,0.15
1061,74.0,0.15
1062,84.0,0.16
1062,84.0,0.16
1062,84.0,0.16
1063,78.0,0.16
1063,78.0,0.16
1063,78.0,0.16
1064,52.0,0.15
1064,52.0,0.15
1064,52.0,0.15
1065,66.0,0.15
1065,66.0,0.15
1065,66.0,0.15
1066,68.0,0.15
1066,68.0,0.15
1066,68.0,0.15
1067,68.0,0.16
1067,68.0,0.16
1067,68.0,0.16
1068,46.0,0.15
1068,46.0,0.15
1068,46.0,0.15
1069,8.0,0.15
1069,8.0,0.15
1069,8.0,0.15
1070,66.0,0.15
1070,66.0,0.15
1070,66.0,0.15
1070,66.0,0.15
1071,70.0,0.15
1071,70.0,0.15
1071,70.0,0.15
1072,16.0,0.15
1072,16.0,0.15
1072,16.0,0.16
1072,16.0,0.16
1073,38.0,0.15
1073,38.0,0.15
1073,38.0,0.15
1073,38.0,0.15
1074,64.0,0.15
1074,64.0,0.15
1074,64.0,0.15
1074,64.0,0.15
1075,30.0,0.15
1075,30.0,0.15
1075,30.0,0.15
1076,74.0,0.15
1076,74.0,0.15
1076,74.0,0.15
1076,74.0,0.15
1077,28.0,0.16
1077,28.0,0.16
1077,28.0,0.16
1077,28.0,0.16
1078,24.0,0.16
1078,24.0,0.16
1078,24.0,0.16
1078,24.0,0.16
1079,74.0,0.15
1079,74.0,0.15
1079,74.0,0.15
1079,74.0,0.15
1079,74.0,0.15
1080,78.0,0.16
1080,78.0,0.15
1080,78.0,0.15
1081,70.0,0.15
1081,70.0,0.15
1081,70.0,0.15
1081,70.0,0.15
1082,74.0,0.15
1082,74.0,0.15
1082,74.0,0.15
1082,74.0,0.15
1082,74.0,0.15
1082,74.0,0.15
1083,76.0,0.15
1083,76.0,0.15
1083,76.0,0.15
1084,80.0,0.15
1084,80.0,0.15
1084,80.0,0.15
1085,62.0,0.15
1085,62.0,0.15
1085,62.0,0.15
1086,-10.0,0.15
1086,-10.0,0.15
1086,-10.0,0.15
1087,84.0,0.16
1087,84.0,0.16
1087,84.0,0.16
1088,62.0,0.15
1088,62.0,0.15
1088,62.0,0.15
1089,76.0,0.14
1089,76.0,0.15
1089,76.0,0.14
1089,76.0,0.14
1090,78.0,0.15
1090,78.0,0.15
1090,78.0,0.15
1090,78.0,0.15
1091,16.0,0.16
1092,74.0,0.16
1092,74.0,0.16
1092,74.0,0.16
1093,14.0,0.16
1093,14.0,0.16
1093,14.0,0.16
1094,78.0,0.15
1094,78.0,0.15
1094,78.0,0.15
1094,78.0,0.15
1095,76.0,0.15
1095,76.0,0.15
1095,76.0,0.15
1096,26.0,0.15
1096,26.0,0.15
1096,26.0,0.15
1096,26.0,0.15
1097,48.0,0.16
1097,48.0,0.16
1097,48.0,0.16
1098,78.0,0.15
1098,78.0,0.15
1098,78.0,0.15
1098,78.0,0.15
1099,76.0,0.15
1099,76.0,0.15
1099,76.0,0.15
1099,76.0,0.15
1099,76.0,0.15
1099,76.0,0.15
1100,72.0,0.15
1100,72.0,0.15
1100,72.0,0.15
1100,72.0,0.15
1100,72.0,0.15
1100,72.0,0.15
1101,86.0,0.16
1101,86.0,0.16
1101,86.0,0.16
1102,74.0,0.16
1102,74.0,0.16
1102,74.0,0.16
1103,62.0,0.15
1103,62.0,0.15
1104,66.0,0.15
1104,66.0,0.15
1105,14.0,0.16
1105,14.0,0.16
1105,14.0,0.16
1106,78.0,0.15
1106,78.0,0.15
1106,78.0,0.15
1107,40.0,0.16
1107,40.0,0.16
1107,40.0,0.16
1107,40.0,0.16
1108,66.0,0.15
1108,66.0,0.15
1108,66.0,0.15
1109,76.0,0.15
1109,76.0,0.15
1109,76.0,0.15
1109,76.0,0.15
1110,68.0,0.15
1110,68.0,0.15
1110,68.0,0.15
1111,68.0,0.15
1111,68.0,0.15
1111,68.0,0.15
1111,68.0,0.15
1112,76.0,0.16
1112,76.0,0.16
1113,80.0,0.15
1113,80.0,0.15
1114,82.0,0.15
1114,82.0,0.15
1114,82.0,0.15
1115,42.0,0.15
1115,42.0,0.15
1115,42.0,0.15
1116,62.0,0.15
1116,62.0,0.15
1117,6.0,0.16
1117,6.0,0.16
1117,6.0,0.16
1118,68.0,0.15
1118,68.0,0.15
1118,68.0,0.15
1118,68.0,0.15
1119,18.0,0.15
1119,18.0,0.15
1119,18.0,0.15
1120,80.0,0.15
1120,80.0,0.15
1120,80.0,0.15
1121,72.0,0.15
1121,72.0,0.15
1121,72.0,0.15
1121,72.0,0.15
1121,72.0,0.15
1122,84.0,0.16
1122,84.0,0.16
1122,84.0,0.16
1122,84.0,0.16
1122,84.0,0.16
1122,84.0,0.16
1122,84.0,0.16
1123,76.0,0.15
1123,76.0,0.15
1123,76.0,0.15
1124,68.0,0.15
1124,68.0,0.15
1125,80.0,0.15
1125,80.0,0.15
1125,80.0,0.15
1125,80.0,0.15
1126,20.0,0.15
1126,20.0,0.15
1126,20.0,0.15
1126,20.0,0.15
1127,76.0,0.15
1127,76.0,0.16
1127,76.0,0.15
1128,80.0,0.15
1128,80.0,0.15
1128,80.0,0.15
1129,80.0,0.14
1129,80.0,0.14
1129,80.0,0.14
1130,72.0,0.15
1130,72.0,0.15
1130,72.0,0.15
1131,28.0,0.15
1132,62.0,0.15
1132,62.0,0.15
1132,62.0,0.15
1133,82.0,0.15
1133,82.0,0.15
1133,82.0,0.15
1133,82.0,0.15
1133,82.0,0.15
1134,4.0,0.16
1134,4.0,0.16
1134,4.0,0.16
1135,88.0,0.15
1135,88.0,0.15
1135,88.0,0.15
1136,78.0,0.15
1136,78.0,0.15
1136,78.0,0.15
1137,6.0,0.16
1137,6.0,0.16
1138,86.0,0.15
1138,86.0,0.15
1138,86.0,0.15
1139,76.0,0.15
1139,76.0,0.15
1139,76.0,0.15
1140,70.0,0.15
1140,70.0,0.15
1140,70.0,0.15
1140,70.0,0.15
1141,70.0,0.16
1142,72.0,0.16
1142,72.0,0.16
1142,72.0,0.16
1142,72.0,0.16
1143,32.0,0.15
1143,32.0,0.15
1144,60.0,0.15
1144,60.0,0.15
1144,60.0,0.15
1144,60.0,0.15
1145,86.0,0.15
1145,86.0,0.15
1145,86.0,0.15
1145,86.0,0.15
1145,86.0,0.15
1146,16.0,0.15
1146,16.0,0.15
1147,38.0,0.15
1147,38.0,0.15
1147,38.0,0.15
1147,38.0,0.15
1148,82.0,0.15
1148,82.0,0.15
1148,82.0,0.15
1148,82.0,0.15
1149,78.0,0.16
1149,78.0,0.16
1149,78.0,0.16
1149,78.0,0.16
1150,58.0,0.15
1150,58.0,0.15
1150,58.0,0.15
1151,14.0,0.15
1151,14.0,0.15
1151,14.0,0.15
1151,14.0,0.15
1151,14.0,0.15
1152,52.0,0.16
1152,52.0,0.16
1152,52.0,0.16
1153,52.0,0.15
1153,52.0,0.15
1153,52.0,0.15
1153,52.0,0.15
1154,16.0,0.15
1154,16.0,0.15
1154,16.0,0.15
1155,32.0,0.15
1155,32.0,0.15
1155,32.0,0.15
1156,56.0,0.15
1156,56.0,0.15
1156,56.0,0.15
1156,56.0,0.15
1156,56.0,0.15
1157,8.0,0.16
1157,8.0,0.16
1157,8.0,0.16
1158,78.0,0.15
1158,78.0,0.15
1159,74.0,0.15
1159,74.0,0.15
1159,74.0,0.15
1159,74.0,0.15
1160,78.0,0.15
1160,78.0,0.15
1160,78.0,0.15
1160,78.0,0.15
1161,2.0,0.16
1161,2.0,0.16
1161,2.0,0.16
1161,2.0,0.16
1162,-6.0,0.16
1162,-6.0,0.16
1162,-6.0,0.16
1163,68.0,0.15
1163,68.0,0.15
1163,68.0,0.15
1163,68.0,0.15
1164,78.0,0.15
1164,78.0,0.15
1164,78.0,0.15
1165,64.0,0.15
1165,64.0,0.15
1165,64.0,0.15
1165,64.0,0.15
1166,64.0,0.15
1166,64.0,0.15
1166,64.0,0.15
1166,64.0,0.15
1167,62.0,0.16
1167,62.0,0.16
1167,62.0,0.16
1167,62.0,0.16
1168,78.0,0.15
1168,78.0,0.15
1168,78.0,0.15
1169,48.0,0.15
1169,48.0,0.15
1169,48.0,0.15
1170,86.0,0.15
1170,86.0,0.15
1170,86.0,0.15
1171,74.0,0.14
1171,74.0,0.14
1171,74.0,0.14
1171,74.0,0.14
1171,74.0,0.14
1171,74.0,0.14
1172,26.0,0.16
1172,26.0,0.16
1172,26.0,0.16
1173,84.0,0.15
1173,84.0,0.15
1173,84.0,0.15
1174,48.0,0.15
1174,48.0,0.15
1174,48.0,0.15
1175,14.0,0.15
1175,14.0,0.15
1176,84.0,0.15
1177,72.0,0.16
1177,72.0,0.16
1177,72.0,0.16
1178,76.0,0.15
1178,76.0,0.15
1178,76.0,0.15
1179,92.0,0.15
1179,92.0,0.15
1179,92.0,0.15
1179,92.0,0.15
1180,78.0,0.15
1181,74.0,0.15
1181,74.0,0.15
1181,74.0,0.15
1182,22.0,0.16
1182,22.0,0.16
1183,74.0,0.15
1183,74.0,0.15
1183,74.0,0.15
1183,74.0,0.15
1183,74.0,0.15
1184,56.0,0.16
1184,56.0,0.16
1184,56.0,0.15
1185,80.0,0.15
1185,80.0,0.15
1185,80.0,0.15
1185,80.0,0.15
1186,32.0,0.15
1186,32.0,0.15
1186,32.0,0.15
1187,82.0,0.15
1187,82.0,0.15
1187,82.0,0.15
1187,82.0,0.15
1187,82.0,0.15
1188,64.0,0.15
1188,64.0,0.15
1188,64.0,0.15
1188,64.0,0.15
1189,44.0,0.15
1189,44.0,0.15
1189,44.0,0.15
1189,44.0,0.15
1189,44.0,0.15
1190,58.0,0.15
1190,58.0,0.15
1190,58.0,0.15
1190,58.0,0.15
1191,18.0,0.15
1191,18.0,0.15
1192,84.0,0.15
1192,84.0,0.15
1192,84.0,0.15
1193,32.0,0.15
1193,32.0,0.15
1194,72.0,0.15
1194,72.0,0.15
1194,72.0,0.15
1194,72.0,0.15
1195,28.0,0.15
1195,28.0,0.15
1195,28.0,0.15
1195,28.0,0.15
1196,76.0,0.16
1196,76.0,0.16
1196,76.0,0.16
1196,76.0,0.16
1197,78.0,0.16
1197,78.0,0.16
1197,78.0,0.16
1197,78.0,0.16
1197,78.0,0.16
1198,50.0,0.15
1198,50.0,0.15
1198,50.0,0.15
1199,52.0,0.15
1199,52.0,0.14
1199,52.0,0.15
1199,52.0,0.15
1200,72.0,0.15
1200,72.0,0.15
1200,72.0,0.15
1200,72.0,0.15
1201,72.0,0.15
1201,72.0,0.15
1201,72.0,0.15
1202,74.0,0.16
1202,74.0,0.16
1203,68.0,0.15
1203,68.0,0.15
1203,68.0,0.15
1204,70.0,0.15
1204,70.0,0.15
1205,86.0,0.15
1205,86.0,0.15
1205,86.0,0.15
1205,86.0,0.15
1205,86.0,0.15
1206,4.0,0.16
1206,4.0,0.16
1206,4.0,0.16
1206,4.0,0.16
1207,60.0,0.16
1207,60.0,0.16
1207,60.0,0.16
1207,60.0,0.16
1207,60.0,0.16
1208,66.0,0.15
1208,66.0,0.15
1208,66.0,0.15
1208,66.0,0.15
1209,64.0,0.15
1209,64.0,0.15
1209,64.0,0.15
1210,72.0,0.15
1210,72.0,0.15
1211,68.0,0.16
1211,68.0,0.16
1211,68.0,0.16
1212,82.0,0.16
1212,82.0,0.16
1212,82.0,0.16
1212,82.0,0.16
1212,82.0,0.16
1212,82.0,0.16
1213,4.0,0.16
1214,8.0,0.15
1214,8.0,0.15
1214,8.0,0.15
1214,8.0,0.15
1215,72.0,0.15
1215,72.0,0.15
1216,76.0,0.15
1216,76.0,0.15
1216,76.0,0.15
1216,76.0,0.15
1217,70.0,0.16
1217,70.0,0.16
1218,26.0,0.15
1218,26.0,0.15
1218,26.0,0.15
1219,58.0,0.15
1219,58.0,0.15
1219,58.0,0.15
1220,72.0,0.15
1220,72.0,0.15
1221,84.0,0.15
1221,84.0,0.15
1221,84.0,0.15
1222,56.0,0.15
1222,56.0,0.15
1222,56.0,0.15
1222,56.0,0.15
1223,84.0,0.15
1223,84.0,0.15
1223,84.0,0.15
1224,78.0,0.16
1224,78.0,0.16
1225,70.0,0.15
1225,70.0,0.15
1225,70.0,0.15
1226,72.0,0.15
1226,72.0,0.15
1226,72.0,0.15
1226,72.0,0.15
1226,72.0,0.15
1227,78.0,0.19
1227,78.0,0.19
1228,76.0,0.15
1228,76.0,0.15
1228,76.0,0.15
1229,68.0,0.15
1229,68.0,0.15
1229,68.0,0.15
1229,68.0,0.15
1230,54.0,0.15
1230,54.0,0.15
1230,54.0,0.15
1231,76.0,0.15
1231,76.0,0.15
1231,76.0,0.15
1232,26.0,0.16
1232,26.0,0.16
1232,26.0,0.16
1232,26.0,0.16
1233,70.0,0.15
1233,70.0,0.15
1233,70.0,0.15
1233,70.0,0.15
1234,36.0,0.15
1234,36.0,0.15
1234,36.0,0.15
1234,36.0,0.15
1235,44.0,0.14
1235,44.0,0.14
1235,44.0,0.14
1236,24.0,0.16
1236,24.0,0.16
1236,24.0,0.16
1236,24.0,0.16
1236,24.0,0.16
1237,62.0,0.16
1237,62.0,0.16
1237,62.0,0.16
1237,62.0,0.16
1238,4.0,0.15
1238,4.0,0.15
1238,4.0,0.15
1239,74.0,0.15
1239,74.0,0.15
1239,74.0,0.15
1239,74.0,0.15
1240,30.0,0.15
1240,30.0,0.15
1240,30.0,0.15
1240,30.0,0.15
1240,30.0,0.15
1241,74.0,0.14
1241,74.0,0.14
1241,74.0,0.14
1242,72.0,0.16
1242,72.0,0.16
1242,72.0,0.16
1242,72.0,0.16
1243,72.0,0.15
1243,72.0,0.15
1244,78.0,0.15
1244,78.0,0.15
1244,78.0,0.15
1244,78.0,0.15
1245,74.0,0.15
1245,74.0,0.15
1245,74.0,0.15
1245,74.0,0.15
1246,70.0,0.15
1246,70.0,0.15
1246,70.0,0.15
1247,12.0,0.16
1247,12.0,0.16
1247,12.0,0.16
1247,12.0,0.16
1248,76.0,0.21
1248,76.0,0.21
1249,76.0,0.19
249,76.0,0.19
1249,76.0,0.19
1249,76.0,0.19
1250,56.0,0.15
1250,56.0,0.15
1250,56.0,0.15
1250,56.0,0.15
