1,32.0,0.25,75.0,72.17,4.53,0.1
2,32.0,0.24,76.0,75.5,10.32,0.09
3,56.0,0.18,82.0,71.95,6.43,0.1
4,16.0,0.21,79.0,116.57,5.06,0.1
5,50.0,0.15,85.0,98.48,7.59,0.1
6,36.0,0.24,76.0,73.91,12.23,0.1
7,40.0,0.18,82.0,83.39,3.39,0.1
8,46.0,0.23,77.0,65.85,5.82,0.09
9,48.0,0.19,81.0,62.4,7.11,0.09
10,38.0,0.18,82.0,83.03,2.82,0.1
11,32.0,0.21,79.0,104.6,12.33,0.11
12,48.0,0.19,81.0,85.42,9.84,0.09
13,66.0,0.17,83.0,30.4,8.43,0.09
14,50.0,0.15,85.0,74.94,4.77,0.1
15,58.0,0.13,87.0,60.55,13.01,0.1
16,44.0,0.18,82.0,56.78,7.54,0.11
17,34.0,0.24,76.0,82.27,6.98,0.1
18,56.0,0.14,86.0,74.88,7.31,0.1
19,36.0,0.2,80.0,64.05,2.76,0.1
20,34.0,0.22,78.0,89.23,11.38,0.09
21,56.0,0.16,84.0,60.79,5.64,0.09
22,4.0,0.23,77.0,151.46,3.91,0.1
23,66.0,0.16,84.0,46.01,1.6,0.11
24,48.0,0.21,79.0,45.28,6.89,0.09
25,66.0,0.12,88.0,63.45,5.34,0.09
26,42.0,0.22,78.0,85.95,5.33,0.1
27,50.0,0.21,79.0,73.3,9.72,0.1
28,24.0,0.24,76.0,107.38,7.14,0.09
29,30.0,0.22,78.0,92.37,2.43,0.11
30,48.0,0.19,81.0,69.79,7.47,0.09
31,30.0,0.25,75.0,101.69,9.33,0.1
32,40.0,0.16,84.0,90.85,7.73,0.09
33,40.0,0.18,82.0,84.4,6.47,0.1
34,44.0,0.26,74.0,40.05,7.64,0.09
35,54.0,0.15,85.0,85.39,10.92,0.1
36,46.0,0.22,78.0,62.83,2.69,0.11
37,54.0,0.13,87.0,63.72,11.15,0.1
38,50.0,0.18,82.0,83.16,8.16,0.1
39,24.0,0.26,74.0,97.15,8.79,0.1
40,40.0,0.18,82.0,74.5,8.31,0.1
41,44.0,0.22,78.0,69.31,10.72,0.1
42,20.0,0.26,74.0,106.86,2.29,0.1
43,46.0,0.2,80.0,72.66,4.16,0.09
44,50.0,0.19,81.0,60.83,2.31,0.1
45,54.0,0.2,80.0,40.19,4.53,0.1
46,50.0,0.24,76.0,29.84,11.05,0.09
47,32.0,0.17,83.0,93.52,10.61,0.1
48,44.0,0.22,78.0,55.29,8.68,0.09
49,-2.0,0.27,73.0,164.7,4.26,0.1
50,54.0,0.14,86.0,72.12,9.5,0.11
51,14.0,0.25,75.0,99.08,10.43,0.1
52,38.0,0.15,85.0,91.38,9.28,0.1
53,8.0,0.3,70.0,106.96,10.36,0.1
54,60.0,0.17,83.0,53.99,8.05,0.1
55,36.0,0.24,76.0,78.38,9.29,0.11
56,12.0,0.21,79.0,131.8,10.91,0.1
57,44.0,0.26,74.0,40.98,8.67,0.1
58,52.0,0.18,82.0,43.33,4.41,0.09
59,30.0,0.24,76.0,90.66,12.68,0.1
60,38.0,0.26,74.0,44.84,8.16,0.09
61,24.0,0.24,76.0,119.21,5.08,0.1
62,58.0,0.17,83.0,51.35,10.17,0.11
63,32.0,0.23,77.0,94.87,2.52,0.1
64,46.0,0.21,79.0,68.66,8.52,0.1
65,40.0,0.24,76.0,83.25,3.27,0.11
66,56.0,0.19,81.0,54.2,4.47,0.1
67,38.0,0.23,77.0,73.79,10.51,0.09
68,34.0,0.19,81.0,92.59,8.86,0.1
69,18.0,0.24,76.0,106.32,9.6,0.09
70,56.0,0.15,85.0,65.21,10.14,0.11
71,52.0,0.19,81.0,44.99,11.01,0.1
72,56.0,0.16,84.0,68.78,4.99,0.11
73,20.0,0.21,79.0,118.34,10.98,0.1
74,52.0,0.17,83.0,65.01,6.49,0.11
75,62.0,0.15,85.0,60.06,9.39,0.1
76,58.0,0.17,83.0,67.92,6.68,0.1
77,36.0,0.26,74.0,65.77,4.42,0.11
78,20.0,0.23,77.0,105.36,2.71,0.1
79,44.0,0.22,78.0,54.46,8.0,0.09
80,44.0,0.13,87.0,102.24,9.77,0.11
81,48.0,0.22,78.0,67.45,4.63,0.1
82,52.0,0.12,88.0,94.1,9.72,0.1
83,68.0,0.16,84.0,25.99,4.55,0.11
84,18.0,0.27,73.0,119.86,8.38,0.11
85,50.0,0.19,81.0,63.65,6.53,0.1
86,76.0,0.12,88.0,38.69,7.93,0.1
87,44.0,0.18,82.0,74.47,10.54,0.1
88,40.0,0.28,72.0,57.15,4.45,0.09
89,30.0,0.22,78.0,98.79,6.42,0.11
90,44.0,0.19,81.0,68.59,10.51,0.1
91,64.0,0.14,86.0,62.92,10.1,0.1
92,44.0,0.19,81.0,81.45,6.17,0.1
93,26.0,0.22,78.0,108.09,6.3,0.11
94,62.0,0.15,85.0,58.56,3.3,0.11
95,46.0,0.13,87.0,72.19,8.84,0.11
96,52.0,0.23,77.0,45.99,9.77,0.11
97,42.0,0.12,88.0,105.3,6.78,0.1
98,62.0,0.15,85.0,40.02,6.21,0.11
99,50.0,0.19,81.0,56.22,9.38,0.1
100,40.0,0.25,75.0,63.84,7.86,0.1
101,50.0,0.13,87.0,92.95,4.95,0.17
102,28.0,0.18,82.0,107.97,9.55,0.17
103,62.0,0.15,85.0,52.92,6.91,0.17
104,34.0,0.22,78.0,100.37,3.84,0.16
105,34.0,0.19,81.0,113.99,1.81,0.17
106,42.0,0.18,82.0,85.13,9.85,0.17
107,2.0,0.22,78.0,163.47,6.48,0.18
108,20.0,0.23,77.0,114.64,2.45,0.17
109,54.0,0.19,81.0,51.02,8.28,0.16
110,76.0,0.1,90.0,35.46,13.48,0.17
111,6.0,0.25,75.0,125.12,8.47,0.17
112,40.0,0.19,81.0,71.85,6.49,0.17
113,78.0,0.1,90.0,28.66,11.49,0.17
114,52.0,0.21,79.0,36.26,7.59,0.16
115,42.0,0.17,83.0,99.71,8.91,0.17
116,62.0,0.12,88.0,53.53,12.34,0.17
117,56.0,0.18,82.0,38.64,10.35,0.16
118,18.0,0.17,83.0,136.75,4.69,0.17
119,32.0,0.17,83.0,111.87,10.05,0.17
120,48.0,0.13,87.0,72.58,6.92,0.17
121,44.0,0.14,86.0,127.29,3.32,0.18
122,52.0,0.21,79.0,67.19,12.25,0.16
123,48.0,0.2,80.0,69.49,5.97,0.17
124,46.0,0.21,79.0,64.9,10.71,0.17
125,52.0,0.22,78.0,45.47,5.81,0.18
126,38.0,0.19,81.0,85.53,8.79,0.18
127,40.0,0.16,84.0,103.34,7.43,0.17
128,62.0,0.17,83.0,62.49,4.7,0.16
129,32.0,0.24,76.0,85.05,10.12,0.16
130,50.0,0.23,77.0,27.66,12.46,0.16
131,56.0,0.18,82.0,44.79,1.9,0.17
132,28.0,0.25,75.0,75.11,11.65,0.16
133,44.0,0.19,81.0,72.78,5.33,0.17
134,26.0,0.27,73.0,73.37,2.17,0.16
135,22.0,0.17,83.0,116.76,5.64,0.18
136,56.0,0.19,81.0,37.52,4.92,0.17
137,48.0,0.23,77.0,67.65,5.48,0.17
138,46.0,0.17,83.0,67.98,8.24,0.17
139,72.0,0.11,89.0,42.23,9.68,0.19
140,50.0,0.18,82.0,64.24,2.23,0.17
141,44.0,0.15,85.0,88.82,2.11,0.19
142,-2.0,0.15,85.0,151.6,11.39,0.17
143,58.0,0.17,83.0,47.32,12.34,0.16
144,56.0,0.17,83.0,79.84,10.91,0.16
145,50.0,0.15,85.0,77.77,11.49,0.17
146,46.0,0.23,77.0,71.54,6.0,0.17
147,74.0,0.1,90.0,51.95,2.93,0.17
148,38.0,0.19,81.0,86.24,9.1,0.17
149,46.0,0.19,81.0,72.81,8.78,0.16
150,38.0,0.2,80.0,63.39,5.04,0.17
151,62.0,0.14,86.0,46.93,5.02,0.17
152,40.0,0.16,84.0,83.52,8.61,0.17
153,60.0,0.14,86.0,64.06,11.67,0.17
154,56.0,0.14,86.0,77.66,9.08,0.16
155,36.0,0.18,82.0,89.76,14.39,0.16
156,42.0,0.15,85.0,67.84,8.14,0.17
157,52.0,0.19,81.0,54.11,10.71,0.17
158,60.0,0.15,85.0,45.18,9.51,0.17
159,38.0,0.17,83.0,86.1,9.11,0.17
160,56.0,0.17,83.0,62.48,11.98,0.16
161,40.0,0.22,78.0,94.81,9.64,0.17
162,54.0,0.2,80.0,49.2,11.9,0.17
163,36.0,0.2,80.0,80.25,7.16,0.18
164,28.0,0.26,74.0,72.27,10.86,0.16
165,30.0,0.21,79.0,106.34,1.66,0.18
166,40.0,0.19,81.0,79.06,9.7,0.17
167,52.0,0.15,85.0,74.17,2.99,0.2
168,48.0,0.16,84.0,69.12,10.21,0.19
169,66.0,0.17,83.0,40.59,8.34,0.17
170,34.0,0.19,81.0,87.75,5.22,0.19
171,26.0,0.11,89.0,116.25,4.23,0.17
172,52.0,0.2,80.0,44.1,8.31,0.19
173,50.0,0.24,76.0,37.41,7.28,0.16
174,64.0,0.15,85.0,46.29,7.58,0.17
175,58.0,0.13,87.0,77.98,6.13,0.17
176,26.0,0.22,78.0,96.63,2.66,0.17
177,48.0,0.13,87.0,92.32,9.0,0.16
178,42.0,0.15,85.0,82.0,5.14,0.18
179,66.0,0.14,86.0,41.27,7.88,0.19
180,52.0,0.17,83.0,47.0,14.36,0.18
181,36.0,0.24,76.0,68.67,8.32,0.18
182,46.0,0.18,82.0,81.53,8.95,0.17
183,-4.0,0.22,78.0,138.98,8.67,0.18
184,52.0,0.17,83.0,65.16,8.49,0.19
185,50.0,0.11,89.0,87.02,7.24,0.2
186,48.0,0.15,85.0,103.74,12.61,0.19
187,52.0,0.17,83.0,63.19,8.88,0.18
188,58.0,0.13,87.0,71.12,10.05,0.18
189,42.0,0.21,79.0,54.26,11.29,0.16
190,60.0,0.15,85.0,62.6,9.2,0.21
191,62.0,0.15,85.0,63.33,10.62,0.19
192,36.0,0.19,81.0,97.02,7.43,0.2
193,50.0,0.19,81.0,47.75,14.22,0.18
194,50.0,0.11,89.0,61.35,12.27,0.17
195,52.0,0.2,80.0,59.19,2.03,0.18
196,36.0,0.18,82.0,94.73,7.33,0.17
197,48.0,0.15,85.0,84.74,3.08,0.17
198,72.0,0.13,87.0,23.2,7.59,0.17
199,36.0,0.13,87.0,95.56,2.0,0.17
200,56.0,0.18,82.0,61.57,10.77,0.18
201,54.0,0.16,84.0,55.23,5.36,0.18
202,50.0,0.22,78.0,68.24,9.09,0.21
203,46.0,0.2,80.0,60.64,7.93,0.21
204,50.0,0.15,85.0,50.41,12.12,0.2
205,56.0,0.13,87.0,86.2,8.88,0.18
206,36.0,0.23,77.0,64.15,5.9,0.18
207,64.0,0.11,89.0,74.73,10.33,0.17
208,46.0,0.14,86.0,85.81,4.57,0.17
209,38.0,0.19,81.0,88.23,3.81,0.17
210,66.0,0.16,84.0,22.05,9.46,0.18
211,40.0,0.22,78.0,66.71,7.4,0.17
212,60.0,0.17,83.0,29.03,5.87,0.16
213,52.0,0.14,86.0,76.82,9.92,0.18
214,50.0,0.19,81.0,70.21,11.21,0.17
215,32.0,0.17,83.0,112.17,8.03,0.17
216,62.0,0.17,83.0,60.31,7.81,0.19
217,56.0,0.18,82.0,58.85,10.88,0.17
218,50.0,0.13,87.0,87.33,8.67,0.18
219,34.0,0.23,77.0,82.87,3.77,0.17
220,58.0,0.08,92.0,87.48,4.24,0.17
221,74.0,0.12,88.0,24.71,8.2,0.16
222,56.0,0.2,80.0,43.83,8.54,0.18
223,62.0,0.13,87.0,61.53,9.69,0.17
224,56.0,0.16,84.0,58.16,2.47,0.16
225,38.0,0.21,79.0,79.47,4.19,0.16
226,36.0,0.18,82.0,101.92,2.62,0.18
227,62.0,0.12,88.0,57.83,9.75,0.18
228,70.0,0.13,87.0,44.21,9.41,0.17
229,60.0,0.16,84.0,43.22,10.55,0.17
230,54.0,0.14,86.0,73.35,2.64,0.18
231,60.0,0.15,85.0,44.67,11.95,0.17
232,12.0,0.24,76.0,106.76,8.5,0.16
233,70.0,0.12,88.0,42.62,10.2,0.18
234,38.0,0.19,81.0,88.01,9.42,0.17
235,44.0,0.23,77.0,60.22,2.66,0.17
236,72.0,0.11,89.0,45.56,7.12,0.17
237,64.0,0.17,83.0,30.04,5.4,0.18
238,56.0,0.19,81.0,61.36,9.67,0.17
239,50.0,0.17,83.0,60.8,11.76,0.17
240,48.0,0.16,84.0,86.44,3.97,0.18
241,42.0,0.15,85.0,85.36,2.82,0.17
242,66.0,0.09,91.0,65.66,10.37,0.19
243,44.0,0.22,78.0,56.07,6.98,0.16
244,60.0,0.16,84.0,55.05,11.68,0.18
245,36.0,0.18,82.0,88.74,5.24,0.17
246,50.0,0.12,88.0,92.37,5.8,0.18
247,56.0,0.19,81.0,58.49,5.16,0.17
248,40.0,0.22,78.0,74.36,5.18,0.17
249,46.0,0.18,82.0,52.51,9.91,0.16
250,52.0,0.18,82.0,65.05,2.9,0.17
251,50.0,0.15,85.0,92.98,14.31,0.18
252,74.0,0.13,87.0,20.89,10.24,0.18
253,54.0,0.1,90.0,72.68,4.26,0.19
254,50.0,0.19,81.0,72.95,2.64,0.18
255,62.0,0.17,83.0,45.77,4.45,0.17
256,40.0,0.16,84.0,91.79,3.38,0.18
257,66.0,0.11,89.0,70.8,11.39,0.19
258,68.0,0.15,85.0,39.26,10.56,0.18
259,58.0,0.13,87.0,57.96,9.17,0.18
260,54.0,0.16,84.0,62.41,7.1,0.17
261,42.0,0.19,81.0,84.03,10.91,0.18
262,60.0,0.16,84.0,46.39,5.04,0.2
263,56.0,0.14,86.0,56.41,10.06,0.21
264,66.0,0.1,90.0,52.4,10.58,0.19
265,6.0,0.22,78.0,131.65,11.4,0.2
266,74.0,0.1,90.0,32.16,3.47,0.23
267,48.0,0.18,82.0,77.05,6.11,0.19
268,48.0,0.12,88.0,94.13,6.11,0.19
269,68.0,0.11,89.0,62.61,8.34,0.22
270,64.0,0.12,88.0,72.5,9.65,0.2
271,64.0,0.12,88.0,52.19,4.86,0.19
272,56.0,0.17,83.0,73.82,10.28,0.17
273,62.0,0.13,87.0,56.47,6.43,0.22
274,42.0,0.2,80.0,81.21,2.59,0.18
275,66.0,0.06,94.0,65.7,9.93,0.19
276,62.0,0.12,88.0,64.51,11.59,0.17
277,48.0,0.12,88.0,87.44,5.67,0.18
278,48.0,0.12,88.0,81.92,8.13,0.18
279,46.0,0.18,82.0,81.68,5.92,0.19
280,44.0,0.16,84.0,78.83,12.0,0.18
281,48.0,0.13,87.0,83.18,8.55,0.18
282,58.0,0.16,84.0,57.76,8.75,0.17
283,68.0,0.11,89.0,37.77,11.84,0.18
284,38.0,0.17,83.0,78.72,4.49,0.17
285,68.0,0.11,89.0,41.54,4.67,0.19
286,50.0,0.2,80.0,45.55,7.91,0.18
287,62.0,0.08,92.0,73.84,2.7,0.19
288,58.0,0.11,89.0,95.76,2.86,0.18
289,46.0,0.12,88.0,69.71,9.44,0.18
290,40.0,0.12,88.0,110.81,4.75,0.19
291,66.0,0.13,87.0,48.44,3.33,0.18
292,54.0,0.17,83.0,61.92,12.18,0.2
293,48.0,0.19,81.0,92.16,5.23,0.2
294,32.0,0.19,81.0,107.32,11.34,0.21
295,52.0,0.19,81.0,82.54,2.0,0.19
296,62.0,0.11,89.0,47.76,4.36,0.19
297,68.0,0.15,85.0,42.25,4.01,0.19
298,78.0,0.11,89.0,40.59,5.88,0.19
299,48.0,0.15,85.0,79.58,12.19,0.18
300,78.0,0.09,91.0,41.25,7.53,0.22
301,32.0,0.17,83.0,88.18,5.24,0.2
302,68.0,0.11,89.0,63.47,5.8,0.19
303,56.0,0.11,89.0,88.85,2.31,0.19
304,60.0,0.12,88.0,60.52,2.06,0.19
305,58.0,0.14,86.0,71.07,2.36,0.2
306,56.0,0.13,87.0,54.67,2.98,0.19
307,54.0,0.11,89.0,97.45,5.17,0.2
308,58.0,0.18,82.0,38.9,4.7,0.17
309,42.0,0.21,79.0,77.2,10.48,0.18
310,56.0,0.18,82.0,56.73,4.65,0.2
311,56.0,0.18,82.0,76.5,8.83,0.18
312,60.0,0.12,88.0,62.23,9.48,0.18
313,70.0,0.15,85.0,25.32,5.3,0.18
314,56.0,0.13,87.0,74.91,7.35,0.18
315,62.0,0.16,84.0,57.03,7.07,0.18
316,62.0,0.15,85.0,56.22,9.84,0.18
317,18.0,0.18,82.0,136.15,5.32,0.17
318,56.0,0.19,81.0,38.36,9.35,0.17
319,60.0,0.16,84.0,74.16,6.2,0.18
320,70.0,0.12,88.0,31.75,7.45,0.19
321,38.0,0.18,82.0,89.94,1.8,0.17
322,78.0,0.1,90.0,30.25,9.15,0.18
323,60.0,0.1,90.0,79.49,5.78,0.18
324,54.0,0.14,86.0,86.62,5.87,0.18
325,74.0,0.08,92.0,44.11,12.35,0.2
326,64.0,0.13,87.0,58.36,4.59,0.2
327,42.0,0.15,85.0,75.88,10.65,0.19
328,48.0,0.13,87.0,98.14,3.49,0.19
329,52.0,0.13,87.0,65.05,11.31,0.18
330,62.0,0.12,88.0,82.66,8.52,0.18
331,74.0,0.08,92.0,43.28,5.85,0.18
332,78.0,0.11,89.0,26.1,9.09,0.22
333,64.0,0.12,88.0,75.8,8.16,0.2
334,52.0,0.11,89.0,73.81,5.66,0.2
335,62.0,0.11,89.0,52.12,2.04,0.2
336,50.0,0.13,87.0,77.53,7.11,0.19
337,62.0,0.13,87.0,68.56,16.0,0.2
338,64.0,0.16,84.0,47.41,8.83,0.2
339,48.0,0.18,82.0,59.54,8.11,0.19
340,60.0,0.16,84.0,31.97,7.95,0.19
341,62.0,0.12,88.0,61.28,4.98,0.19
342,42.0,0.17,83.0,91.71,6.0,0.19
343,66.0,0.14,86.0,33.65,6.22,0.21
344,64.0,0.15,85.0,42.32,11.76,0.19
345,68.0,0.08,92.0,61.77,4.53,0.17
346,52.0,0.21,79.0,45.92,2.48,0.17
347,44.0,0.17,83.0,91.0,3.34,0.17
348,46.0,0.2,80.0,86.24,8.07,0.17
349,60.0,0.13,87.0,63.63,8.85,0.17
350,68.0,0.13,87.0,46.04,8.57,0.19
351,68.0,0.11,89.0,85.09,8.67,0.18
352,50.0,0.22,78.0,48.61,9.66,0.17
353,68.0,0.13,87.0,45.02,6.17,0.19
354,66.0,0.07,93.0,94.98,3.73,0.2
355,72.0,0.06,94.0,77.07,5.87,0.19
356,64.0,0.13,87.0,49.17,4.68,0.18
357,48.0,0.12,88.0,105.42,4.46,0.17
358,68.0,0.11,89.0,44.89,10.61,0.18
359,52.0,0.19,81.0,57.87,3.71,0.17
360,64.0,0.15,85.0,38.59,8.26,0.21
361,50.0,0.19,81.0,88.01,5.26,0.24
362,64.0,0.14,86.0,50.43,6.92,0.19
363,62.0,0.19,81.0,31.42,8.44,0.19
364,84.0,0.04,96.0,52.19,8.11,0.21
365,32.0,0.24,76.0,95.61,3.63,0.2
366,34.0,0.18,82.0,103.1,3.54,0.22
367,50.0,0.14,86.0,73.38,9.86,0.2
368,38.0,0.16,84.0,90.45,2.94,0.19
369,30.0,0.14,86.0,103.88,7.91,0.17
370,42.0,0.1,90.0,101.94,5.62,0.19
371,60.0,0.15,85.0,51.91,6.18,0.18
372,62.0,0.1,90.0,66.89,3.03,0.19
373,62.0,0.11,89.0,77.16,7.73,0.18
374,58.0,0.13,87.0,78.04,5.4,0.18
375,56.0,0.17,83.0,66.92,5.73,0.21
376,54.0,0.12,88.0,73.27,13.27,0.19
377,70.0,0.13,87.0,39.18,8.28,0.19
378,62.0,0.11,89.0,82.94,5.23,0.2
379,70.0,0.09,91.0,80.77,9.49,0.21
380,58.0,0.15,85.0,69.39,6.73,0.18
381,72.0,0.11,89.0,44.24,8.55,0.22
382,32.0,0.18,82.0,109.53,5.37,0.18
383,58.0,0.15,85.0,66.79,8.76,0.2
384,54.0,0.2,80.0,52.36,4.2,0.23
385,66.0,0.15,85.0,34.85,5.77,0.18
386,64.0,0.04,96.0,76.49,4.95,0.19
387,60.0,0.11,89.0,50.71,4.9,0.19
388,46.0,0.18,82.0,61.25,8.47,0.18
389,60.0,0.13,87.0,82.35,12.51,0.21
390,68.0,0.16,84.0,18.24,3.02,0.2
391,52.0,0.2,80.0,60.81,7.37,0.19
392,48.0,0.12,88.0,82.26,6.54,0.18
393,52.0,0.09,91.0,89.13,8.03,0.18
394,68.0,0.12,88.0,65.7,6.42,0.18
395,40.0,0.17,83.0,93.58,2.27,0.18
396,54.0,0.16,84.0,77.54,12.25,0.17
397,60.0,0.17,83.0,39.93,7.05,0.17
398,44.0,0.08,92.0,96.95,11.96,0.19
399,74.0,0.12,88.0,46.04,6.67,0.18
400,54.0,0.16,84.0,67.35,9.25,0.19
401,76.0,0.09,91.0,59.52,5.28,0.18
402,48.0,0.16,84.0,72.1,4.25,0.18
403,66.0,0.12,88.0,69.9,5.7,0.18
404,68.0,0.11,89.0,53.15,10.88,0.18
405,64.0,0.11,89.0,55.13,3.01,0.17
406,44.0,0.15,85.0,81.15,8.52,0.17
407,74.0,0.06,94.0,63.0,9.1,0.18
408,70.0,0.13,87.0,26.49,11.31,0.18
409,56.0,0.16,84.0,69.8,5.67,0.18
410,64.0,0.14,86.0,30.41,2.63,0.18
411,70.0,0.15,85.0,32.04,4.98,0.18
412,40.0,0.19,81.0,74.96,2.68,0.18
413,56.0,0.15,85.0,77.42,6.63,0.18
414,68.0,0.1,90.0,49.87,1.76,0.19
415,54.0,0.1,90.0,88.88,4.58,0.18
416,50.0,0.16,84.0,87.65,12.0,0.19
417,42.0,0.17,83.0,65.91,1.8,0.18
418,64.0,0.09,91.0,54.96,3.52,0.24
419,44.0,0.19,81.0,72.88,8.41,0.19
420,36.0,0.21,79.0,94.48,7.2,0.19
421,78.0,0.09,91.0,37.67,8.51,0.19
422,70.0,0.09,91.0,46.05,4.03,0.2
423,60.0,0.13,87.0,51.87,2.67,0.23
424,42.0,0.14,86.0,91.54,6.09,0.21
425,72.0,0.08,92.0,58.57,8.97,0.24
426,66.0,0.09,91.0,68.18,10.6,0.27
427,42.0,0.16,84.0,86.29,7.22,0.21
428,58.0,0.17,83.0,34.06,1.39,0.2
429,54.0,0.15,85.0,84.32,11.27,0.19
430,82.0,0.09,91.0,9.82,6.77,0.18
431,62.0,0.06,94.0,74.34,9.68,0.19
432,62.0,0.1,90.0,57.73,5.07,0.18
433,54.0,0.11,89.0,101.4,8.33,0.19
434,76.0,0.09,91.0,46.93,2.45,0.2
435,62.0,0.06,94.0,87.11,6.54,0.19
436,64.0,0.15,85.0,52.43,3.61,0.2
437,56.0,0.1,90.0,106.35,9.14,0.2
438,62.0,0.16,84.0,57.53,2.49,0.18
439,68.0,0.06,94.0,65.06,1.89,0.19
440,74.0,0.1,90.0,51.69,4.53,0.2
441,64.0,0.11,89.0,44.36,4.81,0.2
442,58.0,0.1,90.0,90.14,3.99,0.19
443,56.0,0.14,86.0,75.7,7.23,0.18
444,72.0,0.1,90.0,63.74,2.99,0.19
445,74.0,0.06,94.0,55.72,12.6,0.24
446,78.0,0.06,94.0,52.45,5.32,0.19
447,64.0,0.14,86.0,55.81,5.72,0.22
448,68.0,0.13,87.0,29.75,8.16,0.22
449,62.0,0.16,84.0,58.32,4.93,0.21
450,42.0,0.16,84.0,102.48,7.19,0.18
451,72.0,0.14,86.0,18.5,9.65,0.18
452,66.0,0.07,93.0,74.76,3.05,0.19
453,50.0,0.19,81.0,48.11,4.21,0.18
454,48.0,0.18,82.0,69.37,2.65,0.2
455,76.0,0.1,90.0,26.71,7.61,0.18
456,46.0,0.16,84.0,107.52,8.39,0.2
457,62.0,0.09,91.0,77.28,3.1,0.19
458,52.0,0.13,87.0,81.91,5.06,0.18
459,66.0,0.16,84.0,23.88,6.67,0.18
460,74.0,0.1,90.0,43.4,8.71,0.19
461,80.0,0.1,90.0,19.97,2.94,0.18
462,56.0,0.09,91.0,56.67,3.07,0.18
463,54.0,0.07,93.0,86.36,6.06,0.19
464,60.0,0.1,90.0,66.36,3.14,0.18
465,58.0,0.15,85.0,77.44,7.48,0.19
466,58.0,0.08,92.0,86.61,11.2,0.2
467,74.0,0.1,90.0,49.03,5.63,0.2
468,62.0,0.1,90.0,59.97,3.55,0.21
469,60.0,0.13,87.0,58.53,7.33,0.19
470,92.0,0.04,96.0,55.0,6.2,0.19
471,60.0,0.1,90.0,50.86,8.85,0.18
472,64.0,0.09,91.0,66.82,6.34,0.18
473,66.0,0.08,92.0,58.58,6.2,0.19
474,58.0,0.16,84.0,59.11,10.94,0.19
475,76.0,0.12,88.0,23.54,3.98,0.18
476,68.0,0.1,90.0,57.43,8.6,0.17
477,58.0,0.08,92.0,76.26,4.2,0.19
478,46.0,0.11,89.0,104.21,10.67,0.19
479,30.0,0.13,87.0,112.13,5.65,0.18
480,86.0,0.07,93.0,16.46,10.79,0.19
481,70.0,0.08,92.0,78.52,3.41,0.18
482,60.0,0.15,85.0,63.01,1.49,0.18
483,44.0,0.1,90.0,102.95,7.43,0.18
484,60.0,0.11,89.0,68.65,6.94,0.18
485,58.0,0.15,85.0,51.65,8.04,0.18
486,66.0,0.1,90.0,50.75,5.58,0.17
487,68.0,0.14,86.0,38.78,4.63,0.17
488,30.0,0.12,88.0,136.76,6.09,0.19
489,66.0,0.12,88.0,47.88,4.28,0.18
490,64.0,0.16,84.0,42.67,4.24,0.19
491,82.0,0.09,91.0,52.22,9.48,0.18
492,42.0,0.14,86.0,91.29,8.98,0.19
493,56.0,0.11,89.0,88.57,6.21,0.19
494,46.0,0.15,85.0,103.27,6.75,0.18
495,38.0,0.18,82.0,74.95,12.98,0.18
496,64.0,0.14,86.0,31.9,9.88,0.18
497,80.0,0.1,90.0,25.09,6.39,0.18
498,56.0,0.13,87.0,69.16,5.38,0.18
499,38.0,0.14,86.0,103.89,4.83,0.18
500,80.0,0.08,92.0,39.79,2.32,0.19
501,64.0,0.14,86.0,65.13,4.31,0.18
502,64.0,0.09,91.0,72.31,6.86,0.19
503,78.0,0.09,91.0,32.74,9.08,0.18
504,58.0,0.19,81.0,55.55,5.83,0.18
505,54.0,0.16,84.0,68.84,6.86,0.18
506,78.0,0.09,91.0,44.74,7.49,0.19
507,78.0,0.09,91.0,45.99,7.8,0.18
508,42.0,0.13,87.0,109.61,1.37,0.19
509,84.0,0.07,93.0,31.41,6.15,0.18
510,70.0,0.13,87.0,43.63,6.52,0.18
511,86.0,0.05,95.0,20.66,5.71,0.19
512,68.0,0.13,87.0,41.96,5.92,0.18
513,72.0,0.07,93.0,57.11,4.76,0.18
514,78.0,0.08,92.0,37.79,8.82,0.2
515,62.0,0.1,90.0,50.54,4.56,0.19
516,78.0,0.05,95.0,51.25,7.63,0.19
517,68.0,0.12,88.0,41.62,7.01,0.19
518,70.0,0.09,91.0,52.08,8.52,0.19
519,74.0,0.1,90.0,43.89,3.09,0.19
520,74.0,0.07,93.0,65.0,2.7,0.19
521,60.0,0.09,91.0,56.19,1.92,0.19
522,74.0,0.1,90.0,45.95,5.8,0.18
523,46.0,0.06,94.0,124.77,12.17,0.19
524,72.0,0.07,93.0,45.15,11.23,0.18
525,82.0,0.06,94.0,45.92,9.89,0.19
526,54.0,0.18,82.0,50.39,5.84,0.19
527,66.0,0.07,93.0,67.74,3.93,0.19
528,74.0,0.09,91.0,48.74,9.08,0.19
529,84.0,0.07,93.0,30.35,10.01,0.2
530,70.0,0.12,88.0,52.39,5.2,0.18
531,68.0,0.06,94.0,75.83,3.77,0.2
532,54.0,0.05,95.0,89.94,10.14,0.2
533,80.0,0.09,91.0,23.35,8.08,0.19
534,70.0,0.08,92.0,52.84,6.67,0.19
535,38.0,0.08,92.0,131.44,9.83,0.2
536,84.0,0.03,97.0,36.46,5.53,0.19
537,70.0,0.11,89.0,44.27,3.29,0.19
538,68.0,0.08,92.0,86.03,6.3,0.18
539,42.0,0.07,93.0,112.63,9.04,0.19
540,82.0,0.03,97.0,51.07,9.63,0.18
541,64.0,0.09,91.0,83.64,7.8,0.19
542,54.0,0.14,86.0,81.58,8.03,0.19
543,58.0,0.08,92.0,92.29,7.52,0.19
544,72.0,0.09,91.0,65.88,8.24,0.18
545,90.0,0.04,96.0,22.96,4.98,0.19
546,70.0,0.1,90.0,61.38,2.69,0.19
547,62.0,0.09,91.0,69.84,4.93,0.19
548,62.0,0.14,86.0,43.28,3.42,0.18
549,66.0,0.08,92.0,43.61,7.53,0.19
550,68.0,0.11,89.0,52.28,3.94,0.19
551,72.0,0.1,90.0,43.61,8.67,0.19
552,66.0,0.09,91.0,57.55,4.27,0.19
553,76.0,0.1,90.0,44.36,6.67,0.18
554,64.0,0.1,90.0,49.51,5.38,0.19
555,76.0,0.07,93.0,45.71,10.9,0.19
556,62.0,0.11,89.0,80.82,7.8,0.19
557,70.0,0.08,92.0,46.64,9.49,0.19
558,80.0,0.09,91.0,20.61,8.48,0.18
559,56.0,0.12,88.0,63.26,8.76,0.19
560,58.0,0.1,90.0,76.85,4.6,0.18
561,92.0,0.04,96.0,14.24,5.74,0.19
562,82.0,0.09,91.0,26.1,3.0,0.18
563,76.0,0.08,92.0,56.4,4.35,0.19
564,84.0,0.08,92.0,17.26,9.59,0.19
565,64.0,0.06,94.0,81.85,6.98,0.19
566,72.0,0.12,88.0,30.21,8.82,0.18
567,38.0,0.12,88.0,104.19,4.77,0.2
568,74.0,0.07,93.0,53.11,7.18,0.19
569,70.0,0.09,91.0,62.0,6.29,0.19
570,74.0,0.08,92.0,60.14,6.31,0.19
571,76.0,0.07,93.0,67.34,5.33,0.2
572,64.0,0.07,93.0,89.71,4.0,0.19
573,76.0,0.08,92.0,45.68,6.78,0.19
574,64.0,0.13,87.0,45.16,3.07,0.18
575,86.0,0.04,96.0,59.45,4.24,0.2
576,64.0,0.13,87.0,50.18,5.28,0.2
577,88.0,0.06,94.0,39.0,4.73,0.19
578,68.0,0.09,91.0,46.23,9.57,0.18
579,56.0,0.09,91.0,84.29,3.64,0.19
580,74.0,0.06,94.0,48.13,6.3,0.19
581,74.0,0.05,95.0,67.86,5.83,0.19
582,52.0,0.12,88.0,91.12,3.35,0.19
583,82.0,0.06,94.0,29.31,8.65,0.2
584,80.0,0.06,94.0,45.8,4.09,0.2
585,78.0,0.06,94.0,41.21,5.02,0.18
586,78.0,0.07,93.0,44.72,9.08,0.21
587,80.0,0.1,90.0,24.76,4.31,0.19
588,74.0,0.06,94.0,69.36,5.68,0.19
589,82.0,0.07,93.0,35.33,7.91,0.19
590,50.0,0.13,87.0,75.88,8.87,0.18
591,66.0,0.07,93.0,54.52,3.65,0.2
592,74.0,0.07,93.0,71.46,5.58,0.19
593,54.0,0.11,89.0,101.45,9.6,0.19
594,56.0,0.09,91.0,82.46,3.66,0.19
595,78.0,0.1,90.0,24.91,10.0,0.19
596,70.0,0.04,96.0,60.42,7.82,0.19
597,68.0,0.11,89.0,39.52,6.74,0.19
598,80.0,0.07,93.0,38.27,4.0,0.2
599,72.0,0.12,88.0,29.14,8.13,0.19
600,94.0,0.02,98.0,24.63,7.01,0.19
601,68.0,0.09,91.0,70.94,7.58,0.21
602,66.0,0.1,90.0,56.97,10.6,0.19
603,76.0,0.06,94.0,53.11,8.54,0.21
604,72.0,0.11,89.0,48.61,5.56,0.18
605,62.0,0.09,91.0,69.16,2.14,0.19
606,70.0,0.05,95.0,68.12,3.24,0.19
607,86.0,0.03,97.0,38.12,4.62,0.19
608,64.0,0.07,93.0,85.64,11.94,0.32
609,74.0,0.09,91.0,39.05,7.46,0.23
610,74.0,0.05,95.0,87.3,9.48,0.21
611,78.0,0.09,91.0,33.76,4.73,0.19
612,68.0,0.09,91.0,65.68,2.93,0.24
613,74.0,0.11,89.0,46.39,10.83,0.2
614,76.0,0.05,95.0,45.18,11.17,0.33
615,72.0,0.06,94.0,65.79,9.11,0.24
616,66.0,0.1,90.0,68.74,3.53,0.2
617,54.0,0.11,89.0,92.54,9.87,0.19
618,74.0,0.09,91.0,65.93,8.26,0.21
619,76.0,0.07,93.0,45.0,7.43,0.22
620,66.0,0.04,96.0,82.78,9.06,0.31
621,74.0,0.11,89.0,46.4,8.13,0.23
622,56.0,0.13,87.0,67.32,2.25,0.27
623,72.0,0.07,93.0,50.04,5.0,0.23
624,50.0,0.12,88.0,79.28,7.58,0.22
625,70.0,0.09,91.0,50.81,7.13,0.2
626,76.0,0.08,92.0,44.28,5.53,0.29
627,68.0,0.11,89.0,45.28,5.91,0.19
628,70.0,0.07,93.0,66.76,8.44,0.19
629,72.0,0.07,93.0,78.83,10.6,0.19
630,72.0,0.08,92.0,75.0,4.63,0.2
631,84.0,0.07,93.0,26.08,2.24,0.2
632,60.0,0.09,91.0,81.69,6.3,0.2
633,86.0,0.07,93.0,23.87,5.73,0.23
634,68.0,0.11,89.0,37.47,7.89,0.21
635,64.0,0.1,90.0,81.25,6.24,0.19
636,76.0,0.09,91.0,34.6,6.77,0.2
637,70.0,0.11,89.0,73.14,4.51,0.19
638,84.0,0.08,92.0,20.75,3.67,0.19
639,66.0,0.11,89.0,47.76,5.79,0.18
640,84.0,0.05,95.0,35.67,7.07,0.2
641,50.0,0.08,92.0,77.48,7.5,0.19
642,70.0,0.09,91.0,49.99,2.08,0.19
643,70.0,0.09,91.0,57.24,2.16,0.2
644,46.0,0.08,92.0,92.42,7.62,0.2
645,68.0,0.09,91.0,51.47,7.45,0.19
646,66.0,0.08,92.0,59.27,10.26,0.2
647,68.0,0.14,86.0,26.16,7.29,0.18
648,52.0,0.07,93.0,80.94,5.98,0.2
649,70.0,0.08,92.0,51.28,11.39,0.19
650,60.0,0.09,91.0,68.46,8.52,0.2
651,54.0,0.1,90.0,68.49,2.18,0.19
652,76.0,0.05,95.0,57.95,7.55,0.2
653,58.0,0.1,90.0,74.5,7.64,0.19
654,58.0,0.12,88.0,87.77,7.88,0.2
655,56.0,0.09,91.0,81.89,5.85,0.21
656,74.0,0.09,91.0,50.36,5.04,0.19
657,60.0,0.04,96.0,107.47,9.66,0.2
658,86.0,0.06,94.0,30.69,12.16,0.19
659,80.0,0.06,94.0,54.19,7.11,0.2
660,76.0,0.05,95.0,52.36,4.98,0.2
661,80.0,0.05,95.0,50.76,6.65,0.19
662,58.0,0.07,93.0,105.16,6.92,0.23
663,86.0,0.02,98.0,50.08,10.15,0.2
664,86.0,0.05,95.0,45.01,10.06,0.2
665,60.0,0.11,89.0,77.99,7.6,0.21
666,80.0,0.07,93.0,32.01,10.46,0.2
667,54.0,0.11,89.0,83.24,8.22,0.19
668,12.0,0.11,89.0,149.65,5.11,0.2
669,76.0,0.06,94.0,46.1,3.97,0.25
670,78.0,0.02,98.0,52.12,2.17,0.19
671,74.0,0.13,87.0,28.23,11.4,0.2
672,78.0,0.08,92.0,45.37,13.65,0.19
673,68.0,0.07,93.0,72.96,10.9,0.19
674,82.0,0.05,95.0,41.8,11.43,0.2
675,62.0,0.07,93.0,82.22,3.28,0.21
676,88.0,0.05,95.0,17.69,11.3,0.23
677,82.0,0.05,95.0,40.77,3.33,0.3
678,52.0,0.13,87.0,80.91,6.12,0.22
679,78.0,0.07,93.0,64.9,5.51,0.24
680,84.0,0.08,92.0,30.86,10.04,0.21
681,64.0,0.1,90.0,67.01,5.0,0.19
682,80.0,0.09,91.0,30.76,10.18,0.19
683,88.0,0.05,95.0,35.43,9.9,0.22
684,80.0,0.07,93.0,57.76,7.42,0.2
685,72.0,0.08,92.0,76.06,5.74,0.2
686,92.0,0.04,96.0,20.42,11.23,0.2
687,68.0,0.1,90.0,56.67,4.96,0.19
688,88.0,0.06,94.0,33.98,4.41,0.2
689,90.0,0.05,95.0,17.57,10.09,0.19
690,58.0,0.15,85.0,61.51,6.07,0.19
691,70.0,0.09,91.0,57.32,10.92,0.19
692,80.0,0.05,95.0,29.85,7.2,0.19
693,92.0,0.03,97.0,24.25,3.83,0.2
694,94.0,0.02,98.0,43.78,6.78,0.2
695,72.0,0.02,98.0,75.85,9.36,0.2
696,80.0,0.09,91.0,33.78,6.6,0.19
697,72.0,0.09,91.0,44.98,9.04,0.19
698,70.0,0.09,91.0,48.29,2.43,0.2
699,80.0,0.05,95.0,43.65,2.15,0.19
700,82.0,0.07,93.0,38.44,10.46,0.2
701,88.0,0.06,94.0,44.12,6.6,0.2
702,84.0,0.05,95.0,42.8,11.52,0.19
703,78.0,0.08,92.0,38.24,8.65,0.19
704,72.0,0.07,93.0,50.91,12.12,0.18
705,64.0,0.1,90.0,58.75,4.57,0.2
706,58.0,0.13,87.0,76.52,14.53,0.19
707,76.0,0.04,96.0,57.21,12.39,0.19
708,60.0,0.09,91.0,86.2,1.67,0.19
709,84.0,0.06,94.0,29.38,6.85,0.18
710,82.0,0.06,94.0,56.02,2.68,0.19
711,56.0,0.07,93.0,91.5,6.27,0.19
712,80.0,0.05,95.0,53.63,13.39,0.19
713,86.0,0.06,94.0,36.32,2.31,0.2
714,72.0,0.06,94.0,89.83,8.53,0.2
715,84.0,0.07,93.0,50.08,15.1,0.2
716,78.0,0.06,94.0,31.48,7.92,0.2
717,80.0,0.09,91.0,25.45,8.0,0.19
718,82.0,0.05,95.0,41.01,9.65,0.19
719,72.0,0.06,94.0,39.7,5.62,0.19
720,70.0,0.06,94.0,80.61,9.17,0.2
721,82.0,0.06,94.0,55.33,6.82,0.19
722,84.0,0.05,95.0,43.81,3.7,0.19
723,74.0,0.09,91.0,54.67,1.87,0.2
724,80.0,0.06,94.0,41.36,7.47,0.19
725,80.0,0.06,94.0,29.35,2.77,0.19
726,92.0,0.04,96.0,20.88,4.41,0.19
727,74.0,0.07,93.0,40.93,1.57,0.19
728,70.0,0.07,93.0,62.16,1.67,0.19
729,88.0,0.05,95.0,40.84,4.65,0.19
730,80.0,0.06,94.0,61.64,10.79,0.19
731,76.0,0.04,96.0,57.71,12.49,0.19
732,58.0,0.08,92.0,67.25,2.22,0.22
733,68.0,0.06,94.0,67.18,5.74,0.25
734,76.0,0.05,95.0,56.92,5.55,0.19
735,68.0,0.12,88.0,42.06,5.74,0.18
736,76.0,0.06,94.0,58.32,3.36,0.19
737,76.0,0.05,95.0,67.67,6.0,0.19
738,80.0,0.05,95.0,58.0,8.22,0.19
739,56.0,0.03,97.0,106.44,10.61,0.2
740,74.0,0.03,97.0,62.27,7.28,0.2
741,84.0,0.07,93.0,38.74,6.57,0.19
742,74.0,0.07,93.0,49.02,12.55,0.2
743,76.0,0.05,95.0,65.56,5.71,0.2
744,58.0,0.05,95.0,96.39,11.4,0.2
745,78.0,0.04,96.0,43.55,10.37,0.2
746,66.0,0.07,93.0,71.55,2.12,0.2
747,56.0,0.1,90.0,94.24,8.74,0.2
748,74.0,0.07,93.0,65.54,6.6,0.19
749,66.0,0.07,93.0,64.33,13.33,0.19
750,86.0,0.07,93.0,22.35,6.65,0.2
751,70.0,0.05,95.0,61.1,7.6,0.19
752,88.0,0.04,96.0,27.41,12.25,0.19
753,90.0,0.03,97.0,26.54,4.04,0.19
754,74.0,0.06,94.0,52.05,10.47,0.19
755,62.0,0.04,96.0,94.46,9.12,0.2
756,84.0,0.07,93.0,24.34,9.46,0.19
757,74.0,0.06,94.0,53.95,9.96,0.2
758,78.0,0.06,94.0,55.26,6.36,0.2
759,84.0,0.06,94.0,55.64,6.66,0.2
760,18.0,0.1,90.0,142.72,7.58,0.23
761,66.0,0.06,94.0,81.48,7.85,0.19
762,60.0,0.08,92.0,63.62,2.17,0.19
763,70.0,0.08,92.0,53.74,1.44,0.21
764,80.0,0.04,96.0,54.41,8.16,0.2
765,74.0,0.05,95.0,64.97,7.64,0.21
766,54.0,0.05,95.0,102.26,1.92,0.23
767,74.0,0.04,96.0,66.44,6.25,0.19
768,68.0,0.08,92.0,56.47,6.85,0.19
769,82.0,0.06,94.0,21.63,6.73,0.18
770,90.0,0.03,97.0,35.07,6.66,0.2
771,88.0,0.06,94.0,20.72,1.43,0.2
772,82.0,0.04,96.0,53.54,9.9,0.19
773,78.0,0.09,91.0,43.39,9.14,0.18
774,72.0,0.07,93.0,47.73,12.34,0.19
775,82.0,0.06,94.0,41.25,8.56,0.19
776,82.0,0.05,95.0,42.65,6.95,0.2
777,86.0,0.04,96.0,27.6,8.24,0.19
778,88.0,0.05,95.0,22.33,6.91,0.19
779,88.0,0.05,95.0,16.41,1.52,0.19
780,72.0,0.03,97.0,64.85,7.83,0.2
781,88.0,0.05,95.0,38.0,6.91,0.19
782,78.0,0.03,97.0,60.66,6.26,0.2
783,92.0,0.04,96.0,41.29,5.3,0.19
784,94.0,0.0,100.0,46.22,6.67,0.19
785,66.0,0.07,93.0,72.77,8.69,0.19
786,84.0,0.05,95.0,50.5,10.29,0.19
787,82.0,0.07,93.0,36.62,10.92,0.19
788,68.0,0.06,94.0,88.31,3.77,0.19
789,56.0,0.09,91.0,80.93,4.25,0.19
790,78.0,0.08,92.0,41.39,9.7,0.18
791,84.0,0.04,96.0,44.84,8.76,0.2
792,76.0,0.04,96.0,44.79,7.18,0.19
793,78.0,0.03,97.0,75.42,10.22,0.2
794,82.0,0.04,96.0,42.73,4.16,0.18
795,86.0,0.03,97.0,53.41,9.75,0.19
796,88.0,0.01,99.0,43.08,8.01,0.2
797,74.0,0.08,92.0,38.04,4.39,0.19
798,84.0,0.05,95.0,52.37,1.52,0.21
799,74.0,0.06,94.0,84.17,7.08,0.2
800,84.0,0.05,95.0,35.73,6.91,0.19
801,84.0,0.05,95.0,42.85,6.73,0.19
802,94.0,0.02,98.0,32.35,11.43,0.19
803,76.0,0.08,92.0,53.3,7.84,0.18
804,90.0,0.02,98.0,26.39,9.72,0.19
805,92.0,0.04,96.0,15.56,9.44,0.2
806,88.0,0.05,95.0,32.44,10.48,0.19
807,82.0,0.05,95.0,45.4,10.84,0.2
808,86.0,0.05,95.0,29.18,10.1,0.19
809,80.0,0.05,95.0,48.71,2.65,0.19
810,80.0,0.03,97.0,70.11,4.22,0.19
811,86.0,0.03,97.0,33.26,3.59,0.21
812,72.0,0.08,92.0,43.58,9.79,0.2
813,72.0,0.05,95.0,53.82,9.86,0.2
814,86.0,0.07,93.0,14.02,3.18,0.19
815,88.0,0.06,94.0,18.44,3.6,0.2
816,78.0,0.06,94.0,45.25,12.54,0.19
817,78.0,0.08,92.0,28.53,9.22,0.19
818,78.0,0.04,96.0,33.75,3.62,0.19
819,74.0,0.0,100.0,66.5,5.45,0.2
820,94.0,0.03,97.0,35.53,12.45,0.19
821,76.0,0.07,93.0,44.26,11.13,0.19
822,76.0,0.04,96.0,63.0,5.52,0.2
823,74.0,0.03,97.0,48.95,3.11,0.19
824,84.0,0.06,94.0,39.9,4.0,0.19
825,92.0,0.04,96.0,21.12,5.2,0.19
826,72.0,0.08,92.0,54.78,7.39,0.2
827,80.0,0.04,96.0,43.77,10.12,0.19
828,88.0,0.06,94.0,23.43,10.09,0.21
829,68.0,0.03,97.0,105.07,12.41,0.19
830,90.0,0.01,99.0,43.27,8.73,0.2
831,80.0,0.04,96.0,76.12,7.14,0.19
832,-6.0,0.05,95.0,190.13,10.15,0.21
833,76.0,0.04,96.0,73.41,8.94,0.19
834,68.0,0.05,95.0,72.97,3.85,0.2
835,82.0,0.07,93.0,40.89,8.65,0.19
836,78.0,0.05,95.0,37.56,11.1,0.19
837,88.0,0.04,96.0,38.63,6.69,0.2
838,90.0,0.04,96.0,36.02,2.11,0.19
839,76.0,0.06,94.0,58.21,8.76,0.19
840,90.0,0.02,98.0,41.82,4.66,0.2
841,84.0,0.04,96.0,42.3,8.59,0.19
842,94.0,0.03,97.0,25.06,8.64,0.19
843,94.0,0.03,97.0,38.72,2.43,0.19
844,80.0,0.03,97.0,51.95,8.78,0.19
845,86.0,0.02,98.0,46.93,5.55,0.19
846,86.0,0.04,96.0,47.21,5.04,0.19
847,68.0,0.03,97.0,88.75,7.75,0.19
848,90.0,0.04,96.0,31.4,4.55,0.19
849,74.0,0.05,95.0,70.37,5.99,0.2
850,84.0,0.07,93.0,30.08,3.76,0.22
851,80.0,0.07,93.0,50.09,5.39,0.21
852,80.0,0.02,98.0,57.81,5.96,0.19
853,82.0,0.03,97.0,47.69,7.56,0.23
854,92.0,0.0,100.0,48.83,5.73,0.19
855,90.0,0.03,97.0,29.8,4.22,0.21
856,68.0,0.04,96.0,83.72,8.2,0.2
857,82.0,0.05,95.0,36.64,4.56,0.19
858,66.0,0.05,95.0,78.36,8.4,0.2
859,88.0,0.05,95.0,38.38,5.25,0.2
860,94.0,0.02,98.0,18.48,6.34,0.2
861,82.0,0.03,97.0,56.93,9.79,0.21
862,88.0,0.05,95.0,52.15,14.74,0.19
863,92.0,0.02,98.0,30.92,4.8,0.2
864,90.0,0.03,97.0,32.72,13.22,0.2
865,-54.0,0.18,82.0,261.1,7.5,0.24
866,62.0,0.06,94.0,90.85,2.11,0.21
867,84.0,0.04,96.0,56.11,10.88,0.19
868,80.0,0.06,94.0,54.65,4.75,0.19
869,78.0,0.03,97.0,49.69,4.46,0.2
870,88.0,0.03,97.0,36.85,2.65,0.19
871,88.0,0.02,98.0,21.22,9.02,0.2
872,82.0,0.01,99.0,44.76,5.58,0.2
873,92.0,0.01,99.0,35.47,1.96,0.2
874,84.0,0.01,99.0,46.96,6.85,0.2
875,92.0,0.0,100.0,44.5,4.82,0.2
876,84.0,0.02,98.0,52.91,6.18,0.2
877,90.0,0.05,95.0,19.53,5.56,0.19
878,76.0,0.03,97.0,60.59,6.68,0.2
879,82.0,0.01,99.0,42.49,7.08,0.2
880,64.0,0.1,90.0,64.87,10.49,0.19
881,90.0,0.03,97.0,43.91,4.46,0.2
882,82.0,0.02,98.0,62.67,6.84,0.19
883,88.0,0.02,98.0,46.1,6.71,0.2
884,76.0,0.03,97.0,55.66,11.71,0.19
885,84.0,0.04,96.0,40.1,8.0,0.2
886,88.0,0.03,97.0,34.93,11.82,0.2
887,80.0,0.08,92.0,45.11,6.95,0.19
888,68.0,0.04,96.0,66.45,5.29,0.21
889,80.0,0.02,98.0,46.79,2.38,0.2
890,76.0,0.05,95.0,40.95,11.28,0.19
891,82.0,0.04,96.0,54.42,1.85,0.2
892,88.0,0.02,98.0,53.6,7.87,0.2
893,94.0,0.0,100.0,33.02,12.29,0.2
894,94.0,0.03,97.0,23.96,10.75,0.19
895,84.0,0.02,98.0,49.0,8.96,0.19
896,92.0,0.04,96.0,31.24,5.17,0.19
897,90.0,0.03,97.0,23.81,6.37,0.2
898,92.0,0.02,98.0,37.91,5.76,0.2
899,88.0,0.03,97.0,32.62,10.9,0.2
900,84.0,0.05,95.0,46.61,10.16,0.2
901,72.0,0.01,99.0,56.25,12.61,0.19
902,88.0,0.01,99.0,45.43,8.35,0.2
903,88.0,0.03,97.0,37.06,9.78,0.2
904,84.0,0.04,96.0,41.42,2.19,0.2
905,58.0,0.05,95.0,95.83,5.81,0.2
906,94.0,0.01,99.0,28.42,8.65,0.2
907,94.0,0.03,97.0,15.94,13.9,0.2
908,86.0,0.01,99.0,59.54,8.13,0.21
909,74.0,0.05,95.0,77.7,4.85,0.19
910,88.0,0.02,98.0,68.64,5.21,0.2
911,84.0,0.02,98.0,51.14,6.04,0.2
912,76.0,0.04,96.0,65.5,7.1,0.2
913,88.0,0.03,97.0,59.75,5.11,0.2
914,88.0,0.01,99.0,60.24,2.07,0.2
915,90.0,0.03,97.0,30.11,2.54,0.19
916,80.0,0.01,99.0,64.64,9.01,0.2
917,82.0,0.03,97.0,40.56,6.39,0.2
918,56.0,0.0,100.0,93.98,8.56,0.2
919,92.0,0.01,99.0,40.81,7.1,0.2
920,84.0,0.01,99.0,50.98,10.55,0.2
921,82.0,0.01,99.0,37.55,7.02,0.19
922,82.0,0.02,98.0,63.73,7.03,0.2
923,78.0,0.06,94.0,60.31,8.48,0.18
924,94.0,0.01,99.0,38.2,5.04,0.2
925,92.0,0.01,99.0,30.22,3.54,0.2
926,96.0,0.0,100.0,25.3,10.96,0.19
927,80.0,0.04,96.0,46.17,2.94,0.2
928,84.0,0.03,97.0,36.26,8.8,0.2
929,96.0,0.01,99.0,14.73,5.95,0.2
930,84.0,0.02,98.0,48.16,9.56,0.2
931,82.0,0.03,97.0,31.72,12.54,0.2
932,78.0,0.06,94.0,57.3,5.01,0.21
933,80.0,0.05,95.0,57.13,7.55,0.21
934,88.0,0.01,99.0,64.01,4.28,0.2
935,88.0,0.03,97.0,41.94,9.73,0.2
936,88.0,0.0,100.0,46.34,8.9,0.2
937,94.0,0.01,99.0,27.88,14.95,0.21
938,94.0,0.01,99.0,35.23,12.25,0.2
939,86.0,0.03,97.0,51.42,6.44,0.2
940,92.0,0.03,97.0,47.83,4.53,0.2
941,80.0,0.05,95.0,53.54,8.71,0.19
942,78.0,0.03,97.0,71.83,5.13,0.2
943,92.0,0.02,98.0,37.41,6.48,0.2
944,86.0,0.01,99.0,49.48,5.17,0.2
945,90.0,0.03,97.0,28.96,9.22,0.2
946,84.0,0.01,99.0,58.83,7.58,0.21
947,86.0,0.01,99.0,57.11,1.56,0.2
948,92.0,0.01,99.0,24.49,4.28,0.2
949,78.0,0.03,97.0,82.33,6.2,0.2
950,94.0,0.01,99.0,27.97,11.19,0.2
951,96.0,0.02,98.0,15.61,8.84,0.21
952,96.0,0.01,99.0,28.55,3.84,0.2
953,94.0,0.01,99.0,37.05,14.3,0.2
954,72.0,0.02,98.0,75.52,6.12,0.2
955,92.0,0.02,98.0,46.05,4.58,0.2
956,92.0,0.02,98.0,37.7,11.94,0.21
957,90.0,0.01,99.0,35.99,6.44,0.19
958,76.0,0.04,96.0,54.27,2.69,0.2
959,70.0,0.04,96.0,90.73,12.46,0.19
960,86.0,0.02,98.0,40.41,10.91,0.2
961,88.0,0.0,100.0,48.29,11.54,0.2
962,84.0,0.02,98.0,41.48,9.61,0.2
963,78.0,0.02,98.0,58.29,4.48,0.2
964,62.0,0.04,96.0,72.96,13.58,0.2
965,94.0,0.01,99.0,33.07,3.18,0.21
966,88.0,0.02,98.0,40.24,7.14,0.2
967,96.0,0.0,100.0,26.44,3.95,0.2
968,80.0,0.0,100.0,67.16,8.46,0.21
969,98.0,0.0,100.0,17.79,3.96,0.2
970,84.0,0.05,95.0,34.35,8.35,0.2
971,88.0,0.0,100.0,43.8,6.09,0.21
972,82.0,0.02,98.0,59.14,4.02,0.2
973,92.0,0.01,99.0,41.15,7.91,0.2
974,86.0,0.02,98.0,38.11,3.92,0.21
975,88.0,0.02,98.0,46.91,9.26,0.21
976,86.0,0.0,100.0,55.49,9.38,0.21
977,90.0,0.0,100.0,44.06,9.46,0.25
978,94.0,0.01,99.0,37.71,5.01,0.25
979,88.0,0.01,99.0,39.95,11.2,0.23
980,76.0,0.0,100.0,71.64,4.99,0.25
981,82.0,0.0,100.0,79.45,7.29,0.25
982,90.0,0.02,98.0,30.62,4.18,0.22
983,74.0,0.03,97.0,45.18,2.89,0.2
984,94.0,0.01,99.0,33.37,2.67,0.2
985,94.0,0.01,99.0,28.89,3.0,0.23
986,96.0,0.0,100.0,47.48,8.96,0.25
987,92.0,0.01,99.0,25.5,3.99,0.24
988,66.0,0.03,97.0,73.21,1.37,0.38
989,84.0,0.01,99.0,52.15,9.66,0.24
990,90.0,0.02,98.0,27.67,2.02,0.23
991,80.0,0.03,97.0,27.54,1.96,0.24
992,76.0,0.04,96.0,60.45,7.58,0.29
993,86.0,0.0,100.0,45.99,13.58,0.22
994,82.0,0.02,98.0,48.62,4.61,0.2
995,90.0,0.01,99.0,53.6,11.61,0.22
996,82.0,0.01,99.0,53.49,11.8,0.2
997,84.0,0.01,99.0,61.66,8.97,0.2
998,96.0,0.01,99.0,37.19,4.06,0.2
999,74.0,0.01,99.0,73.54,6.73,0.21
1000,100.0,0.0,100.0,14.54,6.88,0.2
1001,82.0,0.01,99.0,55.07,4.55,0.21
1002,92.0,0.0,100.0,55.98,10.66,0.19
1003,84.0,0.02,98.0,54.29,11.29,0.2
1004,86.0,0.01,99.0,63.7,11.05,0.21
1005,82.0,0.01,99.0,64.12,10.19,0.24
1006,74.0,0.0,100.0,85.51,7.85,0.21
1007,84.0,0.01,99.0,47.46,2.51,0.22
1008,84.0,0.02,98.0,46.52,3.87,0.2
1009,76.0,0.01,99.0,60.9,6.61,0.23
1010,82.0,0.01,99.0,67.72,9.29,0.22
1011,72.0,0.01,99.0,55.05,4.18,0.23
1012,94.0,0.02,98.0,22.01,10.16,0.21
1013,96.0,0.01,99.0,19.03,2.31,0.19
1014,82.0,0.03,97.0,47.51,13.2,0.2
1015,96.0,0.01,99.0,33.72,13.73,0.2
1016,72.0,0.01,99.0,58.2,2.07,0.2
1017,78.0,0.01,99.0,71.35,8.77,0.2
1018,40.0,0.02,98.0,92.56,8.0,0.23
1019,94.0,0.0,100.0,26.16,4.0,0.19
1020,92.0,0.0,100.0,49.11,3.97,0.2
1021,90.0,0.02,98.0,30.28,11.18,0.19
1022,90.0,0.03,97.0,35.88,7.76,0.2
1023,10.0,0.08,92.0,137.83,7.28,0.23
1024,94.0,0.01,99.0,45.43,10.75,0.19
1025,98.0,0.0,100.0,25.59,14.8,0.2
1026,88.0,0.0,100.0,39.53,9.71,0.21
1027,90.0,0.01,99.0,40.76,5.05,0.2
1028,94.0,0.02,98.0,28.04,2.26,0.2
1029,84.0,0.03,97.0,40.08,4.25,0.19
1030,88.0,0.02,98.0,53.53,9.77,0.2
1031,86.0,0.0,100.0,41.7,3.66,0.21
1032,92.0,0.01,99.0,37.87,2.61,0.23
1033,90.0,0.04,96.0,27.36,13.96,0.19
1034,98.0,0.0,100.0,32.41,13.84,0.21
1035,84.0,0.01,99.0,58.22,14.87,0.2
1036,80.0,0.01,99.0,56.33,10.09,0.2
1037,88.0,0.0,100.0,50.24,3.17,0.22
1038,86.0,0.01,99.0,63.04,8.12,0.2
1039,90.0,0.01,99.0,34.79,8.0,0.21
1040,78.0,0.03,97.0,55.46,9.47,0.2
1041,74.0,0.02,98.0,55.75,9.51,0.21
1042,78.0,0.01,99.0,49.78,2.08,0.21
1043,92.0,0.01,99.0,60.34,5.38,0.21
1044,88.0,0.03,97.0,52.15,5.91,0.2
1045,64.0,0.0,100.0,82.55,8.7,0.2
1046,86.0,0.02,98.0,27.2,14.43,0.21
1047,82.0,0.01,99.0,35.07,13.55,0.21
1048,88.0,0.01,99.0,44.42,9.13,0.21
1049,92.0,0.0,100.0,35.28,12.86,0.21
1050,94.0,0.01,99.0,36.03,4.0,0.21
1051,90.0,0.02,98.0,35.83,5.32,0.21
1052,84.0,0.0,100.0,59.15,6.48,0.21
1053,98.0,0.01,99.0,33.53,6.52,0.2
1054,78.0,0.0,100.0,69.79,11.12,0.21
1055,90.0,0.02,98.0,38.77,9.35,0.2
1056,94.0,0.02,98.0,36.94,2.44,0.2
1057,88.0,0.03,97.0,33.37,2.35,0.21
1058,94.0,0.01,99.0,19.13,4.0,0.2
1059,94.0,0.01,99.0,46.38,5.88,0.21
1060,62.0,0.0,100.0,91.36,2.32,0.22
1061,90.0,0.01,99.0,33.68,7.81,0.21
1062,90.0,0.0,100.0,72.09,6.77,0.21
1063,76.0,0.01,99.0,85.33,6.69,0.21
1064,98.0,0.01,99.0,31.92,11.39,0.21
1065,82.0,0.02,98.0,55.45,4.07,0.22
1066,76.0,0.01,99.0,71.85,5.72,0.21
1067,96.0,0.02,98.0,26.55,9.14,0.2
1068,86.0,0.01,99.0,49.38,11.45,0.21
1069,82.0,0.02,98.0,39.64,5.08,0.21
1070,84.0,0.02,98.0,60.38,14.65,0.21
1071,92.0,0.01,99.0,33.08,9.05,0.22
1072,98.0,0.01,99.0,21.07,10.81,0.22
1073,98.0,0.0,100.0,13.37,7.71,0.2
1074,90.0,0.02,98.0,44.63,5.6,0.19
1075,80.0,0.02,98.0,56.61,14.04,0.2
1076,66.0,0.0,100.0,82.82,10.88,0.21
1077,86.0,0.0,100.0,40.35,10.58,0.2
1078,96.0,0.0,100.0,30.23,11.06,0.21
1079,94.0,0.0,100.0,26.29,13.95,0.22
1080,58.0,0.02,98.0,86.71,7.39,0.22
1081,84.0,0.0,100.0,56.98,8.03,0.2
1082,86.0,0.04,96.0,41.96,12.52,0.19
1083,22.0,0.08,92.0,116.98,13.15,0.21
1084,88.0,0.0,100.0,63.72,8.76,0.2
1085,98.0,0.0,100.0,28.73,9.45,0.2
1086,92.0,0.01,99.0,36.19,4.42,0.21
1087,90.0,0.0,100.0,43.01,7.36,0.2
1088,82.0,0.01,99.0,64.65,13.82,0.21
1089,100.0,0.0,100.0,21.86,7.02,0.22
1090,50.0,0.03,97.0,103.66,15.02,0.21
1091,82.0,0.02,98.0,35.86,3.82,0.2
1092,66.0,0.02,98.0,68.15,2.6,0.21
1093,88.0,0.02,98.0,39.47,7.27,0.2
1094,86.0,0.02,98.0,43.67,13.98,0.2
1095,98.0,0.01,99.0,36.85,10.89,0.2
1096,82.0,0.05,95.0,40.72,4.27,0.2
1097,96.0,0.0,100.0,31.55,6.15,0.21
1098,86.0,0.01,99.0,35.3,7.72,0.21
1099,74.0,0.03,97.0,81.26,10.63,0.22
1100,88.0,0.0,100.0,39.24,5.0,0.2
1101,96.0,0.01,99.0,26.19,5.05,0.2
1102,98.0,0.0,100.0,8.78,3.99,0.2
1103,92.0,0.0,100.0,49.23,6.24,0.2
1104,90.0,0.02,98.0,54.37,10.78,0.2
1105,98.0,0.01,99.0,23.1,11.82,0.21
1106,88.0,0.01,99.0,39.82,8.57,0.21
1107,54.0,0.07,93.0,78.36,1.29,0.24
1108,30.0,0.05,95.0,126.34,9.78,0.23
1109,94.0,0.01,99.0,42.92,9.09,0.21
1110,96.0,0.0,100.0,26.47,12.45,0.2
1111,82.0,0.03,97.0,50.45,3.9,0.22
1112,88.0,0.0,100.0,50.75,9.37,0.2
1113,94.0,0.0,100.0,33.16,11.3,0.2
1114,88.0,0.02,98.0,41.91,6.06,0.21
1115,88.0,0.03,97.0,17.27,2.02,0.21
1116,92.0,0.01,99.0,36.72,11.03,0.21
1117,80.0,0.03,97.0,59.89,8.41,0.21
1118,92.0,0.0,100.0,34.74,12.28,0.21
1119,92.0,0.01,99.0,37.93,10.46,0.2
1120,86.0,0.03,97.0,26.15,8.0,0.22
1121,94.0,0.0,100.0,36.81,11.01,0.21
1122,84.0,0.0,100.0,43.87,14.16,0.21
1123,96.0,0.01,99.0,37.09,10.67,0.26
1124,94.0,0.01,99.0,56.16,8.67,0.19
1125,70.0,0.01,99.0,73.14,10.85,0.22
1126,82.0,0.06,94.0,42.73,1.39,0.21
1127,86.0,0.01,99.0,52.51,5.94,0.2
1128,98.0,0.0,100.0,32.22,12.84,0.2
1129,82.0,0.02,98.0,56.74,11.27,0.21
1130,58.0,0.01,99.0,111.16,9.94,0.21
1131,90.0,0.0,100.0,63.88,7.46,0.2
1132,98.0,0.01,99.0,20.76,4.2,0.2
1133,88.0,0.02,98.0,44.2,9.51,0.19
1134,98.0,0.01,99.0,13.3,4.15,0.21
1135,96.0,0.0,100.0,25.23,1.98,0.21
1136,80.0,0.0,100.0,72.12,9.66,0.2
1137,40.0,0.03,97.0,86.38,3.9,0.22
1138,96.0,0.0,100.0,17.3,3.94,0.21
1139,100.0,0.0,100.0,45.83,8.7,0.2
1140,76.0,0.01,99.0,92.15,7.66,0.21
1141,98.0,0.01,99.0,26.93,8.09,0.23
1142,86.0,0.0,100.0,24.58,8.32,0.19
1143,90.0,0.03,97.0,12.7,3.97,0.2
1144,98.0,0.0,100.0,24.51,9.6,0.2
1145,96.0,0.0,100.0,19.13,10.41,0.23
1146,92.0,0.0,100.0,56.62,8.12,0.21
1147,96.0,0.0,100.0,30.58,4.24,0.2
1148,90.0,0.04,96.0,48.46,3.15,0.2
1149,96.0,0.01,99.0,25.73,9.21,0.2
1150,80.0,0.0,100.0,70.02,11.72,0.2
1151,92.0,0.01,99.0,47.76,10.7,0.2
1152,94.0,0.0,100.0,18.63,15.7,0.23
1153,94.0,0.02,98.0,31.9,10.54,0.25
1154,82.0,0.02,98.0,52.39,5.91,0.24
1155,80.0,0.02,98.0,46.34,8.26,0.23
1156,88.0,0.03,97.0,32.02,3.47,0.24
1157,54.0,0.02,98.0,71.77,1.33,0.23
1158,-50.0,0.14,86.0,228.15,7.42,0.25
1159,90.0,0.02,98.0,37.32,11.71,0.23
1160,86.0,0.02,98.0,39.61,9.15,0.22
1161,92.0,0.01,99.0,30.85,3.76,0.21
1162,96.0,0.0,100.0,44.66,11.6,0.23
1163,90.0,0.01,99.0,42.0,7.85,0.2
1164,90.0,0.01,99.0,41.03,12.0,0.21
1165,98.0,0.01,99.0,42.24,7.29,0.23
1166,100.0,0.0,100.0,22.91,12.04,0.2
1167,94.0,0.0,100.0,41.11,11.33,0.21
1168,56.0,0.03,97.0,93.03,10.94,0.21
1169,92.0,0.01,99.0,36.25,2.31,0.21
1170,90.0,0.01,99.0,33.03,11.03,0.2
1171,92.0,0.02,98.0,25.98,5.55,0.2
1172,98.0,0.0,100.0,34.87,10.88,0.2
1173,100.0,0.0,100.0,32.57,2.19,0.2
1174,-76.0,0.09,91.0,269.59,7.65,0.25
1175,94.0,0.02,98.0,44.67,6.58,0.2
1176,92.0,0.02,98.0,48.39,9.67,0.2
1177,90.0,0.01,99.0,48.3,8.42,0.2
1178,92.0,0.0,100.0,42.95,1.9,0.21
1179,92.0,0.01,99.0,34.89,4.89,0.21
1180,98.0,0.01,99.0,27.36,11.87,0.21
1181,88.0,0.03,97.0,34.63,7.96,0.21
1182,90.0,0.02,98.0,31.55,2.16,0.21
1183,92.0,0.0,100.0,27.05,5.48,0.23
1184,38.0,0.06,94.0,102.89,13.57,0.34
1185,84.0,0.03,97.0,34.4,4.44,0.34
1186,92.0,0.0,100.0,34.13,9.81,0.24
1187,76.0,0.02,98.0,45.61,8.72,0.22
1188,86.0,0.02,98.0,53.45,8.44,0.23
1189,84.0,0.02,98.0,48.62,11.67,0.21
1190,86.0,0.0,100.0,51.62,2.94,0.22
1191,94.0,0.02,98.0,16.55,8.05,0.21
1192,92.0,0.01,99.0,42.66,9.97,0.2
1193,80.0,0.03,97.0,68.06,8.66,0.2
1194,92.0,0.01,99.0,39.17,4.89,0.21
1195,92.0,0.0,100.0,52.16,6.46,0.23
1196,92.0,0.01,99.0,26.52,9.55,0.2
1197,86.0,0.02,98.0,28.54,7.94,0.21
1198,94.0,0.0,100.0,39.08,12.78,0.2
1199,100.0,0.0,100.0,31.4,3.65,0.2
1200,84.0,0.03,97.0,55.67,8.88,0.22
1201,98.0,0.0,100.0,36.51,9.12,0.21
1202,68.0,0.04,96.0,81.09,13.04,0.2
1203,96.0,0.0,100.0,31.43,6.76,0.21
1204,98.0,0.0,100.0,26.84,15.04,0.21
1205,84.0,0.01,99.0,53.47,8.37,0.21
1206,88.0,0.03,97.0,43.85,5.58,0.2
1207,96.0,0.01,99.0,25.63,2.02,0.21
1208,32.0,0.04,96.0,112.02,7.14,0.24
1209,100.0,0.0,100.0,21.39,12.0,0.21
1210,86.0,0.03,97.0,37.5,4.99,0.21
1211,92.0,0.0,100.0,53.98,7.69,0.2
1212,98.0,0.0,100.0,27.65,5.75,0.21
1213,96.0,0.01,99.0,23.56,10.61,0.2
1214,74.0,0.0,100.0,56.03,11.16,0.23
1215,90.0,0.0,100.0,54.66,9.42,0.21
1216,96.0,0.0,100.0,51.08,13.04,0.21
1217,84.0,0.01,99.0,46.37,13.23,0.22
1218,82.0,0.02,98.0,64.95,6.4,0.22
1219,72.0,0.02,98.0,68.77,7.87,0.22
1220,96.0,0.0,100.0,21.46,3.91,0.21
1221,90.0,0.0,100.0,49.6,14.64,0.24
1222,88.0,0.0,100.0,38.55,4.61,0.22
1223,88.0,0.02,98.0,46.89,3.0,0.21
1224,96.0,0.0,100.0,43.96,10.72,0.25
1225,86.0,0.0,100.0,47.65,11.92,0.21
1226,94.0,0.02,98.0,33.42,4.18,0.2
1227,94.0,0.01,99.0,50.9,7.95,0.23
1228,96.0,0.01,99.0,34.3,4.99,0.2
1229,90.0,0.02,98.0,44.52,3.08,0.2
1230,92.0,0.0,100.0,51.87,5.34,0.2
1231,2.0,0.1,90.0,160.57,4.97,0.23
1232,72.0,0.0,100.0,68.72,4.62,0.2
1233,-14.0,0.09,91.0,189.57,6.89,0.24
1234,86.0,0.0,100.0,58.61,8.93,0.21
1235,92.0,0.02,98.0,32.08,5.18,0.2
1236,98.0,0.0,100.0,44.16,3.23,0.21
1237,90.0,0.01,99.0,54.16,9.7,0.2
1238,100.0,0.0,100.0,15.48,3.43,0.2
1239,94.0,0.0,100.0,37.14,7.11,0.2
1240,86.0,0.03,97.0,45.46,6.06,0.26
1241,88.0,0.03,97.0,57.27,4.94,0.21
1242,92.0,0.01,99.0,48.99,1.58,0.24
1243,74.0,0.01,99.0,58.18,12.59,0.28
1244,86.0,0.0,100.0,47.38,6.05,0.21
1245,88.0,0.01,99.0,25.86,4.0,0.21
1246,94.0,0.01,99.0,37.57,8.85,0.2
1247,94.0,0.0,100.0,44.26,10.28,0.2
1248,84.0,0.0,100.0,58.09,4.47,0.21
1249,88.0,0.04,96.0,20.99,4.68,0.21
1250,94.0,0.0,100.0,48.86,4.37,0.2
1251,0.0,0.08,92.0,155.46,1.43,0.23
1252,96.0,0.01,99.0,33.04,1.97,0.24
1253,92.0,0.0,100.0,64.22,8.11,0.21
1254,80.0,0.02,98.0,49.49,2.41,0.2
1255,92.0,0.01,99.0,35.72,7.46,0.21
1256,76.0,0.01,99.0,68.69,5.71,0.23
1257,80.0,0.0,100.0,36.89,4.14,0.29
1258,96.0,0.0,100.0,28.41,6.56,0.27
1259,86.0,0.01,99.0,50.13,4.86,0.3
1260,24.0,0.05,95.0,129.33,6.99,0.26
1261,90.0,0.01,99.0,29.25,4.57,0.23
1262,88.0,0.03,97.0,47.68,3.15,0.21
1263,72.0,0.01,99.0,79.02,10.06,0.21
1264,92.0,0.01,99.0,52.93,9.41,0.21
1265,82.0,0.01,99.0,52.92,13.24,0.21
1266,80.0,0.02,98.0,70.77,14.14,0.21
1267,86.0,0.02,98.0,53.41,4.33,0.2
1268,98.0,0.0,100.0,26.5,4.61,0.24
1269,96.0,0.01,99.0,21.39,4.82,0.28
1270,60.0,0.01,99.0,80.88,12.48,0.23
1271,92.0,0.02,98.0,28.24,7.31,0.24
1272,92.0,0.0,100.0,63.3,8.54,0.21
1273,94.0,0.01,99.0,52.81,13.7,0.23
1274,86.0,0.03,97.0,42.08,1.58,0.22
1275,94.0,0.02,98.0,42.91,6.48,0.21
1276,90.0,0.01,99.0,37.14,4.63,0.21
1277,60.0,0.02,98.0,94.22,9.88,0.21
1278,92.0,0.01,99.0,52.36,6.34,0.2
1279,84.0,0.02,98.0,72.01,1.65,0.24
1280,96.0,0.01,99.0,20.83,6.08,0.19
1281,98.0,0.0,100.0,19.46,4.8,0.2
1282,100.0,0.0,100.0,16.59,4.16,0.2
1283,94.0,0.01,99.0,30.82,4.27,0.21
1284,82.0,0.01,99.0,44.32,3.89,0.2
1285,88.0,0.02,98.0,35.65,6.27,0.2
1286,84.0,0.01,99.0,56.67,7.6,0.21
1287,94.0,0.02,98.0,37.1,7.12,0.19
1288,92.0,0.0,100.0,72.5,8.23,0.2
1289,82.0,0.01,99.0,52.89,11.07,0.21
1290,92.0,0.0,100.0,27.43,9.91,0.2
1291,88.0,0.0,100.0,45.57,5.89,0.21
1292,78.0,0.01,99.0,51.48,15.52,0.21
1293,86.0,0.0,100.0,51.96,8.72,0.21
1294,98.0,0.01,99.0,25.45,9.45,0.22
1295,90.0,0.01,99.0,51.22,5.78,0.23
1296,78.0,0.02,98.0,53.6,3.84,0.23
1297,96.0,0.0,100.0,20.03,7.85,0.21
1298,94.0,0.0,100.0,20.16,2.0,0.21
1299,80.0,0.03,97.0,50.94,15.4,0.21
1300,86.0,0.01,99.0,36.63,6.34,0.21
1301,92.0,0.0,100.0,44.08,4.15,0.22
1302,92.0,0.0,100.0,52.56,11.44,0.2
1303,84.0,0.03,97.0,60.11,3.44,0.24
1304,98.0,0.0,100.0,21.81,4.2,0.23
1305,92.0,0.02,98.0,38.87,4.2,0.23
1306,88.0,0.0,100.0,62.06,8.15,0.25
1307,96.0,0.01,99.0,48.82,6.83,0.26
1308,96.0,0.0,100.0,47.31,9.56,0.21
1309,88.0,0.0,100.0,54.97,8.58,0.31
1310,84.0,0.01,99.0,70.38,5.48,0.23
1311,86.0,0.0,100.0,59.66,3.7,0.21
1312,76.0,0.01,99.0,53.45,6.58,0.21
1313,82.0,0.01,99.0,46.59,2.28,0.21
1314,90.0,0.02,98.0,24.85,3.76,0.21
1315,96.0,0.01,99.0,38.73,5.58,0.25
1316,94.0,0.01,99.0,26.56,7.19,0.25
1317,84.0,0.04,96.0,49.78,12.33,0.24
1318,96.0,0.01,99.0,25.14,5.77,0.24
1319,94.0,0.0,100.0,49.35,2.42,0.2
1320,98.0,0.01,99.0,24.98,3.0,0.22
1321,86.0,0.01,99.0,34.61,8.63,0.21
1322,90.0,0.0,100.0,65.46,5.06,0.21
1323,94.0,0.01,99.0,27.37,15.92,0.2
1324,90.0,0.0,100.0,37.23,3.29,0.22
1325,96.0,0.0,100.0,30.69,8.38,0.22
1326,88.0,0.0,100.0,45.79,7.6,0.21
1327,94.0,0.0,100.0,53.66,4.55,0.26
1328,90.0,0.02,98.0,44.02,8.82,0.24
1329,90.0,0.02,98.0,32.84,2.91,0.22
1330,88.0,0.01,99.0,34.46,11.58,0.23
1331,98.0,0.0,100.0,31.92,5.16,0.22
1332,100.0,0.0,100.0,12.88,9.16,0.2
1333,98.0,0.0,100.0,33.94,6.2,0.2
1334,98.0,0.01,99.0,28.11,14.46,0.2
1335,86.0,0.03,97.0,37.48,5.58,0.19
1336,96.0,0.0,100.0,59.35,9.6,0.21
1337,90.0,0.0,100.0,38.67,3.98,0.2
1338,76.0,0.01,99.0,75.54,8.05,0.21
1339,88.0,0.02,98.0,31.47,6.33,0.21
1340,82.0,0.0,100.0,53.77,7.08,0.2
1341,38.0,0.03,97.0,122.89,3.39,0.24
1342,78.0,0.01,99.0,48.75,7.93,0.2
1343,90.0,0.0,100.0,30.82,3.3,0.2
1344,94.0,0.02,98.0,24.87,15.99,0.2
1345,76.0,0.05,95.0,44.15,2.72,0.2
1346,90.0,0.01,99.0,56.62,1.43,0.2
1347,88.0,0.03,97.0,27.75,7.73,0.21
1348,94.0,0.0,100.0,28.91,4.56,0.23
1349,92.0,0.02,98.0,38.99,3.82,0.23
1350,90.0,0.01,99.0,47.76,10.45,0.21
1351,82.0,0.01,99.0,57.71,4.73,0.2
1352,76.0,0.03,97.0,48.62,3.26,0.2
1353,86.0,0.01,99.0,40.52,6.81,0.2
1354,88.0,0.03,97.0,45.66,16.0,0.2
1355,86.0,0.01,99.0,43.46,13.03,0.2
1356,62.0,0.0,100.0,76.25,5.1,0.23
1357,86.0,0.01,99.0,35.58,2.58,0.21
1358,88.0,0.01,99.0,40.49,3.76,0.2
1359,98.0,0.0,100.0,15.41,8.0,0.21
1360,92.0,0.0,100.0,41.35,4.75,0.2
1361,84.0,0.02,98.0,52.69,3.76,0.21
1362,86.0,0.02,98.0,45.17,6.76,0.2
1363,98.0,0.0,100.0,34.95,4.4,0.21
1364,92.0,0.01,99.0,37.64,8.57,0.2
1365,92.0,0.02,98.0,47.27,5.49,0.2
1366,94.0,0.02,98.0,24.42,6.73,0.2
1367,94.0,0.01,99.0,30.77,3.2,0.21
1368,50.0,0.05,95.0,85.7,13.89,0.21
1369,96.0,0.0,100.0,41.85,1.75,0.19
1370,46.0,0.07,93.0,96.09,8.85,0.21
1371,66.0,0.02,98.0,66.07,1.7,0.22
1372,90.0,0.03,97.0,41.1,8.03,0.19
1373,96.0,0.0,100.0,30.67,4.86,0.21
1374,86.0,0.01,99.0,48.13,7.6,0.2
1375,88.0,0.02,98.0,31.2,6.96,0.2
1376,92.0,0.0,100.0,29.8,7.22,0.21
1377,90.0,0.01,99.0,46.92,11.39,0.21
1378,88.0,0.0,100.0,67.68,2.26,0.21
1379,94.0,0.01,99.0,44.59,7.73,0.21
1380,80.0,0.01,99.0,56.4,2.88,0.22
1381,98.0,0.0,100.0,32.51,7.51,0.21
1382,96.0,0.01,99.0,19.39,2.22,0.2
1383,88.0,0.02,98.0,53.85,5.01,0.2
1384,90.0,0.01,99.0,42.79,3.21,0.22
1385,88.0,0.03,97.0,52.11,2.31,0.22
1386,98.0,0.0,100.0,32.06,2.58,0.24
1387,76.0,0.0,100.0,73.58,7.43,0.22
1388,32.0,0.09,91.0,127.05,14.62,0.24
1389,92.0,0.02,98.0,22.02,3.93,0.2
1390,82.0,0.02,98.0,63.41,3.31,0.2
1391,92.0,0.01,99.0,44.46,9.29,0.22
1392,92.0,0.0,100.0,43.11,13.12,0.23
1393,90.0,0.0,100.0,50.75,5.19,0.2
1394,86.0,0.02,98.0,53.22,6.24,0.22
1395,90.0,0.0,100.0,48.37,9.16,0.27
1396,98.0,0.01,99.0,26.54,11.45,0.23
1397,82.0,0.0,100.0,70.08,2.58,0.22
1398,96.0,0.0,100.0,35.65,8.9,0.2
1399,86.0,0.01,99.0,63.66,5.53,0.22
1400,94.0,0.0,100.0,34.59,10.62,0.21
1401,90.0,0.0,100.0,46.34,6.38,0.24
1402,90.0,0.01,99.0,33.77,4.81,0.2
1403,92.0,0.03,97.0,28.01,8.48,0.21
1404,92.0,0.02,98.0,26.16,10.95,0.2
1405,90.0,0.0,100.0,53.12,8.49,0.22
1406,96.0,0.01,99.0,30.81,6.89,0.21
1407,96.0,0.0,100.0,16.82,7.86,0.2
1408,76.0,0.02,98.0,60.39,4.42,0.22
1409,76.0,0.0,100.0,62.5,8.26,0.22
1410,90.0,0.02,98.0,33.0,13.88,0.23
1411,90.0,0.02,98.0,31.37,9.36,0.2
1412,100.0,0.0,100.0,22.39,4.0,0.22
1413,96.0,0.02,98.0,19.75,8.55,0.25
1414,12.0,0.01,99.0,157.71,15.76,0.28
1415,82.0,0.02,98.0,52.69,8.09,0.26
1416,96.0,0.01,99.0,23.14,2.27,0.23
1417,90.0,0.01,99.0,48.67,8.92,0.21
1418,92.0,0.02,98.0,26.86,7.82,0.28
1419,98.0,0.01,99.0,31.82,7.99,0.22
1420,94.0,0.0,100.0,37.24,8.46,0.22
1421,78.0,0.01,99.0,57.54,8.54,0.22
1422,72.0,0.02,98.0,75.88,2.17,0.24
1423,68.0,0.04,96.0,51.53,3.84,0.21
1424,70.0,0.01,99.0,72.82,12.67,0.2
1425,90.0,0.0,100.0,67.48,11.8,0.28
1426,92.0,0.01,99.0,33.1,11.66,0.22
1427,96.0,0.01,99.0,31.75,11.01,0.25
1428,68.0,0.02,98.0,72.39,3.24,0.29
1429,80.0,0.01,99.0,57.11,10.2,0.32
1430,90.0,0.02,98.0,31.41,3.91,0.22
1431,96.0,0.01,99.0,22.38,6.32,0.32
1432,100.0,0.0,100.0,23.77,3.85,0.3
1433,88.0,0.0,100.0,53.17,6.02,0.25
1434,92.0,0.0,100.0,40.81,3.59,0.22
1435,76.0,0.02,98.0,48.75,10.27,0.21
1436,92.0,0.02,98.0,44.31,6.2,0.21
1437,64.0,0.04,96.0,75.49,6.89,0.21
1438,92.0,0.0,100.0,41.6,4.07,0.21
1439,72.0,0.03,97.0,68.02,8.26,0.21
1440,86.0,0.02,98.0,37.26,4.32,0.2
1441,80.0,0.0,100.0,76.17,4.06,0.22
1442,92.0,0.0,100.0,41.51,2.0,0.2
1443,82.0,0.02,98.0,42.28,5.23,0.21
1444,90.0,0.0,100.0,55.58,9.56,0.21
1445,90.0,0.01,99.0,46.71,4.0,0.21
1446,92.0,0.01,99.0,28.48,8.51,0.2
1447,80.0,0.01,99.0,61.19,5.93,0.2
1448,88.0,0.01,99.0,45.96,7.89,0.21
1449,88.0,0.02,98.0,45.55,4.27,0.21
1450,94.0,0.01,99.0,38.64,10.56,0.21
1451,90.0,0.01,99.0,45.83,6.58,0.21
1452,100.0,0.0,100.0,16.39,10.4,0.21
1453,92.0,0.01,99.0,40.04,8.0,0.22
1454,84.0,0.0,100.0,45.48,8.41,0.21
1455,92.0,0.0,100.0,35.6,5.74,0.21
1456,86.0,0.01,99.0,43.37,10.75,0.2
1457,92.0,0.02,98.0,29.63,11.21,0.2
1458,90.0,0.01,99.0,44.65,9.62,0.2
1459,84.0,0.0,100.0,67.98,4.76,0.21
1460,96.0,0.01,99.0,41.55,9.41,0.2
1461,98.0,0.0,100.0,17.32,2.04,0.2
1462,88.0,0.01,99.0,34.7,2.1,0.2
1463,98.0,0.0,100.0,31.91,12.46,0.2
1464,68.0,0.02,98.0,75.9,6.16,0.22
1465,86.0,0.01,99.0,65.22,4.39,0.21
1466,86.0,0.0,100.0,52.47,3.58,0.2
1467,96.0,0.01,99.0,24.67,13.0,0.2
1468,98.0,0.0,100.0,44.53,3.77,0.21
1469,68.0,0.01,99.0,85.46,12.46,0.21
1470,82.0,0.01,99.0,65.77,12.02,0.21
1471,62.0,0.0,100.0,91.87,4.77,0.22
1472,82.0,0.01,99.0,32.55,7.99,0.2
1473,56.0,0.03,97.0,83.5,9.4,0.22
1474,88.0,0.0,100.0,36.31,1.93,0.21
1475,92.0,0.02,98.0,34.03,6.05,0.21
1476,80.0,0.02,98.0,49.85,5.36,0.22
1477,90.0,0.01,99.0,37.82,2.3,0.2
1478,92.0,0.02,98.0,18.89,9.36,0.21
1479,92.0,0.0,100.0,71.54,11.28,0.21
1480,-34.0,0.11,89.0,219.77,13.2,0.24
1481,92.0,0.01,99.0,46.89,9.79,0.2
1482,32.0,0.07,93.0,117.44,10.42,0.22
1483,88.0,0.02,98.0,62.6,7.55,0.21
1484,94.0,0.0,100.0,37.26,8.0,0.21
1485,86.0,0.0,100.0,31.27,2.54,0.21
1486,84.0,0.0,100.0,44.55,1.91,0.2
1487,98.0,0.01,99.0,30.58,5.06,0.19
1488,94.0,0.0,100.0,29.82,7.88,0.2
1489,100.0,0.0,100.0,9.85,14.3,0.2
1490,86.0,0.0,100.0,56.72,8.59,0.2
1491,88.0,0.03,97.0,40.88,10.25,0.21
1492,98.0,0.0,100.0,44.32,1.51,0.2
1493,80.0,0.01,99.0,38.5,2.8,0.2
1494,88.0,0.03,97.0,26.57,3.93,0.21
1495,88.0,0.0,100.0,51.09,13.6,0.21
1496,98.0,0.0,100.0,28.38,3.22,0.23
1497,98.0,0.0,100.0,30.39,10.15,0.24
1498,94.0,0.0,100.0,39.71,11.41,0.23
1499,92.0,0.0,100.0,45.06,10.52,0.23
1500,76.0,0.01,99.0,44.39,7.86,0.27
1501,72.0,0.01,99.0,80.54,4.03,0.3
1502,82.0,0.01,99.0,44.8,7.22,0.29
1503,88.0,0.0,100.0,44.58,10.32,0.3
1504,80.0,0.03,97.0,81.77,4.77,0.26
1505,98.0,0.01,99.0,8.83,3.99,0.23
1506,94.0,0.0,100.0,47.08,5.29,0.22
1507,88.0,0.0,100.0,44.49,1.92,0.25
1508,94.0,0.01,99.0,30.55,10.89,0.24
1509,88.0,0.0,100.0,37.28,2.13,0.21
1510,88.0,0.01,99.0,63.09,6.97,0.21
1511,94.0,0.02,98.0,29.85,5.43,0.21
1512,84.0,0.02,98.0,46.97,6.94,0.21
1513,94.0,0.01,99.0,38.11,9.74,0.25
1514,80.0,0.01,99.0,70.98,7.68,0.22
1515,92.0,0.01,99.0,32.98,6.38,0.2
1516,96.0,0.02,98.0,14.24,3.99,0.22
1517,98.0,0.01,99.0,13.84,4.49,0.2
1518,86.0,0.01,99.0,27.76,3.94,0.21
1519,92.0,0.01,99.0,46.12,14.3,0.2
1520,78.0,0.02,98.0,60.17,4.56,0.22
1521,96.0,0.0,100.0,30.19,4.52,0.21
1522,96.0,0.01,99.0,44.11,9.03,0.2
1523,96.0,0.0,100.0,16.65,2.01,0.21
1524,86.0,0.01,99.0,41.54,5.01,0.2
1525,92.0,0.0,100.0,42.86,6.58,0.21
1526,84.0,0.0,100.0,40.19,5.46,0.22
1527,92.0,0.0,100.0,63.37,10.84,0.22
1528,90.0,0.0,100.0,35.94,5.99,0.22
1529,92.0,0.02,98.0,35.32,8.81,0.28
1530,96.0,0.0,100.0,34.66,10.84,0.28
1531,76.0,0.02,98.0,56.15,7.9,0.2
1532,90.0,0.0,100.0,49.5,7.84,0.21
1533,90.0,0.0,100.0,28.71,6.88,0.21
1534,84.0,0.0,100.0,63.58,7.55,0.21
1535,82.0,0.01,99.0,54.98,5.11,0.21
1536,86.0,0.03,97.0,50.56,7.77,0.21
1537,94.0,0.02,98.0,47.44,10.04,0.26
1538,92.0,0.02,98.0,41.13,10.49,0.25
1539,96.0,0.01,99.0,31.13,4.61,0.21
1540,94.0,0.01,99.0,28.32,5.3,0.2
1541,96.0,0.0,100.0,51.09,7.9,0.24
1542,92.0,0.01,99.0,31.36,8.0,0.25
1543,90.0,0.01,99.0,61.74,7.91,0.21
1544,86.0,0.02,98.0,54.3,5.35,0.23
1545,96.0,0.02,98.0,17.15,8.47,0.21
1546,94.0,0.01,99.0,42.66,4.22,0.22
1547,82.0,0.0,100.0,42.36,11.16,0.21
1548,82.0,0.02,98.0,34.13,4.13,0.2
1549,98.0,0.0,100.0,44.08,2.25,0.2
1550,96.0,0.0,100.0,32.87,9.34,0.2
1551,92.0,0.01,99.0,30.64,6.91,0.21
1552,84.0,0.02,98.0,63.35,6.86,0.2
1553,88.0,0.0,100.0,62.53,8.2,0.2
1554,92.0,0.01,99.0,37.23,10.61,0.21
1555,92.0,0.02,98.0,43.46,2.22,0.2
1556,90.0,0.02,98.0,38.85,7.27,0.21
1557,96.0,0.0,100.0,22.24,8.67,0.2
1558,92.0,0.0,100.0,54.45,4.86,0.21
1559,82.0,0.02,98.0,47.37,2.54,0.2
1560,90.0,0.01,99.0,19.58,3.95,0.22
1561,86.0,0.0,100.0,49.8,6.1,0.21
1562,94.0,0.01,99.0,33.59,4.48,0.21
1563,80.0,0.01,99.0,54.39,7.88,0.21
1564,76.0,0.03,97.0,63.21,7.0,0.21
1565,80.0,0.0,100.0,63.33,8.4,0.21
1566,92.0,0.0,100.0,35.66,7.66,0.21
1567,100.0,0.0,100.0,26.8,5.86,0.21
1568,-18.0,0.05,95.0,215.27,14.38,0.24
1569,94.0,0.03,97.0,16.05,2.27,0.21
1570,90.0,0.01,99.0,55.74,5.1,0.2
1571,100.0,0.0,100.0,43.28,7.0,0.2
1572,92.0,0.01,99.0,40.68,4.75,0.22
1573,90.0,0.0,100.0,38.71,12.72,0.22
1574,90.0,0.02,98.0,31.13,6.65,0.23
1575,86.0,0.0,100.0,67.17,5.74,0.21
1576,92.0,0.01,99.0,39.11,4.04,0.22
1577,76.0,0.0,100.0,78.5,10.32,0.22
1578,82.0,0.01,99.0,62.95,2.12,0.23
1579,86.0,0.0,100.0,57.34,9.42,0.22
1580,90.0,0.01,99.0,32.03,8.49,0.23
1581,94.0,0.01,99.0,45.28,6.73,0.22
1582,92.0,0.0,100.0,56.1,1.58,0.24
1583,92.0,0.01,99.0,36.35,3.95,0.21
1584,80.0,0.0,100.0,37.1,2.52,0.21
1585,88.0,0.02,98.0,40.2,5.96,0.2
1586,88.0,0.01,99.0,60.16,6.83,0.21
1587,96.0,0.01,99.0,46.02,9.27,0.21
1588,96.0,0.01,99.0,26.85,9.88,0.2
1589,90.0,0.0,100.0,36.51,12.4,0.21
1590,88.0,0.0,100.0,42.17,8.08,0.2
1591,94.0,0.0,100.0,40.91,3.21,0.21
1592,94.0,0.02,98.0,28.32,7.79,0.22
1593,88.0,0.0,100.0,53.28,3.08,0.2
1594,94.0,0.0,100.0,56.45,11.8,0.2
1595,86.0,0.0,100.0,51.08,3.21,0.2
1596,94.0,0.01,99.0,56.4,6.73,0.21
1597,94.0,0.01,99.0,40.82,8.36,0.21
1598,84.0,0.0,100.0,61.37,6.08,0.2
1599,72.0,0.01,99.0,57.45,6.76,0.2
1600,98.0,0.01,99.0,25.77,14.3,0.2
1601,88.0,0.02,98.0,41.11,11.14,0.21
1602,94.0,0.0,100.0,37.03,4.26,0.2
1603,88.0,0.01,99.0,35.87,4.59,0.21
1604,96.0,0.0,100.0,15.78,7.89,0.21
1605,66.0,0.01,99.0,86.89,6.89,0.21
1606,92.0,0.0,100.0,64.06,9.19,0.21
1607,96.0,0.01,99.0,23.36,2.12,0.2
1608,96.0,0.01,99.0,36.45,2.98,0.21
1609,86.0,0.02,98.0,49.98,5.3,0.21
1610,94.0,0.01,99.0,24.52,7.99,0.22
1611,84.0,0.01,99.0,53.25,8.77,0.2
1612,78.0,0.0,100.0,59.82,7.22,0.21
1613,76.0,0.02,98.0,69.72,11.0,0.21
1614,92.0,0.02,98.0,32.76,3.8,0.21
1615,92.0,0.01,99.0,36.14,8.16,0.21
1616,88.0,0.01,99.0,33.87,11.44,0.21
1617,94.0,0.01,99.0,24.86,10.59,0.21
1618,92.0,0.0,100.0,34.3,6.56,0.22
1619,96.0,0.0,100.0,25.8,11.94,0.21
1620,94.0,0.0,100.0,36.52,7.2,0.21
1621,94.0,0.01,99.0,49.75,11.12,0.21
1622,98.0,0.0,100.0,23.87,3.94,0.21
1623,96.0,0.02,98.0,27.23,5.74,0.21
1624,90.0,0.01,99.0,58.49,11.8,0.21
1625,94.0,0.02,98.0,38.76,9.73,0.2
1626,92.0,0.0,100.0,41.17,8.01,0.21
1627,82.0,0.0,100.0,47.21,8.89,0.22
1628,92.0,0.0,100.0,55.62,5.88,0.24
1629,94.0,0.01,99.0,31.57,4.63,0.21
1630,82.0,0.01,99.0,74.14,9.58,0.2
1631,84.0,0.01,99.0,32.46,2.3,0.23
1632,82.0,0.01,99.0,63.26,5.32,0.21
1633,86.0,0.01,99.0,43.47,5.16,0.23
1634,98.0,0.01,99.0,26.79,6.74,0.21
1635,92.0,0.01,99.0,41.27,11.07,0.2
1636,94.0,0.0,100.0,43.26,7.8,0.2
1637,86.0,0.01,99.0,53.31,4.1,0.21
1638,82.0,0.0,100.0,56.38,6.88,0.21
1639,88.0,0.02,98.0,50.88,5.12,0.2
1640,98.0,0.01,99.0,28.94,8.42,0.2
1641,78.0,0.01,99.0,39.69,4.36,0.2
1642,66.0,0.02,98.0,76.33,3.42,0.21
1643,92.0,0.0,100.0,34.63,7.88,0.2
1644,78.0,0.02,98.0,70.72,7.24,0.21
1645,96.0,0.0,100.0,26.57,5.4,0.21
1646,98.0,0.0,100.0,21.08,4.1,0.2
1647,86.0,0.0,100.0,42.24,9.72,0.21
1648,82.0,0.02,98.0,56.88,6.73,0.2
1649,94.0,0.02,98.0,20.37,8.77,0.2
1650,96.0,0.02,98.0,34.54,5.0,0.21
1651,90.0,0.0,100.0,29.57,5.19,0.21
1652,98.0,0.0,100.0,34.72,5.17,0.2
1653,92.0,0.0,100.0,43.35,4.44,0.2
1654,94.0,0.01,99.0,56.82,7.65,0.2
1655,82.0,0.01,99.0,61.17,7.07,0.21
1656,98.0,0.0,100.0,29.68,7.12,0.2
1657,94.0,0.0,100.0,42.73,8.83,0.21
1658,94.0,0.0,100.0,43.6,9.98,0.21
1659,82.0,0.02,98.0,40.47,1.7,0.22
1660,96.0,0.01,99.0,34.87,8.12,0.21
1661,96.0,0.01,99.0,31.58,5.54,0.22
1662,94.0,0.0,100.0,47.12,11.03,0.21
1663,96.0,0.01,99.0,24.62,11.84,0.21
1664,92.0,0.0,100.0,43.41,2.08,0.21
1665,98.0,0.01,99.0,41.48,11.52,0.2
1666,92.0,0.0,100.0,28.61,9.16,0.21
1667,84.0,0.01,99.0,54.17,14.91,0.2
1668,94.0,0.0,100.0,34.45,11.42,0.2
1669,100.0,0.0,100.0,26.91,3.81,0.21
1670,78.0,0.02,98.0,54.21,9.02,0.21
1671,60.0,0.01,99.0,95.79,2.55,0.25
1672,84.0,0.02,98.0,54.54,6.71,0.2
1673,76.0,0.0,100.0,72.73,7.61,0.22
1674,92.0,0.01,99.0,28.59,4.34,0.21
1675,94.0,0.0,100.0,40.62,1.83,0.22
1676,98.0,0.0,100.0,36.15,7.11,0.2
1677,82.0,0.04,96.0,35.28,7.28,0.21
1678,94.0,0.01,99.0,24.52,1.99,0.21
1679,88.0,0.01,99.0,41.49,4.1,0.23
1680,90.0,0.0,100.0,34.77,4.61,0.21
1681,96.0,0.01,99.0,17.74,3.94,0.2
1682,70.0,0.0,100.0,70.91,12.0,0.22
1683,82.0,0.01,99.0,55.4,5.77,0.21
1684,94.0,0.0,100.0,44.7,9.91,0.21
1685,92.0,0.01,99.0,26.67,7.27,0.2
1686,88.0,0.01,99.0,30.54,10.1,0.22
1687,100.0,0.0,100.0,25.81,1.78,0.22
1688,90.0,0.01,99.0,38.81,8.67,0.21
1689,100.0,0.0,100.0,30.75,14.0,0.2
1690,98.0,0.0,100.0,22.57,2.89,0.2
1691,92.0,0.02,98.0,29.55,5.43,0.22
1692,94.0,0.01,99.0,40.61,4.58,0.22
1693,94.0,0.03,97.0,25.89,7.61,0.21
1694,96.0,0.0,100.0,26.4,7.21,0.21
1695,70.0,0.01,99.0,62.74,1.63,0.22
1696,82.0,0.06,94.0,46.26,6.26,0.21
1697,94.0,0.02,98.0,22.3,3.78,0.22
1698,86.0,0.02,98.0,68.84,5.86,0.21
1699,92.0,0.04,96.0,14.33,11.04,0.23
1700,100.0,0.0,100.0,50.77,7.21,0.2
1701,96.0,0.0,100.0,21.74,2.94,0.2
1702,94.0,0.01,99.0,18.49,8.19,0.21
1703,94.0,0.03,97.0,27.21,9.32,0.21
1704,98.0,0.0,100.0,15.46,3.98,0.22
1705,96.0,0.02,98.0,34.98,7.9,0.21
1706,84.0,0.01,99.0,48.9,3.0,0.21
1707,92.0,0.01,99.0,28.3,9.33,0.21
1708,90.0,0.02,98.0,38.23,3.8,0.2
1709,96.0,0.01,99.0,24.94,7.03,0.2
1710,94.0,0.02,98.0,28.09,7.94,0.21
1711,88.0,0.02,98.0,28.57,2.48,0.22
1712,90.0,0.01,99.0,20.85,2.06,0.21
1713,98.0,0.0,100.0,34.99,7.8,0.2
1714,86.0,0.0,100.0,51.02,12.8,0.21
1715,94.0,0.03,97.0,29.52,5.74,0.21
1716,96.0,0.0,100.0,20.76,9.74,0.21
1717,92.0,0.0,100.0,42.95,3.38,0.2
1718,86.0,0.0,100.0,35.98,4.61,0.2
1719,90.0,0.0,100.0,50.13,7.88,0.2
1720,92.0,0.01,99.0,59.85,8.85,0.23
1721,90.0,0.01,99.0,41.34,3.49,0.23
1722,98.0,0.0,100.0,38.46,4.88,0.23
1723,90.0,0.01,99.0,55.73,6.46,0.21
1724,100.0,0.0,100.0,15.23,3.88,0.21
1725,100.0,0.0,100.0,24.95,6.23,0.25
1726,94.0,0.02,98.0,52.93,8.75,0.21
1727,98.0,0.0,100.0,28.63,4.52,0.22
1728,92.0,0.01,99.0,26.7,7.81,0.23
1729,88.0,0.0,100.0,49.41,6.34,0.22
1730,92.0,0.0,100.0,48.55,4.51,0.31
1731,82.0,0.02,98.0,33.63,3.9,0.29
1732,100.0,0.0,100.0,31.14,8.0,0.22
1733,98.0,0.0,100.0,52.33,10.97,0.22
1734,90.0,0.02,98.0,28.23,8.0,0.21
1735,38.0,0.08,92.0,93.2,11.35,0.23
1736,-40.0,0.16,84.0,222.54,15.15,0.25
1737,88.0,0.03,97.0,27.69,7.88,0.2
1738,94.0,0.0,100.0,29.18,4.6,0.21
1739,82.0,0.01,99.0,62.26,9.16,0.21
1740,74.0,0.02,98.0,73.18,12.08,0.21
1741,80.0,0.0,100.0,67.85,6.37,0.21
1742,94.0,0.02,98.0,44.63,3.59,0.21
1743,88.0,0.03,97.0,42.08,7.98,0.21
1744,80.0,0.0,100.0,48.06,7.78,0.21
1745,88.0,0.01,99.0,58.81,7.37,0.21
1746,98.0,0.0,100.0,29.52,8.18,0.24
1747,84.0,0.01,99.0,51.82,9.94,0.25
1748,52.0,0.01,99.0,108.23,13.17,0.26
1749,86.0,0.03,97.0,52.12,5.26,0.28
1750,86.0,0.0,100.0,45.04,9.81,0.28
1751,88.0,0.02,98.0,39.27,8.05,0.26
1752,92.0,0.02,98.0,56.3,4.2,0.23
1753,88.0,0.01,99.0,58.24,8.68,0.21
1754,82.0,0.02,98.0,57.95,10.98,0.21
1755,90.0,0.01,99.0,16.21,4.19,0.22
1756,82.0,0.02,98.0,47.2,4.0,0.24
1757,90.0,0.01,99.0,65.02,9.4,0.21
1758,88.0,0.03,97.0,55.64,10.8,0.21
1759,96.0,0.01,99.0,32.8,2.63,0.22
1760,94.0,0.02,98.0,26.63,11.22,0.2
1761,100.0,0.0,100.0,36.43,6.76,0.23
1762,92.0,0.03,97.0,19.43,4.31,0.2
1763,92.0,0.01,99.0,40.39,12.43,0.2
1764,94.0,0.0,100.0,34.69,7.93,0.21
1765,98.0,0.0,100.0,34.56,8.3,0.21
1766,92.0,0.01,99.0,30.4,4.04,0.2
1767,92.0,0.01,99.0,47.8,12.69,0.21
1768,84.0,0.02,98.0,53.17,4.39,0.22
1769,72.0,0.01,99.0,86.06,3.89,0.21
1770,94.0,0.01,99.0,43.12,9.7,0.2
1771,94.0,0.01,99.0,43.76,10.1,0.2
1772,88.0,0.01,99.0,42.32,8.73,0.2
1773,88.0,0.01,99.0,44.25,3.98,0.22
1774,92.0,0.01,99.0,27.35,3.95,0.21
1775,72.0,0.02,98.0,71.55,4.84,0.2
1776,90.0,0.0,100.0,45.14,9.84,0.21
1777,96.0,0.01,99.0,26.62,11.03,0.2
1778,94.0,0.02,98.0,23.13,7.64,0.2
1779,94.0,0.02,98.0,28.05,10.02,0.21
1780,78.0,0.04,96.0,41.93,2.18,0.2
1781,90.0,0.0,100.0,30.34,3.96,0.21
1782,94.0,0.02,98.0,25.78,1.97,0.21
1783,86.0,0.02,98.0,52.87,10.57,0.21
1784,80.0,0.03,97.0,49.11,12.23,0.22
1785,94.0,0.01,99.0,23.86,10.37,0.27
1786,84.0,0.0,100.0,61.76,7.22,0.22
1787,98.0,0.01,99.0,20.43,8.54,0.21
1788,90.0,0.01,99.0,31.43,9.62,0.26
1789,64.0,0.02,98.0,104.43,1.56,0.22
1790,92.0,0.02,98.0,28.83,2.63,0.2
1791,84.0,0.01,99.0,41.37,6.54,0.23
1792,96.0,0.01,99.0,37.28,5.39,0.21
1793,86.0,0.02,98.0,28.7,8.18,0.21
1794,90.0,0.03,97.0,13.76,7.95,0.22
1795,94.0,0.02,98.0,28.68,2.93,0.21
1796,92.0,0.02,98.0,30.06,1.81,0.22
1797,78.0,0.06,94.0,47.71,1.0,0.24
1798,84.0,0.01,99.0,45.07,1.99,0.21
1799,90.0,0.02,98.0,22.34,10.09,0.21
1800,82.0,0.0,100.0,67.77,7.03,0.22
1801,98.0,0.0,100.0,12.67,4.09,0.21
1802,76.0,0.02,98.0,71.23,10.03,0.22
1803,86.0,0.03,97.0,34.7,8.84,0.2
1804,94.0,0.01,99.0,38.34,4.73,0.22
1805,98.0,0.0,100.0,45.73,5.44,0.21
1806,94.0,0.01,99.0,33.22,11.54,0.22
1807,88.0,0.04,96.0,34.3,2.34,0.22
1808,96.0,0.0,100.0,26.19,9.41,0.24
1809,98.0,0.0,100.0,21.7,13.44,0.21
1810,86.0,0.02,98.0,27.65,8.0,0.21
1811,90.0,0.02,98.0,33.84,3.2,0.22
1812,56.0,0.02,98.0,73.79,8.58,0.22
1813,86.0,0.0,100.0,33.95,2.6,0.21
1814,80.0,0.02,98.0,31.98,2.76,0.22
1815,94.0,0.0,100.0,24.23,3.78,0.21
1816,90.0,0.01,99.0,33.89,2.18,0.21
1817,48.0,0.07,93.0,79.9,1.99,0.22
1818,86.0,0.04,96.0,31.28,7.88,0.21
1819,96.0,0.0,100.0,20.66,7.81,0.2
1820,88.0,0.0,100.0,34.04,1.99,0.21
1821,98.0,0.01,99.0,18.73,1.93,0.21
1822,92.0,0.01,99.0,44.31,7.92,0.2
1823,98.0,0.01,99.0,18.27,11.7,0.2
1824,96.0,0.0,100.0,20.83,3.96,0.2
1825,78.0,0.0,100.0,59.1,6.36,0.2
1826,88.0,0.0,100.0,32.1,1.84,0.2
1827,86.0,0.01,99.0,19.53,2.06,0.2
1828,96.0,0.02,98.0,31.63,5.69,0.22
1829,94.0,0.01,99.0,22.54,1.93,0.2
1830,94.0,0.02,98.0,30.84,4.49,0.2
1831,96.0,0.02,98.0,18.45,3.98,0.2
1832,90.0,0.03,97.0,45.93,5.07,0.21
1833,74.0,0.0,100.0,54.08,8.25,0.21
1834,90.0,0.01,99.0,24.5,2.35,0.2
1835,86.0,0.02,98.0,57.18,7.52,0.2
1836,96.0,0.01,99.0,24.43,8.78,0.2
1837,68.0,0.03,97.0,68.27,6.62,0.21
1838,90.0,0.01,99.0,39.62,4.28,0.2
1839,92.0,0.01,99.0,31.4,14.46,0.2
1840,98.0,0.01,99.0,22.6,6.52,0.2
1841,100.0,0.0,100.0,17.41,5.55,0.21
1842,98.0,0.01,99.0,54.01,7.26,0.21
1843,96.0,0.01,99.0,30.11,10.73,0.23
1844,92.0,0.01,99.0,57.76,8.39,0.21
1845,94.0,0.0,100.0,44.78,9.34,0.22
1846,92.0,0.01,99.0,31.42,11.1,0.21
1847,96.0,0.0,100.0,44.84,7.56,0.2
1848,92.0,0.01,99.0,38.95,3.88,0.21
1849,-24.0,0.1,90.0,203.6,6.35,0.25
1850,88.0,0.02,98.0,56.89,6.83,0.21
1851,96.0,0.01,99.0,22.2,3.97,0.2
1852,100.0,0.0,100.0,12.29,11.9,0.21
1853,94.0,0.01,99.0,21.04,11.95,0.2
1854,90.0,0.0,100.0,34.65,1.89,0.21
1855,90.0,0.02,98.0,44.12,7.87,0.22
1856,72.0,0.01,99.0,65.02,12.39,0.25
1857,96.0,0.01,99.0,17.67,15.94,0.22
1858,94.0,0.0,100.0,42.17,10.88,0.2
1859,88.0,0.04,96.0,37.93,6.38,0.21
1860,92.0,0.01,99.0,22.16,3.97,0.2
1861,86.0,0.02,98.0,41.18,7.93,0.22
1862,96.0,0.0,100.0,23.29,7.89,0.22
1863,92.0,0.01,99.0,60.84,9.52,0.2
1864,92.0,0.01,99.0,37.43,7.68,0.2
1865,78.0,0.01,99.0,66.96,3.6,0.21
1866,92.0,0.02,98.0,30.96,10.85,0.2
1867,96.0,0.01,99.0,47.95,2.0,0.2
1868,92.0,0.02,98.0,38.29,2.51,0.22
1869,82.0,0.01,99.0,62.25,7.82,0.23
1870,92.0,0.01,99.0,28.56,2.54,0.21
1871,98.0,0.01,99.0,24.22,10.65,0.22
1872,96.0,0.01,99.0,21.98,1.57,0.28
1873,96.0,0.0,100.0,29.58,2.3,0.21
1874,90.0,0.03,97.0,31.81,4.94,0.23
1875,92.0,0.03,97.0,26.11,9.63,0.23
1876,90.0,0.0,100.0,45.27,9.15,0.25
1877,92.0,0.01,99.0,32.25,3.96,0.25
1878,94.0,0.0,100.0,48.79,12.16,0.26
1879,94.0,0.01,99.0,29.48,7.56,0.25
1880,96.0,0.0,100.0,16.4,7.84,0.23
1881,98.0,0.0,100.0,39.38,10.71,0.21
1882,70.0,0.02,98.0,50.25,15.89,0.23
1883,96.0,0.0,100.0,42.21,7.5,0.21
1884,94.0,0.01,99.0,36.55,13.25,0.2
1885,96.0,0.0,100.0,36.4,13.28,0.21
1886,94.0,0.01,99.0,28.55,4.32,0.2
1887,82.0,0.0,100.0,72.41,7.72,0.2
1888,92.0,0.0,100.0,34.74,10.39,0.21
1889,94.0,0.0,100.0,51.74,9.26,0.21
1890,84.0,0.01,99.0,35.2,3.84,0.21
1891,94.0,0.0,100.0,31.02,4.51,0.21
1892,90.0,0.01,99.0,55.37,7.8,0.21
1893,98.0,0.0,100.0,38.02,6.7,0.21
1894,96.0,0.02,98.0,26.89,8.78,0.22
1895,86.0,0.0,100.0,49.29,5.42,0.21
1896,86.0,0.01,99.0,43.15,13.66,0.2
1897,88.0,0.01,99.0,60.3,6.14,0.21
1898,94.0,0.01,99.0,59.92,7.35,0.21
1899,92.0,0.01,99.0,35.17,5.71,0.2
1900,86.0,0.03,97.0,39.12,2.88,0.21
1901,86.0,0.01,99.0,47.17,16.0,0.21
1902,86.0,0.01,99.0,64.09,4.85,0.22
1903,88.0,0.01,99.0,46.25,10.83,0.22
1904,96.0,0.01,99.0,20.39,2.56,0.2
1905,96.0,0.0,100.0,52.51,6.67,0.24
1906,90.0,0.02,98.0,31.03,8.47,0.24
1907,96.0,0.0,100.0,30.15,11.04,0.28
1908,96.0,0.0,100.0,32.04,2.1,0.21
1909,84.0,0.01,99.0,46.56,8.44,0.3
1910,90.0,0.0,100.0,43.28,8.22,0.22
1911,82.0,0.0,100.0,56.89,3.67,0.21
1912,98.0,0.0,100.0,20.6,6.12,0.21
1913,84.0,0.02,98.0,54.14,6.78,0.22
1914,82.0,0.03,97.0,63.78,4.96,0.22
1915,94.0,0.01,99.0,52.05,4.45,0.21
1916,80.0,0.01,99.0,52.4,3.05,0.2
1917,96.0,0.01,99.0,40.29,7.84,0.2
1918,94.0,0.0,100.0,49.3,7.36,0.27
1919,90.0,0.01,99.0,47.14,9.33,0.22
1920,98.0,0.01,99.0,27.13,5.55,0.2
1921,88.0,0.01,99.0,37.95,7.44,0.21
1922,74.0,0.02,98.0,67.56,4.69,0.25
1923,86.0,0.01,99.0,68.38,5.05,0.22
1924,96.0,0.0,100.0,23.8,8.84,0.24
1925,100.0,0.0,100.0,32.48,9.96,0.2
1926,94.0,0.01,99.0,27.2,1.94,0.21
1927,90.0,0.02,98.0,30.96,1.73,0.26
1928,86.0,0.01,99.0,48.21,10.08,0.23
1929,70.0,0.01,99.0,83.09,3.46,0.25
1930,82.0,0.03,97.0,43.74,4.88,0.27
1931,80.0,0.02,98.0,66.83,7.96,0.2
1932,90.0,0.01,99.0,43.87,9.33,0.21
1933,94.0,0.0,100.0,39.81,2.7,0.23
1934,96.0,0.01,99.0,26.31,13.54,0.21
1935,86.0,0.01,99.0,41.01,10.85,0.21
1936,86.0,0.01,99.0,39.21,10.51,0.21
1937,92.0,0.0,100.0,53.03,6.27,0.2
1938,92.0,0.0,100.0,58.3,3.82,0.2
1939,82.0,0.02,98.0,57.88,2.22,0.2
1940,92.0,0.0,100.0,45.35,9.91,0.21
1941,80.0,0.04,96.0,56.68,3.56,0.2
1942,80.0,0.01,99.0,80.91,5.14,0.2
1943,98.0,0.0,100.0,26.24,8.53,0.21
1944,80.0,0.04,96.0,49.54,6.91,0.2
1945,94.0,0.0,100.0,25.93,2.48,0.21
1946,78.0,0.01,99.0,70.46,3.85,0.21
1947,90.0,0.02,98.0,40.58,1.78,0.19
1948,94.0,0.01,99.0,62.81,8.29,0.2
1949,100.0,0.0,100.0,20.89,11.86,0.2
1950,90.0,0.03,97.0,25.5,7.09,0.2
1951,100.0,0.0,100.0,21.79,13.04,0.2
1952,84.0,0.0,100.0,49.69,13.6,0.2
1953,84.0,0.01,99.0,42.32,2.92,0.23
1954,82.0,0.01,99.0,59.22,3.45,0.21
1955,98.0,0.01,99.0,12.68,8.95,0.2
1956,90.0,0.01,99.0,32.56,3.93,0.19
1957,94.0,0.0,100.0,13.93,8.06,0.2
1958,92.0,0.01,99.0,32.18,8.93,0.2
1959,96.0,0.0,100.0,36.72,5.02,0.2
1960,96.0,0.02,98.0,11.37,4.39,0.21
1961,74.0,0.04,96.0,77.18,5.52,0.22
1962,88.0,0.03,97.0,43.94,6.74,0.2
1963,84.0,0.01,99.0,75.52,3.33,0.2
1964,98.0,0.01,99.0,10.63,10.63,0.2
1965,90.0,0.01,99.0,25.63,7.12,0.2
1966,92.0,0.01,99.0,26.77,4.25,0.2
1967,86.0,0.0,100.0,43.85,3.2,0.2
1968,84.0,0.0,100.0,59.55,5.0,0.21
1969,96.0,0.01,99.0,19.83,3.39,0.2
1970,94.0,0.0,100.0,44.79,6.24,0.2
1971,92.0,0.01,99.0,47.43,1.79,0.21
1972,84.0,0.0,100.0,74.1,4.3,0.21
1973,100.0,0.0,100.0,22.93,6.7,0.21
1974,86.0,0.02,98.0,37.99,2.84,0.2
1975,78.0,0.02,98.0,74.15,3.05,0.2
1976,90.0,0.0,100.0,39.26,5.34,0.2
1977,94.0,0.02,98.0,38.73,4.64,0.2
1978,76.0,0.0,100.0,64.38,4.34,0.21
1979,90.0,0.03,97.0,30.39,6.4,0.2
1980,80.0,0.01,99.0,70.57,7.66,0.2
1981,98.0,0.01,99.0,21.21,2.14,0.21
1982,90.0,0.01,99.0,25.14,5.9,0.2
1983,100.0,0.0,100.0,23.49,4.46,0.21
1984,92.0,0.02,98.0,31.25,10.38,0.2
1985,86.0,0.02,98.0,22.44,2.04,0.19
1986,96.0,0.02,98.0,30.32,6.89,0.19
1987,84.0,0.02,98.0,50.66,6.17,0.19
1988,94.0,0.01,99.0,38.15,2.21,0.2
1989,82.0,0.0,100.0,81.95,6.28,0.2
1990,96.0,0.0,100.0,15.81,7.96,0.2
1991,56.0,0.0,100.0,78.63,4.3,0.21
1992,76.0,0.03,97.0,54.84,2.08,0.21
1993,92.0,0.01,99.0,16.79,2.29,0.2
1994,100.0,0.0,100.0,2.65,8.0,0.2
1995,84.0,0.0,100.0,56.08,7.17,0.2
1996,96.0,0.01,99.0,27.84,8.09,0.19
1997,92.0,0.0,100.0,37.85,2.92,0.2
1998,78.0,0.01,99.0,57.27,4.55,0.21
1999,72.0,0.05,95.0,60.64,6.28,0.19
2000,98.0,0.0,100.0,14.4,3.97,0.2
