1,913.21,0.19,81.0,103.32,4.49,0.31
1,965.85,0.17,83.0,82.2,4.16,0.31

1,795.17,0.3,70.0,75.64,4.21,0.31
1,967.69,0.22,78.0,73.06,3.31,0.31
2,863.78,0.19,81.0,108.86,5.1,0.28
,408.93,0.21,79.0,76.26,10.56,0.28
2,1116.88,0.21,79.0,68.75,1.6,0.28
2,887.12,0.25,75.0,91.39,3.84,0.28

3,255.86,0.18,82.0,53.68,12.66,0.31
3,677.47,0.22,78.0,28.06,7.03,0.31
4,596.88,0.2,80.0,79.3,8.29,0.3

4,1001.76,0.23,77.0,85.51,2.69,0.3
4,287.0,0.25,75.0,43.95,11.84,0.3
4,516.9,0.23,77.0,48.25,8.99,0.3
4,481.99,0.24,76.0,79.11,9.34,0.3
5,414.0,0.16,84.0,77.51,10.88,0.27
5,235.6,0.24,76.0,83.84,12.58,0.27
5,843.6,0.23,77.0,54.09,4.75,0.27

5,639.16,0.24,76.0,39.28,7.27,0.26
6,795.6,0.24,76.0,47.45,5.22,0.26

6,560.51,0.23,77.0,81.74,8.42,0.26
6,743.81,0.19,81.0,56.51,6.58,0.26
6,1036.03,0.19,81.0,78.83,2.97,0.26
7,501.04,0.23,77.0,110.39,9.19,0.267,957.7,0.14,86.0,82.54,4.7,0.26

7,817.96,0.31,69.0,127.37,3.7,0.26
7,502.89,0.15,85.0,89.91,9.91,0.26
7,755.0,0.21,79.0,53.9,6.18,0.26
8,681.64,0.19,81.0,80.56,7.35,0.26
8,636.55,0.16,84.0,64.19,8.23,0.26
8,904.98,0.19,81.0,57.23,4.59,0.26

9,638.0,0.18,82.0,75.22,8.0,0.26


9,1050.65,0.19,81.0,106.88,2.79,0.26
9,979.21,0.14,86.0,116.15,4.45,0.26
9,205.0,0.19,81.0,100.15,13.23,0.26
9,879.61,0.19,81.0,80.98,4.91,0.26
9,1030.0,0.22,78.0,91.47,2.51,0.26
10,709.48,0.16,84.0,102.23,7.36,0.26
0,838.0,0.14,86.0,40.92,6.09,0.26

11,742.31,0.16,84.0,39.57,6.97,0.26

11,430.0,0.18,82.0,83.97,10.54,0.26
11,829.25,0.21,79.0,91.05,5.24,0.26
11,675.0,0.21,79.0,109.76,7.19,0.26
11,522.41,0.19,81.0,94.89,9.32,0.26
11,440.0,0.16,84.0,89.3,10.57,0.26
12,725.0,0.18,82.0,50.18,6.94,0.27


12,500.0,0.18,82.0,102.71,9.68,0.27

12,686.66,0.24,76.0,54.84,6.65,0.27
12,995.77,0.24,76.0,73.85,2.58,0.27
13,264.43,0.27,73.0,98.36,12.01,0.26
13,1074.0,0.2,80.0,113.12,2.33,0.26
13,1116.0,0.24,76.0,90.17,1.0,0.26
14,1005.54,0.28,72.0,124.64,1.65,0.14,614,590.64,0.2,80.0,101.72,8.37,0.25

15,511.0,0.19,81.0,60.58,9.46,0.26



15,777.74,0.22,78.0,84.97,5.75,0.26
15,341.0,0.19,81.0,87.55,11.56,0.26
16,1070.68,0.18,82.0,73.21,2.72,0.27
16,904.72,0.18,82.0,86.44,4.75,0.27
16,794.0,0.18,82.0,70.51,6.1,0.27

16,607.1,0.23,77.0,62.73,7.82,0.27
16,921.73,0.14,86.0,70.2,5.12,0.27
16,1011.31,0.25,75.0,72.31,2.18,0.27
17,343.0,0.15,85.0,68.73,11.79,0.26
17,1080.99,0.17,83.0,48.71,2.77,0.26
17,1100.81,0.18,82.0,49.97,2.36,0.26
17,517.67,0.21,79.0,104.3,9.18,0.26
18,800.4,0.15,85.0,47.03,6.41,0.26
18,876.8,0.23,77.0,83.4,4.31,0.26


18,844.67,0.15,85.0,51.01,5.89,0.26
18,1103.13,0.17,83.0,54.87,2.5,0.26
18,583.03,0.21,79.0,85.98,8.35,0.26
19,270.28,0.22,78.0,44.44,12.25,0.27
19,797.53,0.18,82.0,112.96,6.05,0.27
20,613.72,0.23,77.0,42.58,7.73,0.27
220,514.97,0.2,80.0,82.4,9.31,0.27

21,956.6,0.19,81.0,68.15,3.96,10.62


21,295.2,0.19,81.0,23.24,12.12,10.62
22,965.84,0.12,88.0,68.97,4.89,0.43

22,411.0,0.09,91.0,77.29,11.38,0.43
22,856.11,0.23,77.0,104.97,4.58,0.42
23,952.39,0.17,83.0,91.53,4.32,0.4

23,1107.0,0.13,87.0,85.08,3.13,0.4

23,979.96,0.13,87.0,72.06,4.59,0.4
24,683.92,0.18,82.0,35.65,7.44,0.35
24,593.24,0.15,85.0,76.42,8.84,0.35
24,320.0,0.18,82.0,86.93,11.88,0.35
24,511.0,0.17,83.0,74.63,9.64,0.35
24,608.91,0.11,89.0,83.08,9.03,0.35
25,793.77,0.17,83.0,65.1,6.23,0.35
525,706.54,0.14,86.0,60.59,7.62,0.35
25,295.0,0.21,79.0,44.58,12.0,0.35

26,966.0,0.18,82.0,76.28,4.0,0.39
39
26,888.17,0.15,85.0,60.61,5.37,0.39
26,1024.75,0.15,85.0,119.61,3.77,0.39
26,767.3,0.19,81.0,103.04,6.29,0.39
26,383.0,0.21,79.0,115.06,10.89,0.39
27,411.0,0.19,81.0,63.26,10.69,0.31
27,1022.06,0.22,78.0,82.31,2.61,0.31
27,233.5,0.15,85.0,89.02,13.08,0.312727,1018.81,0.24,76.0,77.62,2.28,0.31
28,748.25,0.17,83.0,50.85,6.78,0.29
28,895.0,0.14,86.0,101.59,5.43,0.29
28,692.0,0.12,88.0,96.46,8.0,0.29
28,-17.0,0.17,83.0,75.85,16.0,0.29

29,672.22,0.14,86.0,52.76,8.02,0.3
29,903.07,0.17,83.0,25.86,4.91,0.3
29,670.62,0.14,86.0,106.25,8.04,0.3
29,907.44,0.23,77.0,61.26,3.92,0.3
29,680.57,0.2,80.0,75.43,7.24,0.3
29,451.5,0.15,85.0,57.51,10.51,0.3
30,849.52,0.18,82.0,60.57,5.42,0.32
30,518.74,0.16,84.0,54.79,9.63,0.32
30,670.16,0.14,86.0,73.76,8.04,0.32

30,1123.64,0.2,80.0,45.1,1.7,0.32
30,687.7,0.15,85.0,47.52,7.73,0.32
31,788.62,0.09,91.0,34.94,7.23,0.3
31,834.0,0.16,84.0,72.03,5.88,0.3
31,974.99,0.15,85.0,69.86,4.35,0.3
31,718.63,0.17,83.0,77.71,7.14,0.3

32,540.67,0.17,83.0,83.52,9.28,0.3

32,698.22,0.23,77.0,38.68,6.63,0.3
32,703.08,0.12,88.0,51.49,7.87,0.31
32,376.89,0.15,85.0,45.68,11.39,0.3
32,1156.47,0.15,85.0,64.24,2.22,0.31
33,727.64,0.17,83.0,60.32,7.03,0.29

33,806.0,0.14,86.0,55.79,6.47,0.29
33,887.14,0.11,89.0,69.4,5.91,0.29
33,704.96,0.2,80.0,97.68,6.94,0.29
33,628.31,0.23,77.0,68.74,7.54,0.29
33,609.2,0.22,78.0,42.53,7.91,0.29
34,451.5,0.19,81.0,65.02,10.19,0.32
334,504.62,0.23,77.0,88.97,9.15,0.32
34,1050.63,0.18,82.0,79.38,2.97,0.33
35,878.0,0.14,86.0,46.34,5.63,0.29
35,652.27,0.16,84.0,55.06,8.04,0.29

36,633.87,0.16,84.0,112.93,8.26,0.29
36,831.91,0.16,84.0,86.22,5.91,0.3


36,988.05,0.14,86.0,61.27,4.35,0.29
36,1136.76,0.19,81.0,116.73,1.73,0.29
36,599.21,0.17,83.0,61.32,8.58,0.3
37,735.64,0.14,86.0,67.21,7.28,0.3

37,638.98,0.16,84.0,44.8,8.2,0.3

38,852.17,0.18,82.0,118.65,5.39,0.31
,515.0,0.09,91.0,30.89,10.24,0.31
38,69.14,0.08,92.0,79.07,15.16,0.32
39,859.0,0.15,85.0,79.59,5.72,0.27

39,434.36,0.21,79.0,57.71,10.24,0.27
39,510.61,0.19,81.0,81.53,9.46,0.27
39,1056.57,0.13,87.0,105.71,3.71,0.27
40,644.75,0.09,91.0,57.67,8.82,0.3
440,901.0,0.09,91.0,44.58,6.0,0.3

41,152.0,0.16,84.0,40.14,14.0,9.52
441,520.0,0.1,90.0,86.89,10.11,9.52
41,467.0,0.15,85.0,44.94,10.33,9.52
42,657.28,0.09,91.0,60.08,8.68,0.32

42,932.57,0.12,88.0,93.48,5.27,0.32
42,615.69,0.08,92.0,73.37,9.22,0.32
42,306.0,0.14,86.0,78.61,12.28,0.32
42,761.55,0.15,85.0,56.24,6.86,0.32
42,944.96,0.21,79.0,51.7,3.77,0.32
43,968.68,0.11,89.0,61.01,4.99,0.28443,522.54,0.12,88.0,76.61,9.93,0.29
43,724.51,0.16,84.0,42.95,7.18,0.29
43,388.0,0.08,92.0,33.83,11.7,0.29

44,509.8,0.16,84.0,78.46,9.74,0.28

44,770.0,0.16,84.0,69.4,6.64,0.28
44,700.47,0.07,93.0,71.08,8.39,0.28
44,823.17,0.18,82.0,79.88,5.74,0.28
44,411.0,0.13,87.0,70.97,11.13,0.28
44,462.53,0.12,88.0,66.56,10.61,0.28
44,392.72,0.13,87.0,72.1,11.34,0.28
45,684.59,0.09,91.0,46.31,8.38,0.28
45,1262.08,0.08,92.0,65.02,2.19,0.28
45,1144.78,0.18,82.0,75.54,1.82,0.28
45,976.49,0.16,84.0,64.58,4.18,0.28

46,241.09,0.18,82.0,58.85,12.84,0.346,431.62,0.14,86.0,55.17,10.82,0.3

47,624.57,0.12,88.0,48.04,8.77,0.3

47,568.0,0.1,90.0,47.03,9.58,0.3
47,755.26,0.17,83.0,57.91,6.7,0.3
47,681.96,0.17,83.0,66.07,7.58,0.3
47,475.0,0.13,87.0,55.77,10.39,0.3
48,910.31,0.1,90.0,46.24,5.77,0.29

48,962.0,0.12,88.0,84.62,4.93,0.28
48,955.69,0.16,84.0,81.81,4.43,0.28
48,468.85,0.12,88.0,97.0,10.54,0.28
48,600.0,0.12,88.0,25.76,9.05,0.28
49,963.7,0.17,83.0,58.89,4.18,0.3

49,1255.61,0.12,88.0,72.3,1.6,0.3

49,622.37,0.19,81.0,62.4,8.08,0.3
49,965.46,0.18,82.0,95.89,4.01,0.3
49,1073.13,0.1,90.0,70.86,3.97,0.3
50,437.0,0.11,89.0,96.86,10.97,0.29
50,655.89,0.18,82.0,77.93,7.78,0.29
50,966.6,0.13,87.0,88.68,4.74,0.29
50,986.46,0.15,85.0,83.24,4.22,0.29
50,590.41,0.11,89.0,96.59,9.24,0.29
51,171.0,0.11,89.0,20.62,13.96,0.33
51,699.87,0.09,91.0,75.77,8.21,0.33
51,1096.5,0.11,89.0,108.91,3.56,0.33
51,731.74,0.1,90.0,90.25,7.76,0.33

51,471.61,0.12,88.0,75.77,10.5,0.33
52,681.0,0.14,86.0,84.4,7.92,0.27

52,666.47,0.12,88.0,55.86,8.29,0.27
52,925.76,0.11,89.0,92.51,5.47,0.27
52,793.16,0.09,91.0,119.03,7.19,0.27552,941.0,0.13,87.0,53.89,5.03,0.27
53,608.21,0.14,86.0,63.1,8.77,0.28
53,816.13,0.12,88.0,49.45,6.59,0.28
53,781.3,0.09,91.0,53.44,7.32,0.28
53,1191.0,0.16,84.0,57.31,1.63,0.28
53,872.0,0.12,88.0,58.26,5.95,0.28
54,555.2,0.12,88.0,44.81,9.55,0.28
54,911.51,0.14,86.0,47.06,5.24,0.28
54,182.0,0.1,90.0,64.29,13.87,0.28
54,765.22,0.11,89.0,35.21,7.28,0.28
54,774.9,0.14,86.0,42.85,6.83,0.28
55,1124.23,0.08,92.0,79.01,3.69,0.355,1153.0,0.15,85.0,101.21,2.26,0.3
55,555.29,0.16,84.0,48.72,9.2,0.3
55,270.0,0.1,90.0,74.42,12.89,0.3

55,466.72,0.12,88.0,80.39,10.56,0.3
56,866.0,0.1,90.0,61.31,6.27,0.32



56,834.71,0.08,92.0,53.35,6.84,0.32
57,941.92,0.17,83.0,92.3,4.45,0.32


57,704.07,0.16,84.0,89.12,7.43,0.32
57,1073.84,0.11,89.0,98.25,3.81,0.32
57,1152.78,0.15,85.0,82.18,2.26,0.32
58,623.4,0.12,88.0,83.93,8.78,0.3

58,527.74,0.11,89.0,79.32,9.95,0.3
58,344.97,0.15,85.0,96.85,11.76,0.358,646.31,0.15,85.0,78.9,8.22,0.3
59,698.94,0.1,90.0,74.66,8.12,0.33

59,1177.86,0.14,86.0,45.06,2.14,0.33
59,737.0,0.15,85.0,71.35,7.15,0.33
60,642.02,0.12,88.0,56.9,8.57,0.34
60,461.14,0.19,81.0,59.36,10.07,0.34
60,992.72,0.12,88.0,41.69,4.58,0.34
60,1122.85,0.13,87.0,37.58,2.94,0.34
60,838.78,0.09,91.0,74.7,6.68,0.34
60,861.37,0.21,79.0,36.62,4.83,0.34
60,901.75,0.05,95.0,48.51,6.46,0.34
61,1170.29,0.14,86.0,83.66,2.23,0.51
1,701.32,0.23,77.0,84.04,6.59,0.51
61,740.48,0.1,90.0,53.97,7.66,0.51
61,632.8,0.14,86.0,78.03,8.48,0.51
62,568.94,0.13,87.0,56.37,9.31,9.19
2,484.53,0.1,90.0,63.46,10.51,9.19
62,1182.64,0.07,93.0,72.2,3.21,9.19
62,1212.55,0.1,90.0,54.87,2.42,9.19
62,1045.4,0.13,87.0,53.93,3.83,9.19
62,1158.27,0.14,86.0,51.8,2.37,9.19
63,1057.68,0.1,90.0,43.09,4.14,0.26
63,810.65,0.11,89.0,76.32,6.77,0.26
63,580.81,0.08,92.0,36.4,9.6,0.26

63,1106.43,0.08,92.0,61.18,3.89,0.26
63,987.32,0.14,86.0,54.88,4.36,0.26
63,631.15,0.13,87.0,48.74,8.6,0.26
64,262.0,0.18,82.0,74.16,12.59,0.27
64,647.93,0.11,89.0,51.0,8.6,0.27

64,781.04,0.1,90.0,83.15,7.21,0.27
64,953.33,0.08,92.0,41.97,5.55,0.27
65,927.0,0.09,91.0,49.05,5.71,0.26

65,879.01,0.12,88.0,35.13,5.87,0.26
65,1012.18,0.13,87.0,58.25,4.22,0.26
65,953.29,0.09,91.0,91.28,5.43,0.26
65,665.46,0.08,92.0,59.06,8.68,0.26
66,1137.2,0.11,89.0,57.5,3.1,0.25

66,714.68,0.13,87.0,52.58,7.64,0.25
66,321.0,0.07,93.0,27.01,12.47,0.25
66,522.0,0.06,94.0,69.18,10.38,0.25
66,987.36,0.16,84.0,61.73,4.06,0.25
66,1081.0,0.14,86.0,61.22,3.27,0.25
67,713.32,0.12,88.0,49.09,7.76,0.25
67,950.5,0.09,91.0,41.46,5.46,0.25

67,648.8,0.14,86.0,81.35,8.29,0.25
68,1108.56,0.1,90.0,27.81,3.57,0.26
68,1085.72,0.15,85.0,74.06,3.05,0.26
68,953.61,0.08,92.0,60.11,5.55,0.26
68,714.42,0.11,89.0,70.31,7.85,0.26
68,551.61,0.13,87.0,87.88,9.51,0.26
68,529.0,0.11,89.0,102.13,9.93,0.26

69,847.01,0.16,84.0,96.22,5.73,0.25

69,638.55,0.12,88.0,42.37,8.61,0.25
69,343.33,0.13,87.0,37.59,11.9,0.25
69,1067.03,0.1,90.0,61.44,4.03,0.25
69,705.13,0.13,87.0,53.77,7.75,0.25
70,696.01,0.17,83.0,59.37,7.41,0.27
70,633.67,0.14,86.0,53.26,8.47,0.27
70,389.0,0.19,81.0,58.58,10.96,0.27
70,879.0,0.11,89.0,68.75,6.0,0.27

70,1037.45,0.08,92.0,70.09,4.64,0.27
70,879.38,0.1,90.0,74.3,6.12,0.27
71,732.75,0.08,92.0,48.67,7.95,0.26
71,689.2,0.14,86.0,71.75,7.82,0.26

71,806.25,0.12,88.0,50.27,6.7,0.26

72,1195.91,0.12,88.0,87.13,2.27,0.26
72,872.57,0.15,85.0,124.11,5.56,0.26
72,1149.85,0.19,81.0,69.08,1.57,0.26
72,1127.88,0.16,84.0,47.24,2.38,0.26
73,1089.06,0.15,85.0,69.01,3.01,0.26
73,1046.0,0.09,91.0,80.72,4.41,0.26
73,775.02,0.12,88.0,33.95,7.06,0.26
73,776.88,0.12,88.0,86.56,7.04,0.26
74,757.95,0.11,89.0,87.15,7.36,0.25
74,653.0,0.05,95.0,38.66,9.07,0.25

74,893.0,0.14,86.0,65.97,5.45,0.25
74,1067.81,0.09,91.0,68.53,4.17,0.25
74,947.78,0.14,86.0,55.07,4.82,0.25
75,991.8,0.13,87.0,50.55,4.45,0.26

75,586.5,0.1,90.0,88.38,9.37,0.26
75,1038.27,0.06,94.0,75.13,4.89,0.26
75,801.48,0.03,97.0,44.69,7.71,0.26
75,1130.93,0.09,91.0,87.39,3.47,0.26
76,565.46,0.08,92.0,49.24,9.77,0.26
76,950.1,0.09,91.0,68.49,5.46,0.26
76,668.38,0.09,91.0,98.74,8.56,0.26

76,699.14,0.11,89.0,93.8,8.02,0.26

77,199.0,0.11,89.0,62.38,13.64,0.25

,831.57,0.16,84.0,72.08,5.91,0.25
77,1048.7,0.1,90.0,93.54,4.24,0.25
77,885.27,0.11,89.0,70.47,5.93,0.25

77,1095.03,0.1,90.0,86.16,3.72,0.25
78,393.58,0.16,84.0,66.32,11.12,0.26
8,1243.56,0.09,91.0,28.66,2.24,0.26
79,1121.36,0.14,86.0,97.82,2.8,0.25
79,961.07,0.16,84.0,49.91,4.37,0.25
79,520.0,0.1,90.0,58.75,10.11,0.25

79,765.93,0.09,91.0,62.51,7.48,0.25
80,1027.7,0.11,89.0,33.27,4.33,0.26
80,866.82,0.09,91.0,49.95,6.38,0.26
80,1233.03,0.07,93.0,51.6,2.67,0.26
80,1014.8,0.11,89.0,46.76,4.47,0.26

81,935.2,0.06,94.0,41.31,5.99,0.25
81,683.21,0.16,84.0,85.69,7.68,0.25
82,1121.45,0.04,96.0,59.67,4.28,8.8382,745.29,0.1,90.0,71.46,7.61,8.83

82,937.0,0.09,91.0,69.68,5.6,8.83
3
82,967.26,0.1,90.0,73.44,5.14,8.83
83,671.47,0.06,94.0,53.31,8.79,0.25
883,969.97,0.07,93.0,54.16,5.49,0.25
83,1044.8,0.07,93.0,72.32,4.69,0.25
84,787.75,0.03,97.0,57.6,7.85,0.25
84,366.0,0.1,90.0,91.41,11.82,0.25

84,854.62,0.06,94.0,77.46,6.84,0.25
84,1119.84,0.04,96.0,46.48,4.29,0.25
84,859.0,0.09,91.0,28.25,6.46,0.25
84,534.0,0.06,94.0,42.97,10.26,0.25
84,425.29,0.07,93.0,63.66,11.35,0.25
85,1228.37,0.1,90.0,53.03,2.24,0.26

85,988.97,0.09,91.0,44.04,5.03,0.26
85,652.88,0.11,89.0,51.14,8.54,0.26
85,1146.33,0.08,92.0,42.22,3.45,0.26
85,1217.05,0.1,90.0,45.54,2.37,0.26
85,882.17,0.06,94.0,69.67,6.55,0.26
86,989.95,0.14,86.0,79.16,4.33,0.25
86,1120.89,0.08,92.0,39.12,3.73,0.25
86,584.58,0.06,94.0,53.66,9.72,0.25
86,862.33,0.07,93.0,85.35,6.65,0.25
86,827.82,0.08,92.0,69.5,6.92,0.25
86,1027.88,0.08,92.0,69.81,4.74,0.25
87,1107.48,0.14,86.0,57.78,2.96,0.25
87,895.71,0.11,89.0,41.26,5.81,0.25
87,1027.2,0.12,88.0,47.96,4.19,0.25
87,851.6,0.06,94.0,68.01,6.88,0.25
87,1167.0,0.06,94.0,68.31,3.52,0.25
88,800.83,0.08,92.0,66.33,7.21,0.25
88,441.0,0.11,89.0,53.36,10.92,0.25
88,985.14,0.09,91.0,44.56,5.08,0.25
88,1003.0,0.07,93.0,56.47,5.14,0.25
89,1168.71,0.15,85.0,29.33,2.07,0.26
89,1202.69,0.1,90.0,45.2,2.53,0.26
89,956.79,0.16,84.0,66.0,4.42,0.26
89,1232.08,0.04,96.0,26.9,3.12,0.26
89,1032.0,0.05,95.0,58.49,5.08,0.26
89,965.3,0.07,93.0,51.46,5.55,0.26
90,878.0,0.08,92.0,45.57,6.37,0.26

90,1245.0,0.04,96.0,63.69,2.99,0.26
90,1031.63,0.11,89.0,58.32,4.29,0.26
90,1116.0,0.24,76.0,82.44,1.0,0.26

90,1131.92,0.05,95.0,53.23,4.03,0.26
90,1179.54,0.06,94.0,68.33,3.39,0.26
91,497.47,0.09,91.0,107.17,10.43,0.2691,452.0,0.16,84.0,27.15,10.43,0.26
91,925.0,0.07,93.0,89.81,5.98,0.26

91,1240.0,0.12,88.0,32.09,1.77,0.26
92,1052.89,0.15,85.0,62.97,3.44,0.25
92,1010.0,0.08,92.0,45.84,4.93,0.25
92,674.0,0.06,94.0,96.89,8.77,0.25

92,1036.06,0.13,87.0,76.64,3.94,0.25
93,833.0,0.09,91.0,44.18,6.75,0.26
9393,608.0,0.04,96.0,43.15,9.62,0.26
93,740.44,0.09,91.0,62.24,7.76,0.26
93,930.0,0.04,96.0,52.59,6.27,0.26
94,974.83,0.07,93.0,76.5,5.44,0.25


94,632.47,0.08,92.0,39.53,9.04,0.25
94,664.36,0.14,86.0,81.41,8.11,0.25
95,517.0,0.11,89.0,79.94,10.07,0.26
95,1037.0,0.06,94.0,47.65,4.9,0.27
95,934.0,0.11,89.0,47.91,5.38,0.26

95,1019.56,0.09,91.0,123.53,4.7,0.26
95,936.0,0.08,92.0,43.71,5.74,0.26
96,547.0,0.07,93.0,82.69,10.04,0.26
96,1254.03,0.08,92.0,72.04,2.28,0.26
96,960.5,0.11,89.0,55.28,5.08,0.26
96,1234.44,0.13,87.0,63.81,1.66,0.26
96,469.5,0.09,91.0,52.96,10.74,0.26
97,422.0,0.14,86.0,92.3,10.93,0.26

97,905.0,0.1,90.0,47.71,5.83,0.25

97,767.27,0.07,93.0,79.79,7.67,0.26
97,1193.05,0.12,88.0,32.41,2.31,0.25
97,444.29,0.1,90.0,51.51,10.95,0.25
98,194.0,0.06,94.0,49.72,13.87,0.25
98,1194.2,0.11,89.0,68.73,2.46,0.25
98,376.0,0.08,92.0,55.88,11.83,0.25
98,935.18,0.09,91.0,66.95,5.62,0.25
98,1131.92,0.1,90.0,70.38,3.31,0.25
99,1152.56,0.06,94.0,41.94,3.67,0.26
99,867.28,0.02,98.0,54.7,7.13,0.26
99,1089.64,0.06,94.0,49.32,4.34,0.26
99,1295.0,0.07,93.0,73.25,2.0,0.26
100,654.27,0.08,92.0,52.37,8.8,0.26
100,877.51,0.09,91.0,34.75,6.26,0.26
100,1093.5,0.1,90.0,39.8,3.74,0.26
100,1115.9,0.05,95.0,76.65,4.2,0.26

100,1070.0,0.1,90.0,93.44,4.0,0.26
100,890.66,0.11,89.0,52.64,5.87,0.26
101,789.14,0.03,97.0,47.15,7.83,0.26
101,292.0,0.08,92.0,47.43,12.74,0.26
101,1285.72,0.07,93.0,81.72,2.1,0.26
101,811.0,0.12,88.0,46.62,6.65,0.26
101,664.0,0.02,98.0,37.83,9.2,0.26
102,658.64,0.08,92.0,57.44,8.75,0.26
102,1123.96,0.1,90.0,57.62,3.4,0.26


102,771.61,0.08,92.0,57.59,7.53,0.26
103,1147.7,0.08,92.0,42.58,3.44,8.58
103,764.24,0.14,86.0,58.41,6.95,8.58

103,595.0,0.1,90.0,56.24,9.28,8.57
104,799.61,0.07,93.0,60.27,7.33,0.26

104,702.14,0.08,92.0,76.11,8.28,0.26
105,764.82,0.06,94.0,28.13,7.8,0.24

105,1225.81,0.06,94.0,72.78,2.9,0.24
105,548.0,0.08,92.0,98.38,9.96,0.24
105,582.0,0.09,91.0,62.78,9.51,0.24

106,1138.97,0.07,93.0,50.5,3.68,0.25
106,900.0,0.08,92.0,48.34,6.13,0.25

106,780.88,0.03,97.0,48.75,7.92,0.25
107,1251.62,0.03,97.0,59.54,3.07,0.25
107,918.28,0.06,94.0,47.15,6.17,0.24

107,786.17,0.08,92.0,47.76,7.37,0.24
107,1052.72,0.05,95.0,52.92,4.87,0.24
107,457.33,0.03,97.0,67.21,11.25,0.24
108,840.21,0.09,91.0,36.75,6.67,0.24108,1110.13,0.02,98.0,63.65,4.65,0.24
108,711.1,0.07,93.0,37.82,8.28,0.24

108,999.0,0.1,90.0,65.19,4.79,0.24
108,593.0,0.07,93.0,39.58,9.55,0.24
109,947.0,0.07,93.0,61.96,5.74,0.24

109,885.17,0.04,96.0,44.97,6.74,0.24
109,1076.37,0.07,93.0,59.53,4.35,0.24
110,809.07,0.05,95.0,65.21,7.43,0.25

110,810.71,0.1,90.0,52.64,6.88,0.25
110,987.0,0.06,94.0,38.84,5.44,0.25
110,853.0,0.15,85.0,83.9,5.79,0.26

110,1248.42,0.04,96.0,33.7,2.95,0.25
111,1070.7,0.08,92.0,77.4,4.27,0.26
111,1148.7,0.03,97.0,81.19,4.13,0.26
111,818.55,0.07,93.0,70.03,7.12,0.26
111,917.17,0.1,90.0,49.52,5.7,0.26
111,1073.11,0.05,95.0,74.04,4.65,0.26
112,-8.0,0.08,92.0,61.18,16.0,0.24


112,1193.12,0.07,93.0,66.82,3.1,0.24
112,355.0,0.05,95.0,75.13,12.21,0.24
112,782.45,0.1,90.0,71.06,7.19,0.24
113,886.94,0.07,93.0,54.41,6.39,0.25
113,1176.76,0.06,94.0,49.41,3.42,0.25
113,1001.0,0.03,97.0,71.76,5.65,0.25
113,813.6,0.02,98.0,36.61,7.68,0.25
113,1066.81,0.04,96.0,63.77,4.85,0.25
113,1179.41,0.08,92.0,93.97,3.09,0.25
113,1124.39,0.04,96.0,47.01,4.25,0.25
114,589.27,0.09,91.0,73.77,9.43,0.24

114,552.79,0.09,91.0,47.36,9.83,0.241114,1123.67,0.05,95.0,41.83,4.12,0.24
114,1026.8,0.11,89.0,66.57,4.34,0.24
115,816.57,0.07,93.0,41.11,7.14,0.25
115,1270.27,0.05,95.0,59.2,2.58,0.24
115,1025.0,0.07,93.0,65.03,4.9,0.25
115,867.0,0.03,97.0,40.22,7.03,0.24
115,723.5,0.08,92.0,41.35,8.05,0.24
116,1278.86,0.03,97.0,49.84,2.78,0.251116,723.27,0.09,91.0,66.89,7.95,0.25
116,875.0,0.05,95.0,53.66,6.74,0.25
116,748.07,0.06,94.0,61.04,7.98,0.25
117,736.28,0.1,90.0,43.59,7.71,0.24

117,964.25,0.05,95.0,45.87,5.8,0.24
117,471.0,0.05,95.0,66.03,10.99,0.24
117,926.0,0.06,94.0,47.8,6.09,0.24

117,977.0,0.07,93.0,52.08,5.42,0.24
118,1235.88,0.08,92.0,54.4,2.48,0.25

118,638.82,0.09,91.0,52.47,8.88,0.25
118,1073.6,0.04,96.0,47.53,4.78,0.25

119,451.0,0.05,95.0,81.81,11.2,0.25

119,966.8,0.08,92.0,44.1,5.4,0.25
119,1034.56,0.12,88.0,57.77,4.11,0.25
119,857.61,0.02,98.0,44.17,7.23,0.26
119,1052.89,0.06,94.0,70.08,4.74,0.25
119,752.47,0.06,94.0,44.99,7.93,0.25
120,1190.57,0.07,93.0,88.54,3.12,0.25
120,819.28,0.05,95.0,68.86,7.32,0.25
120,1019.75,0.09,91.0,45.17,4.7,0.25

120,609.53,0.05,95.0,65.56,9.53,0.25
121,302.0,0.06,94.0,75.81,12.72,0.25

121,578.0,0.08,92.0,52.92,9.63,0.25

121,834.3,0.09,91.0,38.59,6.73,0.25
122,960.0,0.03,97.0,74.18,6.07,0.25
122,612.0,0.07,93.0,62.42,9.34,0.25
122,1210.56,0.03,97.0,49.72,3.49,0.26
122,1103.88,0.04,96.0,49.3,4.46,0.25
122,833.27,0.09,91.0,84.03,6.74,0.25
122,1268.66,0.06,94.0,94.18,2.44,0.25
122,1174.64,0.09,91.0,107.61,2.99,0.26
123,613.61,0.1,90.0,69.8,9.07,8.62
2
123,683.0,0.03,97.0,55.4,8.93,8.62

123,920.0,0.08,92.0,86.75,5.91,8.62
123,590.0,0.06,94.0,54.79,9.66,8.62
124,1102.0,0.02,98.0,47.55,4.73,0.25
124,1095.98,0.08,92.0,86.36,4.0,0.25
124,717.93,0.08,92.0,107.42,8.11,0.25
124,776.0,0.02,98.0,94.51,8.06,0.25

124,719.77,0.08,92.0,40.78,8.09,0.25
125,668.08,0.04,96.0,78.8,9.0,0.26
6125,681.0,0.03,97.0,23.05,8.95,0.26

125,1345.92,0.05,95.0,52.73,1.78,0.26
125,851.0,0.05,95.0,69.78,6.99,0.26
126,1317.63,0.03,97.0,57.59,2.39,0.27
126,1144.56,0.09,91.0,41.53,3.32,0.27
126,1261.72,0.07,93.0,31.41,2.36,0.27
127,663.27,0.07,93.0,43.1,8.79,0.24

127,987.4,0.03,97.0,70.6,5.79,0.25
127,796.81,0.01,99.0,30.05,7.94,0.25
127,553.0,0.09,91.0,40.65,9.82,0.24

127,1104.86,0.03,97.0,59.31,4.58,0.24
128,890.55,0.06,94.0,51.09,6.46,0.26
128,694.58,0.06,94.0,14.24,8.55,0.26
128,586.2,0.05,95.0,35.21,9.78,0.26
128,848.34,0.07,93.0,44.29,6.8,0.26
129,1010.0,0.07,93.0,55.65,5.06,0.27
129,370.0,0.05,95.0,55.84,12.05,0.27
129,786.18,0.08,92.0,42.77,7.37,07


130,1181.73,0.07,93.0,54.04,3.22,0.29
130,816.2,0.04,96.0,93.63,7.46,0.29
130,856.0,0.04,96.0,40.74,7.04,0.29
130,1138.29,0.03,97.0,41.17,4.23,0.29
131,843.0,0.05,95.0,63.34,7.07,0.25
1131,934.74,0.06,94.0,54.93,5.99,0.25
131,1253.66,0.12,88.0,57.05,1.62,0.25
132,887.07,0.01,99.0,54.02,7.03,0.26
32,1156.5,0.04,96.0,73.73,3.91,0.26
132,737.0,0.07,93.0,62.35,8.0,0.26
132,1105.17,0.04,96.0,46.11,4.45,0.26
132,1132.8,0.06,94.0,84.29,3.89,0.25
133,858.71,0.07,93.0,56.16,6.69,0.27
133,991.57,0.09,91.0,51.96,5.0,0.27
133,1241.9,0.05,95.0,88.61,2.87,0.27
133,737.61,0.05,95.0,82.04,8.18,0.27
133,1344.76,0.08,92.0,74.65,1.3,0.27
133,1102.93,0.02,98.0,81.96,4.73,0.27
134,461.5,0.06,94.0,76.02,11.03,0.26
34,999.0,0.03,97.0,55.7,5.67,0.26

134,731.5,0.09,91.0,90.78,7.86,0.26
134,1056.0,0.07,93.0,79.78,4.57,0.26
135,568.0,0.02,98.0,56.39,10.18,0.28

135,772.0,0.04,96.0,55.96,7.92,0.28
135,851.4,0.06,94.0,58.48,6.88,0.28
135,924.33,0.09,91.0,61.02,5.74,0.28
136,1095.6,0.07,93.0,49.74,4.14,0.3
136,760.14,0.03,97.0,37.08,8.13,0.3
136,590.0,0.06,94.0,58.04,9.66,0.3

136,937.87,0.02,98.0,79.68,6.41,0.3
137,1161.72,0.06,94.0,26.94,3.58,0.3
37,1066.86,0.08,92.0,65.64,4.32,0.3
138,349.0,0.11,89.0,71.49,11.96,0.3
138,1056.83,0.07,93.0,56.01,4.56,0.3
138,559.36,0.07,93.0,83.77,9.91,0.3
8,989.0,0.07,93.0,30.28,5.29,0.3
139,1116.46,0.08,92.0,91.7,3.78,0.3

139,1011.0,0.01,99.0,51.75,5.78,0.3
139,1047.72,0.05,95.0,48.12,4.92,0.3
139,1146.53,0.07,93.0,57.72,3.6,0.3
140,641.0,0.07,93.0,36.91,9.03,0.29
140,1013.0,0.05,95.0,70.57,5.28,0.29

140,644.96,0.1,90.0,45.31,8.72,0.29
141,546.0,0.06,94.0,61.31,10.13,0.34

142,680.0,0.04,96.0,48.35,8.88,0.31
142,999.0,0.05,95.0,47.88,5.43,0.32
142,1232.0,0.08,92.0,63.05,2.52,0.31

142,422.0,0.06,94.0,67.68,11.45,0.31
143,854.11,0.04,96.0,55.62,7.06,0.33

143,1139.71,0.04,96.0,47.38,4.09,0.33
144,1018.25,0.02,98.0,44.17,5.59,9.98
144,1188.91,0.01,99.0,106.92,3.98,9.98
144,642.14,0.03,97.0,30.09,9.35,9.98
144,956.0,0.06,94.0,61.16,5.77,9.98

145,1006.0,0.02,98.0,40.5,5.71,0.33

145,1225.32,0.04,96.0,39.55,3.19,0.33
145,1145.8,0.01,99.0,70.03,4.42,0.33
146,1068.5,0.05,95.0,44.71,4.7,0.33
146,1282.33,0.05,95.0,68.72,2.45,0.33
146,764.0,0.02,98.0,44.21,8.18,0.33

147,1107.57,0.09,91.0,55.93,3.73,0.39
147,724.0,0.01,99.0,49.1,8.68,0.39
148,893.0,0.09,91.0,57.88,6.09,0.49
1148,1233.0,0.01,99.0,58.72,3.54,0.4148,1030.92,0.01,99.0,56.55,5.58,0.49
149,983.17,0.07,93.0,54.97,5.35,0.36
149,1244.0,0.11,89.0,36.64,1.9,0.36

149,920.81,0.03,97.0,46.63,6.48,0.36
149,729.34,0.07,93.0,47.15,8.08,0.36
149,995.16,0.07,93.0,44.21,5.22,0.36
150,1182.57,0.05,95.0,91.06,3.5,0.39

150,920.33,0.03,97.0,49.97,6.48,0.39
150,782.47,0.02,98.0,53.28,8.0,0.39
151,871.0,0.01,99.0,79.02,7.19,0.4


151,1275.1,0.06,94.0,48.46,2.37,0.4

152,928.61,0.06,94.0,56.04,6.06,0.3915152,718.76,0.05,95.0,60.43,8.38,0.39
152,1095.03,0.03,97.0,64.41,4.68,0.39
152,1057.86,0.07,93.0,81.98,4.55,0.39
153,1372.86,0.04,96.0,36.47,1.66,0.371153,1012.0,0.02,98.0,106.86,5.65,0.37
153,935.11,0.05,95.0,65.34,6.1,0.37
153,1130.89,0.05,95.0,79.08,4.04,0.37
154,663.0,0.08,92.0,29.6,8.71,0.37
154,1097.0,0.03,97.0,51.34,4.66,0.36
154,874.34,0.02,98.0,58.58,7.06,0.37

154,1034.8,0.03,97.0,44.68,5.3,0.36
154,1005.0,0.0,100.0,38.11,5.95,0.36
155,613.0,0.03,97.0,23.42,9.65,0.33

155,839.28,0.03,97.0,50.0,7.32,0.33

156,476.0,0.04,96.0,54.59,11.0,0.35
1156,1222.42,0.04,96.0,50.64,3.22,0.35
156,1110.47,0.03,97.0,43.23,4.52,0.35
157,727.53,0.03,97.0,70.88,8.47,0.31
157,719.41,0.06,94.0,36.49,8.28,0.31
157,693.03,0.05,95.0,58.78,8.65,0.31
157,1333.41,0.02,98.0,65.84,2.37,0.31
158,1200.4,0.01,99.0,57.34,3.86,0.27
158,1269.33,0.0,100.0,37.41,3.31,0.27
158,1308.88,0.02,98.0,31.02,2.62,0.27
158,1040.67,0.05,95.0,47.26,4.99,0.27
158,1158.71,0.1,90.0,42.79,3.01,0.27
159,829.27,0.01,99.0,73.63,7.61,0.24
159,688.0,0.08,92.0,23.77,8.43,0.24

159,730.86,0.02,98.0,39.44,8.52,0.24
159,1088.0,0.02,98.0,31.55,4.88,0.24
160,903.33,0.02,98.0,27.44,6.76,0.25

160,874.43,0.05,95.0,48.54,6.74,0.25

160,1067.0,0.03,97.0,41.95,4.97,0.25
160,679.74,0.03,97.0,41.06,8.96,0.25
161,1082.58,0.02,98.0,56.31,4.93,0.25
161,896.6,0.02,98.0,39.99,6.83,0.24
161,1032.0,0.03,97.0,31.27,5.33,0.24
161,1107.0,0.02,98.0,80.92,4.68,0.25
161,887.0,0.05,95.0,41.29,6.61,0.24

161,1168.37,0.02,98.0,52.05,4.06,0.24
162,1139.0,0.06,94.0,54.28,3.82,0.25
162,1123.0,0.04,96.0,34.04,4.26,0.25
162,1183.2,0.04,96.0,51.58,3.63,0.25
162,897.14,0.02,98.0,47.82,6.83,0.25
163,840.74,0.06,94.0,45.43,6.99,0.25
163,1115.11,0.03,97.0,65.21,4.47,0.25
63,796.6,0.06,94.0,60.02,7.46,0.25
163,931.0,0.05,95.0,48.92,6.15,0.25

164,993.0,0.02,98.0,65.4,5.85,8.75
164,1153.66,0.05,95.0,47.37,3.8,8.75
164,1038.6,0.01,99.0,43.9,5.5,8.75
164,1058.86,0.03,97.0,69.1,5.05,8.75
164,594.0,0.06,94.0,85.19,9.62,8.75

164,1011.6,0.06,94.0,50.76,5.17,8.75
165,544.0,0.02,98.0,78.41,10.43,0.25
165,753.87,0.04,96.0,63.71,8.11,0.25
165,860.34,0.06,94.0,53.76,6.78,0.25
165,871.0,0.01,99.0,46.94,7.19,0.25
165,1150.75,0.04,96.0,60.46,3.97,0.25
165,1286.19,0.01,99.0,20.76,3.0,0.25
165,1063.72,0.03,97.0,37.5,5.0,0.25
165,1208.5,0.04,96.0,85.01,3.37,0.25
166,1140.71,0.03,97.0,55.93,4.21,0.24
166,859.17,0.04,96.0,80.89,7.01,0.24
166,650.0,0.02,98.0,82.5,9.35,0.25
166,997.8,0.05,95.0,44.64,5.44,0.24

166,620.0,0.0,100.0,32.72,9.8,0.25
166,1137.0,0.06,94.0,80.38,3.84,0.24
167,1066.14,0.04,96.0,33.14,4.85,0.24
167,1050.23,0.06,94.0,29.86,4.76,0.24
167,1063.74,0.03,97.0,50.53,5.0,0.24

167,863.0,0.03,97.0,39.37,7.07,0.24
167,580.0,0.09,91.0,49.48,9.53,0.24
168,853.27,0.01,99.0,74.77,7.37,0.26
168,1019.8,0.03,97.0,49.37,5.46,0.26
68,1374.94,0.0,100.0,25.7,2.25,0.26
168,668.86,0.05,95.0,56.86,8.91,0.26
168,823.0,0.03,97.0,64.5,7.48,0.26
168,729.0,0.03,97.0,35.14,8.45,0.26
169,1384.96,0.04,96.0,39.57,1.53,0.25169,1055.23,0.06,94.0,38.16,4.71,0.25
169,1279.92,0.06,94.0,33.83,2.32,0.25
169,1081.0,0.04,96.0,52.62,4.7,0.25
169,1200.21,0.03,97.0,82.78,3.6,0.25

170,765.0,0.01,99.0,77.26,8.26,0.25

170,1148.0,0.02,98.0,57.09,4.27,0.25

170,828.0,0.06,94.0,50.61,7.13,0.25
170,834.67,0.04,96.0,71.61,7.26,0.25
170,1302.46,0.04,96.0,97.47,2.39,0.25
171,812.07,0.05,95.0,62.95,7.4,0.24


171,717.0,0.07,93.0,66.43,8.22,0.24
171,1065.0,0.05,95.0,52.65,4.74,0.24
171,1336.43,0.03,97.0,45.15,2.19,0.24
171,1091.5,0.05,95.0,91.35,4.46,0.24
172,792.0,0.02,98.0,87.24,7.9,0.26
172,1387.08,0.04,96.0,64.69,1.51,0.26
172,944.15,0.0,100.0,46.62,6.56,0.26
172,587.0,0.01,99.0,54.98,10.06,0.26
172,1185.57,0.03,97.0,58.87,3.75,0.26
173,1130.22,0.05,95.0,62.12,4.05,0.25
173,1101.8,0.03,97.0,40.4,4.61,0.25

173,780.0,0.04,96.0,80.97,7.83,0.25
173,1265.0,0.01,99.0,34.02,3.21,0.25

173,769.0,0.03,97.0,30.8,8.04,0.25

174,827.1,0.05,95.0,57.24,7.24,0.25
174,830.14,0.03,97.0,46.48,7.41,0.25
174,1035.1,0.06,94.0,49.65,4.92,0.25
174,1246.0,0.02,98.0,42.21,3.27,0.25174,1084.0,0.02,98.0,43.13,4.92,0.25
174,816.24,0.02,98.0,58.5,7.65,0.25
175,1344.0,0.03,97.0,61.15,2.11,0.26
175,775.0,0.05,95.0,49.62,7.79,0.26

175,1347.64,0.02,98.0,73.66,2.23,0.26
176,1341.87,0.02,98.0,12.6,2.29,0.27
176,1274.67,0.03,97.0,45.77,2.83,0.27
176,440.0,0.0,100.0,67.19,11.6,0.27

176,1015.17,0.06,94.0,58.27,5.14,0.27
177,1254.75,0.04,96.0,70.05,2.89,0.25
177,1181.0,0.01,99.0,37.22,4.06,0.25
177,1181.0,0.03,97.0,43.91,3.79,0.25
177,876.96,0.04,96.0,69.81,6.82,0.25
177,859.76,0.02,98.0,88.55,7.21,0.25
177,1282.0,0.05,95.0,96.26,2.45,0.25
178,664.33,0.03,97.0,45.9,9.12,0.26
178,1064.33,0.04,96.0,62.62,4.87,0.25
179,632.0,0.04,96.0,47.74,9.38,0.27

179,1408.62,0.01,99.0,80.78,1.76,0.27
179,815.0,0.01,99.0,79.78,7.76,0.27

179,973.47,0.01,99.0,70.86,6.16,0.26
179,876.67,0.03,97.0,55.92,6.93,0.26
180,1152.62,0.05,95.0,56.69,3.81,0.26
180,564.0,0.04,96.0,54.31,10.08,0.26
180,990.0,0.04,96.0,75.45,5.65,0.27
180,1331.18,0.07,93.0,30.89,1.61,0.26
180,914.0,0.01,99.0,73.26,6.76,0.26
181,1058.74,0.02,98.0,61.97,5.18,0.27181,1312.08,0.02,98.0,42.48,2.59,0.27
181,1248.88,0.02,98.0,64.69,3.24,0.27
181,1001.07,0.02,98.0,52.45,5.76,0.27
181,708.6,0.08,92.0,100.04,8.21,0.27
182,709.0,0.02,98.0,32.58,8.74,0.27

182,1205.0,0.02,98.0,54.63,3.68,0.27
182,1291.26,0.01,99.0,34.32,2.95,0.27
182,824.93,0.06,94.0,36.98,7.16,0.27
182,848.41,0.03,97.0,41.08,7.22,0.27
182,1079.4,0.01,99.0,66.5,5.09,0.27
183,1302.14,0.03,97.0,30.74,2.54,0.27
183,898.0,0.02,98.0,47.2,6.82,0.27


183,965.56,0.03,97.0,28.27,6.01,0.27
183,1037.0,0.04,96.0,29.22,5.16,0.27

184,880.33,0.03,97.0,26.51,6.89,0.25184,948.26,0.02,98.0,43.84,6.3,0.25
184,993.11,0.02,98.0,66.52,5.85,0.25

184,1133.5,0.05,95.0,50.7,4.02,0.25

185,869.81,0.04,96.0,77.84,6.9,8.5


185,1155.0,0.03,97.0,42.09,4.06,8.5
185,641.0,0.04,96.0,64.75,9.28,8.5
185,976.0,0.04,96.0,36.29,5.79,8.5
186,962.0,0.02,98.0,68.07,6.16,0.25

186,917.8,0.03,97.0,61.63,6.51,0.25

186,624.0,0.0,100.0,42.49,9.76,0.25
186,968.67,0.0,100.0,48.23,6.31,0.25
186,1132.4,0.02,98.0,38.24,4.42,0.25
187,863.6,0.06,94.0,56.79,6.75,0.25

187,544.0,0.02,98.0,73.94,10.43,0.25
187,1253.0,0.02,98.0,20.48,3.19,0.25
187,969.6,0.0,100.0,82.47,6.3,0.25
188,1143.36,0.03,97.0,29.05,4.18,0.26
188,1281.75,0.03,97.0,71.04,2.76,0.26
188,351.0,0.01,99.0,32.65,12.44,0.26
188,1224.0,0.04,96.0,70.77,3.21,0.26
188,1428.58,0.01,99.0,34.35,1.56,0.26
188,1072.9,0.01,99.0,48.53,5.15,0.26
189,859.27,0.03,97.0,52.17,7.11,0.25
189,1027.0,0.02,98.0,42.21,5.5,0.25

189,1168.67,0.06,94.0,38.91,3.5,0.25
190,930.0,0.0,100.0,63.51,6.7,0.26
6
190,901.68,0.06,94.0,60.96,6.34,0.26
190,1002.5,0.02,98.0,67.59,5.75,0.26
190,1047.29,0.03,97.0,38.47,5.17,0.26
190,800.74,0.04,96.0,45.14,7.62,0.26
191,974.27,0.02,98.0,52.46,6.04,0.26191,900.34,0.04,96.0,64.35,6.58,0.26
191,1075.66,0.02,98.0,60.63,5.0,0.26
191,742.0,0.04,96.0,57.41,8.23,0.26
191,903.93,0.0,100.0,61.2,6.96,0.26
191,1383.14,0.02,98.0,99.43,1.87,0.26
192,1047.0,0.01,99.0,44.4,5.41,0.25
192,1302.0,0.04,96.0,33.62,2.4,0.25
192,1351.47,0.0,100.0,71.73,2.49,0.25
192,1072.86,0.04,96.0,64.48,4.78,0.25
192,148.0,0.04,96.0,40.1,14.42,0.25
193,1404.14,0.02,98.0,86.34,1.65,0.25
193,1117.5,0.01,99.0,65.08,4.7,0.25
193,842.33,0.03,97.0,63.43,7.29,0.25
193,1122.0,0.02,98.0,52.72,4.53,0.25
193,290.0,0.04,96.0,47.29,12.94,0.25
193,1088.34,0.02,98.0,79.69,4.87,0.25
194,932.33,0.07,93.0,60.85,5.9,0.25

194,966.91,0.01,99.0,66.99,6.22,0.25
194,1043.33,0.0,100.0,76.38,5.57,0.25
194,629.0,0.03,97.0,56.27,9.48,0.25
195,1147.67,0.01,99.0,67.62,4.4,0.25

195,1279.0,0.03,97.0,60.5,2.78,0.25

195,992.0,0.02,98.0,55.7,5.86,0.25
195,975.83,0.02,98.0,47.09,6.02,0.25
196,1216.33,0.02,98.0,35.61,3.57,0.26
6,843.76,0.0,100.0,94.65,7.56,0.26
196,882.81,0.03,97.0,88.97,6.87,0.26

196,1052.3,0.01,99.0,76.14,5.36,0.26
197,1125.86,0.05,95.0,35.7,4.1,0.24
1197,958.0,0.03,97.0,36.56,6.09,0.24

197,1290.33,0.02,98.0,64.22,2.81,0.24
197,1258.92,0.03,97.0,33.78,2.99,0.24
198,1168.95,0.05,95.0,54.27,3.64,0.25
198,1287.0,0.04,96.0,66.96,2.55,0.25
198,936.87,0.01,99.0,106.14,6.53,0.25
198,1036.88,0.01,99.0,73.96,5.52,0.25
199,603.0,0.02,98.0,62.27,9.83,0.26

199,1132.56,0.05,95.0,49.73,4.03,0.26
199,738.0,0.05,95.0,46.37,8.18,0.26

199,1301.92,0.05,95.0,45.1,2.24,0.26
200,815.0,0.01,99.0,43.44,7.76,0.25

200,932.83,0.02,98.0,71.88,6.46,0.25
200,891.0,0.03,97.0,28.08,6.78,0.25

201,1200.5,0.06,94.0,30.83,3.16,0.25
201,565.0,0.01,99.0,90.64,10.28,0.25

201,1181.0,0.01,99.0,44.34,4.06,0.25
201,629.14,0.01,99.0,51.69,9.63,0.25
201,1278.0,0.01,99.0,36.77,3.08,0.25
202,1264.4,0.02,98.0,31.74,3.08,0.27
202,1040.47,0.02,98.0,59.79,5.36,0.27
202,1287.92,0.02,98.0,43.5,2.84,0.27

203,1234.1,0.03,97.0,60.78,3.25,0.25

203,596.0,0.04,96.0,42.08,9.75,0.25

203,777.0,0.03,97.0,60.48,7.96,0.25
204,1037.0,0.05,95.0,33.2,5.03,0.25
204,731.33,0.02,98.0,47.44,8.52,0.25
204,649.6,0.05,95.0,57.47,9.11,0.25
204,1041.29,0.06,94.0,74.4,4.86,0.25
204,1134.75,0.03,97.0,58.05,4.27,0.25
205,1019.0,0.02,98.0,45.74,5.58,8.43
205,1157.14,0.02,98.0,37.46,4.17,8.43
205,1195.51,0.03,97.0,97.8,3.64,8.43
205,1172.0,0.0,100.0,61.76,4.28,8.43
205,1272.71,0.01,99.0,29.55,3.13,8.43
205,850.0,0.02,98.0,41.86,7.31,8.43
206,1289.22,0.05,95.0,59.48,2.38,0.25
206,796.0,0.02,98.0,44.33,7.86,0.25

206,1083.0,0.01,99.0,73.28,5.05,0.25
206,1250.93,0.02,98.0,36.33,3.22,0.25
206,1168.0,0.02,98.0,57.33,4.06,0.25
207,949.0,0.03,97.0,41.98,6.19,0.25


207,1298.0,0.02,98.0,76.82,2.73,0.25
207,1240.0,0.02,98.0,72.59,3.33,0.25
207,688.0,0.0,100.0,36.04,9.12,0.25
207,1432.8,0.01,99.0,66.86,1.52,0.25
208,1078.33,0.01,99.0,62.29,5.1,0.25
208,910.0,0.02,98.0,52.31,6.69,0.25
208,554.0,0.0,100.0,50.3,10.46,0.25

209,1087.17,0.01,99.0,57.57,5.01,0.26
210,1015.0,0.03,97.0,84.79,5.51,0.24
210,831.0,0.01,99.0,73.67,7.6,0.24


210,1173.17,0.03,97.0,49.94,3.87,0.24
210,1055.0,0.01,99.0,26.06,5.33,0.24
210,1171.75,0.07,93.0,54.24,3.33,0.24
211,974.4,0.03,97.0,47.2,5.92,0.26

211,923.0,0.01,99.0,68.9,6.67,0.26
211,1147.17,0.01,99.0,57.74,4.4,0.26
211,1216.0,0.01,99.0,60.69,3.71,0.26

211,1388.01,0.03,97.0,80.16,1.66,0.25
212,1108.25,0.01,99.0,40.86,4.8,0.25
212,1090.17,0.01,99.0,82.32,4.98,0.25
212,1010.57,0.02,98.0,65.03,5.67,0.25
212,1236.72,0.03,97.0,53.49,3.22,0.25
212,938.0,0.04,96.0,40.52,6.19,0.25
213,1105.57,0.01,99.0,37.42,4.82,0.26
3,844.0,0.04,96.0,39.08,7.17,0.26
213,1256.14,0.0,100.0,67.04,3.44,0.26
213,1421.46,0.01,99.0,55.27,1.63,0.26
214,1190.6,0.01,99.0,23.11,3.96,0.26
214,1236.0,0.0,100.0,53.83,3.64,0.26
214,1099.68,0.06,94.0,33.18,4.24,0.26
214,1326.66,0.04,96.0,24.42,2.14,0.26214,874.29,0.0,100.0,35.44,7.26,0.26

215,1038.0,0.02,98.0,28.03,5.39,0.25

215,875.0,0.02,98.0,22.74,7.05,0.25
215,1151.0,0.03,97.0,45.62,4.1,0.25

215,1233.0,0.06,94.0,53.26,2.82,0.25
215,1197.67,0.04,96.0,41.47,3.48,0.25
216,1249.9,0.0,100.0,34.08,3.5,0.25

216,718.0,0.02,98.0,14.47,8.65,0.25

216,1212.0,0.02,98.0,66.69,3.61,0.25
216,1116.5,0.01,99.0,50.88,4.71,0.25
217,824.0,0.01,99.0,61.22,7.67,0.26

217,749.14,0.05,95.0,44.04,8.06,0.26
217,1252.48,0.0,100.0,29.16,3.48,0.26
217,1126.5,0.06,94.0,72.45,3.95,0.26
217,982.0,0.03,97.0,37.43,5.85,0.26

217,1136.67,0.02,98.0,53.86,4.38,0.26
218,1277.35,0.01,99.0,52.07,3.09,0.25
218,667.0,0.01,99.0,81.79,9.25,0.25


218,1165.53,0.01,99.0,74.39,4.22,0.25
218,1387.16,0.0,100.0,33.82,2.13,0.25
219,1177.0,0.05,95.0,52.79,3.56,0.25
219,757.0,0.03,97.0,65.32,8.16,0.25
219,829.67,0.0,100.0,81.61,7.7,0.25

219,1373.0,0.01,99.0,49.69,2.12,0.25
219,1333.67,0.01,99.0,68.24,2.52,0.25
219,1086.17,0.03,97.0,125.39,4.77,0.25
220,912.14,0.01,99.0,78.1,6.78,0.25

220,1397.19,0.02,98.0,75.13,1.72,0.25
220,805.0,0.02,98.0,48.7,7.77,0.25
5
220,1001.0,0.01,99.0,68.42,5.88,0.25
221,1159.28,0.02,98.0,53.91,4.15,0.25
221,1080.0,0.02,98.0,40.31,4.96,0.25
2221,1026.2,0.03,97.0,68.41,5.39,0.25
221,1163.66,0.03,97.0,69.88,3.97,0.25
222,987.0,0.01,99.0,22.48,6.02,0.25

2222,810.0,0.01,99.0,58.4,7.81,0.25

223,1323.17,0.05,95.0,57.45,2.02,0.25
223,865.27,0.01,99.0,29.74,7.25,0.25
223,1188.98,0.0,100.0,50.31,4.11,0.25
224,1136.09,0.03,97.0,91.3,4.26,0.25
24,1224.9,0.0,100.0,32.55,3.75,0.25
224,1021.0,0.01,99.0,50.49,5.68,0.25
224,853.0,0.01,99.0,52.8,7.37,0.25
225,1219.43,0.01,99.0,55.04,3.67,0.26
225,1138.29,0.0,100.0,64.93,4.62,0.26
225,1252.43,0.01,99.0,82.24,3.34,0.26
225,835.0,0.05,95.0,69.49,7.16,0.26

225,617.29,0.04,96.0,60.62,9.53,0.26
225,755.0,0.03,97.0,42.8,8.19,0.26

226,1207.2,0.03,97.0,46.45,3.52,8.55
226,848.6,0.03,97.0,35.83,7.22,8.55

226,1072.0,0.01,99.0,69.01,5.16,8.55

226,1196.0,0.19,81.0,53.79,1.0,8.55

227,1034.0,0.03,97.0,91.37,5.31,0.24
2227,766.0,0.0,100.0,69.61,8.34,0.24

227,1218.0,0.01,99.0,41.72,3.69,0.24
228,824.6,0.01,99.0,39.1,7.66,0.25


228,1141.86,0.01,99.0,61.46,4.46,0.25
228,1021.0,0.02,98.0,39.95,5.56,0.25
228,1350.63,0.01,99.0,47.14,2.35,0.25
228,1092.0,0.0,100.0,37.82,5.08,0.25
229,724.0,0.0,100.0,71.65,8.76,0.23

229,1068.0,0.06,94.0,54.64,4.57,0.23
229,1292.8,0.01,99.0,27.9,2.93,0.23
229,1079.74,0.0,100.0,49.82,5.2,0.23
229,935.0,0.05,95.0,34.69,6.11,0.23
229,1078.0,0.02,98.0,54.01,4.98,0.23
230,692.0,0.03,97.0,62.76,8.84,0.25

230,1256.75,0.02,98.0,43.86,3.16,0.25
230,922.0,0.02,98.0,46.28,6.57,0.25

230,1004.0,0.01,99.0,74.71,5.85,0.25
230,1250.5,0.03,97.0,82.48,3.08,0.25
230,1310.5,0.06,94.0,82.17,1.99,0.25
231,1069.0,0.06,94.0,49.93,4.56,0.24
231,1140.0,0.0,100.0,66.34,4.6,0.24

231,1051.4,0.0,100.0,57.03,5.49,0.24
231,1195.57,0.01,99.0,67.14,3.91,0.24
231,520.0,0.0,100.0,46.74,10.8,0.24
232,1034.0,0.02,98.0,24.31,5.43,0.24
232,1042.33,0.0,100.0,85.45,5.58,0.24
232,945.14,0.0,100.0,42.56,6.55,0.25
232,1401.9,0.0,100.0,33.84,1.98,0.25
232,1365.64,0.02,98.0,76.85,2.04,0.25
233,1421.6,0.01,99.0,75.76,1.63,0.24
233,986.0,0.0,100.0,34.07,6.14,0.24

233,1153.0,0.01,99.0,38.79,4.34,0.24
233,856.14,0.01,99.0,34.63,7.34,0.24
233,1124.0,0.0,100.0,59.15,4.76,0.24
234,990.33,0.03,97.0,36.84,5.76,0.25
234,921.67,0.03,97.0,55.55,6.47,0.25
234,460.0,0.02,98.0,75.81,11.29,0.25
234,641.64,0.08,92.0,61.35,8.94,0.25
234,1279.0,0.0,100.0,46.08,3.21,0.25

234,1106.5,0.01,99.0,49.55,4.81,0.25
235,956.11,0.0,100.0,85.02,6.44,0.25

235,1089.0,0.03,97.0,51.24,4.74,0.25
235,1115.0,0.03,97.0,24.12,4.47,0.25
235,1125.0,0.01,99.0,54.29,4.63,0.25
235,1256.07,0.03,97.0,48.67,3.02,0.25
235,1230.5,0.0,100.0,46.19,3.69,0.25
236,727.0,0.02,98.0,41.94,8.56,0.25

236,1024.14,0.01,99.0,64.15,5.65,0.25
236,1096.0,0.03,97.0,39.05,4.67,0.25
236,1213.8,0.01,99.0,56.08,3.73,0.25
236,1124.0,0.02,98.0,38.52,4.51,0.25
237,776.0,0.0,100.0,62.01,8.24,0.25
237,1115.33,0.0,100.0,63.88,4.85,0.25
237,1046.14,0.0,100.0,48.04,5.54,0.25
237,519.0,0.01,99.0,54.97,10.75,0.25
237,786.14,0.03,97.0,54.77,7.86,0.25
238,565.08,0.01,99.0,37.84,10.28,0.26
238,494.0,0.02,98.0,86.43,10.94,0.26
238,1189.0,0.03,97.0,39.62,3.71,0.26
238,1015.81,0.02,98.0,38.98,5.61,0.26
238,1284.5,0.0,100.0,52.62,3.15,0.26
239,1044.0,0.0,100.0,87.11,5.56,0.25
239,1171.0,0.01,99.0,35.89,4.16,0.25
239,1048.0,0.0,100.0,64.34,5.52,0.25
239,910.33,0.03,97.0,31.11,6.58,0.25
240,495.0,0.01,99.0,30.42,10.99,0.26
240,1001.49,0.05,95.0,42.66,5.41,0.26
240,1215.86,0.01,99.0,47.3,3.71,0.26
240,936.26,0.01,99.0,64.61,6.53,0.26
241,1199.58,0.02,98.0,38.19,3.74,0.25
241,1021.0,0.03,97.0,70.34,5.44,0.25
241,694.0,0.02,98.0,40.4,8.9,0.25
5

241,1225.8,0.02,98.0,80.68,3.47,0.25
241,691.0,0.02,98.0,61.92,8.93,0.25
242,1116.0,0.02,98.0,58.36,4.59,0.292242,830.82,0.02,98.0,52.49,7.5,0.29

242,1270.0,0.0,100.0,47.09,3.3,0.29
242,858.6,0.01,99.0,44.14,7.32,0.29

243,1016.93,0.02,98.0,41.79,5.6,0.26

243,1277.4,0.01,99.0,46.19,3.09,0.26
243,1186.67,0.0,100.0,57.03,4.13,0.26
243,749.5,0.03,97.0,62.38,8.24,0.26
244,1052.03,0.01,99.0,59.36,5.36,0.24
244,1090.0,0.02,98.0,74.86,4.86,0.24244,1245.0,0.01,99.0,46.22,3.41,0.24
244,966.8,0.03,97.0,74.18,6.0,0.24
244,1302.0,0.01,99.0,57.97,2.84,0.24
244,1178.67,0.0,100.0,69.25,4.21,0.24
244,860.14,0.03,97.0,65.2,7.1,0.24
245,1142.14,0.02,98.0,52.64,4.33,0.24
245,1103.2,0.02,98.0,52.52,4.72,0.24
245,1104.14,0.03,97.0,48.35,4.59,0.24
245,1284.4,0.01,99.0,48.33,3.02,0.24

245,995.5,0.03,97.0,42.62,5.71,0.24
246,1200.0,0.0,100.0,48.16,4.0,8.68

246,1348.35,0.0,100.0,47.65,2.52,8.68
246,1348.5,0.0,100.0,43.21,2.52,8.68
246,1232.0,0.0,100.0,53.68,3.68,8.68
247,874.0,0.02,98.0,70.95,7.06,0.23

247,935.0,0.01,99.0,40.59,6.55,0.23

247,1280.0,0.02,98.0,32.1,2.92,0.23

247,783.0,0.01,99.0,27.23,8.08,0.23
248,1087.0,0.01,99.0,58.11,5.01,0.24
248,1192.0,0.0,100.0,48.74,4.08,0.24
2248,902.81,0.01,99.0,31.63,6.87,0.24
248,951.0,0.01,99.0,48.6,6.38,0.24
248,1204.33,0.03,97.0,39.94,3.55,0.24
249,973.0,0.01,99.0,37.06,6.16,0.24
49,960.0,0.0,100.0,52.87,6.4,0.24
249,1226.0,0.0,100.0,54.01,3.74,0.24
249,719.93,0.02,98.0,68.63,8.63,0.24
250,1199.67,0.04,96.0,23.2,3.46,0.26
250,1064.26,0.0,100.0,54.68,5.36,0.26
250,1329.4,0.0,100.0,75.57,2.71,0.26
250,963.93,0.02,98.0,65.81,6.14,0.26
250,997.93,0.02,98.0,38.42,5.8,0.26

250,1098.17,0.02,98.0,55.96,4.77,0.26
251,1166.33,0.02,98.0,28.41,4.08,0.25
51,919.0,0.01,99.0,73.08,6.71,0.25

251,1310.26,0.04,96.0,59.46,2.31,0.25
251,1176.0,0.01,99.0,58.81,4.11,0.25
251,1193.81,0.0,100.0,65.55,4.06,0.25
252,988.71,0.02,98.0,96.97,5.89,0.25252,833.33,0.0,100.0,59.86,7.67,0.25
252,923.0,0.01,99.0,41.32,6.67,0.25
253,1306.6,0.03,97.0,33.98,2.5,0.25

253,1144.33,0.0,100.0,57.78,4.56,0.25
254,1128.0,0.04,96.0,60.63,4.21,0.25

254,1341.36,0.01,99.0,29.88,2.44,0.25
254,1152.67,0.02,98.0,44.31,4.22,0.25
254,1437.58,0.0,100.0,40.42,1.62,0.25
255,954.66,0.02,98.0,88.65,6.24,0.26

255,996.6,0.01,99.0,81.01,5.92,0.26

255,1141.27,0.0,100.0,82.94,4.59,0.26
256,1061.0,0.03,97.0,61.83,5.03,0.25
256,1340.67,0.0,100.0,46.81,2.59,0.25256,1189.66,0.01,99.0,30.34,3.97,0.25
256,981.0,0.03,97.0,48.97,5.86,0.25
256,1185.67,0.01,99.0,44.07,4.01,0.25
256,1124.0,0.03,97.0,61.67,4.38,0.25
256,1059.8,0.02,98.0,75.76,5.17,0.25
257,1085.0,0.02,98.0,89.67,4.91,0.25257,973.0,0.01,99.0,59.63,6.16,0.25
257,1312.1,0.09,91.0,43.51,1.48,0.25
258,1106.0,0.0,100.0,50.66,4.94,0.26

258,1052.0,0.02,98.0,60.4,5.24,0.26
258,1131.71,0.0,100.0,29.13,4.68,0.26
258,1035.4,0.0,100.0,64.92,5.65,0.26
258,1328.6,0.01,99.0,49.37,2.57,0.25
259,1187.4,0.01,99.0,37.05,4.0,0.24259,1044.0,0.02,98.0,40.51,5.33,0.24
259,995.25,0.03,97.0,35.41,5.71,0.24
259,1065.0,0.01,99.0,57.65,5.23,0.24
259,1300.57,0.01,99.0,44.66,2.85,0.24
259,311.0,0.01,99.0,31.5,12.85,0.24
259,1139.0,0.01,99.0,45.76,4.48,0.24
260,1157.61,0.03,97.0,43.87,4.03,0.25260,882.0,0.0,100.0,64.33,7.18,0.25

260,1161.67,0.01,99.0,31.35,4.26,0.25
260,1018.0,0.03,97.0,102.36,5.47,0.25
261,1348.5,0.02,98.0,57.55,2.22,0.25

261,1005.67,0.03,97.0,47.58,5.6,0.25
261,975.0,0.0,100.0,44.31,6.25,0.25
261,788.29,0.01,99.0,22.55,8.03,0.25
261,1077.57,0.01,99.0,43.16,5.11,0.25
262,814.0,0.0,100.0,56.47,7.86,0.24

262,1252.9,0.0,100.0,63.75,3.47,0.24
262,1200.0,0.0,100.0,74.64,4.0,0.24
262,1274.83,0.0,100.0,41.18,3.25,0.24
262,1333.47,0.03,97.0,40.47,2.22,0.24
262,1220.6,0.01,99.0,64.89,3.66,0.24
263,1260.08,0.02,98.0,32.68,3.12,0.24
63,1221.0,0.0,100.0,50.85,3.79,0.25
263,1059.0,0.03,97.0,25.24,5.05,0.24
264,888.2,0.01,99.0,52.92,7.02,0.24

264,1344.5,0.01,99.0,31.76,2.41,0.24
264,1329.0,0.01,99.0,45.79,2.57,0.24
264,773.58,0.0,100.0,34.49,8.26,0.24
264,1300.71,0.0,100.0,30.84,2.99,0.24
265,1076.0,0.0,100.0,69.5,5.24,0.26

265,1189.0,0.0,100.0,36.32,4.11,0.26
265,847.0,0.0,100.0,56.3,7.53,0.26
265,1220.63,0.02,98.0,52.92,3.52,0.26
266,721.0,0.03,97.0,58.4,8.54,0.25
266,909.0,0.01,99.0,60.21,6.81,0.25
266,927.6,0.01,99.0,40.76,6.62,0.25

266,1271.26,0.02,98.0,37.89,3.01,0.25
266,1146.0,0.02,98.0,31.66,4.29,0.25
