1,56.0,0.15
1,62.0,0.15
1,68.0,0.15
2,40.0,0.17
2,30.0,0.17
2,26.0,0.17
2,44.0,0.17
2,36.0,0.17
3,62.0,0.18
3,66.0,0.18
4,48.0,0.16
4,54.0,0.16
5,82.0,0.15
5,62.0,0.15
6,64.0,0.15
6,66.0,0.15
6,56.0,0.15
6,68.0,0.15
7,46.0,0.15
7,50.0,0.15
7,50.0,0.15
7,62.0,0.15
8,58.0,0.16
8,56.0,0.16
9,58.0,0.16
9,48.0,0.16
10,58.0,0.16
10,42.0,0.16
11,50.0,0.15
12,52.0,0.16
12,36.0,0.16
12,42.0,0.16
13,62.0,0.17
13,60.0,0.17
13,58.0,0.17
14,58.0,0.15
14,54.0,0.15
14,70.0,0.15
15,64.0,0.16
15,78.0,0.16
16,50.0,0.16
16,64.0,0.16
17,48.0,0.16
17,52.0,0.16
18,36.0,0.16
18,38.0,0.16
19,50.0,0.16
19,60.0,0.16
19,62.0,0.16
19,64.0,0.16
20,58.0,0.17
20,72.0,0.17
20,68.0,0.17
21,68.0,8.13
21,54.0,8.13
21,58.0,8.13
21,70.0,8.13
21,58.0,8.13
22,82.0,0.15
22,80.0,0.15
22,90.0,0.15
22,76.0,0.15
23,68.0,0.15
23,56.0,0.15
23,60.0,0.15
23,70.0,0.15
24,50.0,0.14
24,56.0,0.14
25,76.0,0.14
25,82.0,0.14
25,76.0,0.14
26,84.0,0.14
26,80.0,0.14
26,88.0,0.14
26,70.0,0.14
26,86.0,0.14
27,54.0,0.15
27,44.0,0.15
27,44.0,0.15
27,44.0,0.15
27,60.0,0.15
28,84.0,0.15
28,76.0,0.15
28,80.0,0.15
29,62.0,0.15
29,70.0,0.15
29,80.0,0.15
29,84.0,0.15
29,72.0,0.15
30,80.0,0.15
30,70.0,0.15
30,80.0,0.15
30,76.0,0.15
30,84.0,0.15
31,64.0,0.14
31,68.0,0.14
32,82.0,0.14
32,84.0,0.14
32,84.0,0.14
33,78.0,0.14
33,82.0,0.14
34,80.0,0.15
34,92.0,0.14
34,74.0,0.14
34,76.0,0.14
35,80.0,0.14
35,88.0,0.14
35,94.0,0.14
35,96.0,0.14
36,88.0,0.14
36,94.0,0.14
37,94.0,0.14
37,82.0,0.14
37,86.0,0.14
37,92.0,0.14
38,50.0,0.14
38,66.0,0.14
38,48.0,0.14
38,64.0,0.14
39,32.0,0.14
39,44.0,0.14
39,32.0,0.14
40,88.0,0.16
40,78.0,0.16
40,82.0,0.16
41,76.0,8.43
41,76.0,8.43
41,72.0,8.43
42,78.0,0.15
42,88.0,0.15
42,74.0,0.15
42,82.0,0.15
42,78.0,0.15
43,78.0,0.15
43,82.0,0.15
43,80.0,0.15
44,90.0,0.15
44,94.0,0.15
44,86.0,0.15
44,92.0,0.15
45,96.0,0.14
45,96.0,0.14
45,90.0,0.14
45,96.0,0.14
45,92.0,0.14
45,98.0,0.14
46,86.0,0.14
46,88.0,0.14
46,90.0,0.14
46,88.0,0.14
46,82.0,0.14
46,92.0,0.14
47,88.0,0.15
47,90.0,0.15
47,88.0,0.15
47,90.0,0.15
48,94.0,0.15

48,94.0,0.15
48,94.0,0.15
48,90.0,0.15
49,94.0,0.14
49,98.0,0.14
49,88.0,0.14
50,80.0,0.14
50,88.0,0.14
50,90.0,0.14
50,68.0,0.14
51,80.0,0.16
52,84.0,0.19
52,86.0,0.19
52,86.0,0.19
53,86.0,0.16

53,90.0,0.16
54,94.0,0.15
54,90.0,0.15
54,84.0,0.15
54,90.0,0.15
55,68.0,0.15
55,60.0,0.15
55,64.0,0.15
55,58.0,0.15
55,62.0,0.15
56,92.0,0.17
56,90.0,0.17
56,90.0,0.17
57,94.0,0.15
57,96.0,0.15
57,100.0,0.15
58,76.0,0.14
58,80.0,0.14
58,82.0,0.14
58,88.0,0.14
59,88.0,0.18
59,90.0,0.18
59,84.0,0.18
60,60.0,0.18
60,66.0,0.18
61,86.0,0.16
61,86.0,0.16
61,92.0,0.16
62,88.0,8.31
62,92.0,8.32
63,80.0,0.15
63,64.0,0.15
63,78.0,0.15
63,80.0,0.15
64,88.0,0.15
64,88.0,0.15
64,96.0,0.15
64,92.0,0.15
65,88.0,0.15
65,88.0,0.15
65,90.0,0.15
66,94.0,0.14
66,96.0,0.14
66,88.0,0.14
67,86.0,0.14
67,80.0,0.14
67,80.0,0.14
67,82.0,0.14
67,80.0,0.14
68,90.0,0.14
68,90.0,0.14
69,82.0,0.17
69,92.0,0.17
69,94.0,0.17
69,92.0,0.17
69,94.0,0.17
70,92.0,0.15
70,90.0,0.15
70,96.0,0.15
70,92.0,0.15
70,88.0,0.15
70,90.0,0.15
71,90.0,0.14
71,90.0,0.14
71,92.0,0.14
72,84.0,0.15
72,88.0,0.15
72,88.0,0.15
72,88.0,0.15
72,92.0,0.15
73,96.0,0.14
73,94.0,0.14
73,92.0,0.14
73,96.0,0.14
73,96.0,0.14
74,100.0,0.14
74,94.0,0.14
74,94.0,0.14
74,90.0,0.14
74,96.0,0.14
74,98.0,0.14
75,88.0,0.15
75,90.0,0.15

76,96.0,0.15
76,98.0,0.15
76,96.0,0.15
76,92.0,0.15
77,90.0,0.14
77,96.0,0.14
77,96.0,0.14
77,92.0,0.14
77,94.0,0.14
78,94.0,0.14
78,92.0,0.14
78,94.0,0.14
79,66.0,0.15
79,68.0,0.15
79,62.0,0.15
79,68.0,0.15
80,94.0,0.14
80,98.0,0.14
80,98.0,0.14
80,96.0,0.14
80,88.0,0.14
80,98.0,0.14
81,72.0,0.15
81,72.0,0.15
81,70.0,0.15
81,74.0,0.15
81,76.0,0.15
81,78.0,0.15
81,76.0,0.15
82,92.0,8.09
82,96.0,8.09
82,94.0,8.09
83,92.0,0.17
83,88.0,0.17
84,86.0,0.17
84,92.0,0.17
84,96.0,0.18
84,90.0,0.17
85,98.0,0.17
85,98.0,0.17
85,98.0,0.17
85,94.0,0.17
86,82.0,0.18
86,84.0,0.18
86,78.0,0.18
86,82.0,0.18
87,80.0,0.16
87,82.0,0.16
88,88.0,0.17
88,90.0,0.17
88,92.0,0.17
88,92.0,0.17
89,92.0,0.16
89,92.0,0.16
89,96.0,0.16
90,98.0,0.16
90,98.0,0.16
90,94.0,0.16
91,98.0,0.16
91,96.0,0.16
92,96.0,0.17
92,86.0,0.17
92,90.0,0.17
93,98.0,0.14
93,96.0,0.14
93,98.0,0.14
94,76.0,0.14
94,80.0,0.14
94,74.0,0.14
95,96.0,0.14

95,98.0,0.14
95,100.0,0.14
96,92.0,0.14
96,96.0,0.14
96,98.0,0.14
97,88.0,0.14
97,94.0,0.14
97,96.0,0.14
97,96.0,0.14
98,92.0,0.14
98,98.0,0.14
98,86.0,0.14
99,98.0,0.14
99,98.0,0.14
99,94.0,0.14
100,98.0,0.14

00,100.0,0.14
100,96.0,0.14
101,86.0,0.14
101,78.0,0.14
101,86.0,0.14
102,86.0,0.14
102,90.0,0.14
102,94.0,0.14
102,92.0,0.14
103,98.0,8.04

103,96.0,8.04
103,100.0,8.04
104,94.0,0.15
104,88.0,0.15
104,92.0,0.15
104,90.0,0.15
104,84.0,0.15
104,90.0,0.15
105,98.0,0.14

105,98.0,0.14
105,96.0,0.14
105,94.0,0.14
106,90.0,0.14
106,88.0,0.14
106,90.0,0.14
106,94.0,0.14
107,84.0,0.15
107,94.0,0.15
107,94.0,0.15
107,94.0,0.15
108,94.0,0.14

108,96.0,0.14
108,96.0,0.14

109,90.0,0.15
109,92.0,0.15
109,88.0,0.15
109,90.0,0.15
109,90.0,0.15
110,88.0,0.15
110,90.0,0.15
110,88.0,0.15
110,88.0,0.15
110,90.0,0.14
111,84.0,0.14
111,92.0,0.14
111,90.0,0.14
111,84.0,0.14
111,88.0,0.14
112,96.0,0.15
112,98.0,0.15
112,100.0,0.15
112,98.0,0.15

112,92.0,0.15
113,92.0,0.15
113,92.0,0.15
113,94.0,0.15
113,96.0,0.15
113,88.0,0.15
114,90.0,0.15
114,90.0,0.15
114,92.0,0.15
114,90.0,0.15
114,90.0,0.15
115,90.0,0.14
115,88.0,0.14
115,90.0,0.14
115,84.0,0.14
116,86.0,0.14
116,98.0,0.14
117,96.0,0.14

117,100.0,0.14
117,94.0,0.14
117,96.0,0.14
117,94.0,0.14
118,98.0,0.14
118,94.0,0.14
118,96.0,0.14
118,98.0,0.14
119,52.0,0.14
119,50.0,0.14
119,58.0,0.14
119,54.0,0.14
120,88.0,0.15
120,98.0,0.15
120,98.0,0.15
120,96.0,0.15
121,96.0,0.14

121,96.0,0.14
121,98.0,0.14
121,96.0,0.14
121,96.0,0.14
121,96.0,0.14
122,96.0,0.14
122,90.0,0.14
122,96.0,0.14
122,96.0,0.14
122,100.0,0.14
123,94.0,7.94
123,96.0,7.94
124,92.0,0.15
124,94.0,0.15
124,90.0,0.15
124,88.0,0.15
125,98.0,0.14
125,98.0,0.14
125,100.0,0.14
125,100.0,0.14
125,100.0,0.14
126,98.0,0.14
126,100.0,0.14
126,98.0,0.14
126,98.0,0.14

127,98.0,0.14
127,100.0,0.14
127,94.0,0.14
127,98.0,0.14
128,94.0,0.15
128,96.0,0.15
128,100.0,0.15
128,98.0,0.15
128,98.0,0.15

128,96.0,0.15
129,92.0,0.15
129,88.0,0.15
129,96.0,0.15
129,96.0,0.15
129,92.0,0.15
129,94.0,0.15
130,94.0,0.14
130,92.0,0.14
130,98.0,0.14
130,90.0,0.14

130,92.0,0.14
131,96.0,0.15
131,98.0,0.14
131,94.0,0.14
131,98.0,0.14
132,92.0,0.14
132,96.0,0.14
132,92.0,0.14
132,96.0,0.14
133,96.0,0.14
133,100.0,0.14
133,98.0,0.14
133,94.0,0.14
133,92.0,0.14
134,98.0,0.15
134,98.0,0.15
134,98.0,0.15
134,96.0,0.15

134,96.0,0.15
135,96.0,0.14
135,94.0,0.14
135,98.0,0.14
135,100.0,0.14
136,96.0,0.15
136,92.0,0.15
136,96.0,0.15
136,92.0,0.15
136,96.0,0.15
136,98.0,0.15
137,98.0,0.14

137,98.0,0.14
137,98.0,0.14
137,98.0,0.14
137,98.0,0.14
137,94.0,0.14
138,94.0,0.14
138,94.0,0.14
138,98.0,0.14
138,96.0,0.14

138,96.0,0.14
138,94.0,0.14
139,98.0,0.15
139,96.0,0.15
139,100.0,0.15
139,96.0,0.15
140,96.0,0.14
140,94.0,0.14
140,96.0,0.14
140,98.0,0.14
140,94.0,0.14
140,100.0,0.14
141,60.0,0.15
141,56.0,0.15
141,64.0,0.15
141,58.0,0.15
141,56.0,0.15
141,58.0,0.15
142,82.0,0.15
142,90.0,0.15
142,80.0,0.15
142,80.0,0.15
143,88.0,0.14
143,90.0,0.14
143,92.0,0.14
143,90.0,0.14
143,94.0,0.14
144,64.0,7.93
144,68.0,7.93
144,64.0,7.93
144,64.0,7.93
144,68.0,7.93
145,98.0,0.15
145,94.0,0.15


145,96.0,0.15
146,94.0,0.14
146,96.0,0.14
146,94.0,0.14
146,96.0,0.14
146,96.0,0.14
147,94.0,0.14
147,92.0,0.14
147,88.0,0.14
147,94.0,0.14
147,94.0,0.14
147,90.0,0.14
148,98.0,0.14
148,96.0,0.14
148,98.0,0.14
148,100.0,0.14
148,94.0,0.14
149,98.0,0.14

149,98.0,0.14
149,96.0,0.14
149,98.0,0.14
149,100.0,0.14
150,90.0,0.14
150,96.0,0.14
150,96.0,0.14
150,92.0,0.14
150,96.0,0.14
150,88.0,0.14
150,96.0,0.14
150,96.0,0.14
151,98.0,0.15

151,96.0,0.15
151,92.0,0.15
151,100.0,0.15
151,100.0,0.15
152,98.0,0.15
152,94.0,0.15
152,94.0,0.15
152,96.0,0.15
152,90.0,0.15
153,96.0,0.14
153,98.0,0.14
153,98.0,0.14
154,98.0,0.14
154,92.0,0.14

154,94.0,0.14
155,92.0,0.14
155,92.0,0.14

155,98.0,0.14
155,96.0,0.14
155,92.0,0.14
156,88.0,0.15
156,84.0,0.15
156,90.0,0.15
156,78.0,0.15
156,86.0,0.15
157,98.0,0.15
157,100.0,0.15
157,98.0,0.15
157,96.0,0.15
157,96.0,0.15
158,98.0,0.15
158,96.0,0.15
158,94.0,0.15

159,98.0,0.14
159,98.0,0.14

159,98.0,0.14
159,98.0,0.14
159,98.0,0.14
160,84.0,0.14
160,86.0,0.14
160,88.0,0.14
160,86.0,0.14
160,82.0,0.14
161,92.0,0.14
161,88.0,0.14
161,90.0,0.14
161,82.0,0.14
161,88.0,0.14
162,94.0,0.15
162,94.0,0.15
162,92.0,0.15
163,98.0,0.14

163,98.0,0.14
163,98.0,0.14
163,94.0,0.14
163,98.0,0.14
163,98.0,0.14
164,96.0,7.94
164,90.0,7.94
164,92.0,7.94
164,88.0,7.94
165,98.0,0.14
165,98.0,0.14

165,100.0,0.14
165,98.0,0.14
165,100.0,0.14
166,98.0,0.14
166,96.0,0.14
166,98.0,0.14
166,98.0,0.14
166,98.0,0.14
166,100.0,0.14
166,98.0,0.14
167,94.0,0.15
167,94.0,0.15
167,96.0,0.15
167,94.0,0.15
167,98.0,0.15
168,98.0,0.14

168,100.0,0.14
168,98.0,0.14
168,100.0,0.14
168,98.0,0.14
168,90.0,0.14
169,92.0,0.14
169,94.0,0.14
169,96.0,0.14
169,96.0,0.14
169,96.0,0.14
169,98.0,0.14
170,92.0,0.15
170,96.0,0.15
170,94.0,0.15
170,94.0,0.15
170,88.0,0.15
171,72.0,0.15
171,70.0,0.15
171,74.0,0.15
171,70.0,0.15
172,92.0,0.14
172,92.0,0.14
172,98.0,0.14
172,94.0,0.14
172,94.0,0.14
173,98.0,0.15

173,92.0,0.15

173,92.0,0.15
173,98.0,0.15
174,94.0,0.15
174,92.0,0.15
174,86.0,0.15
174,96.0,0.15
174,92.0,0.15
175,98.0,0.14
175,100.0,0.14
175,100.0,0.14
175,100.0,0.14
175,100.0,0.14
175,96.0,0.14
176,96.0,0.14

176,96.0,0.14
176,98.0,0.14
176,100.0,0.14
176,96.0,0.14
176,98.0,0.14
177,96.0,0.14
177,94.0,0.14
177,98.0,0.14
178,92.0,0.14
178,96.0,0.14
178,90.0,0.14
178,94.0,0.14
178,90.0,0.14
178,88.0,0.14
179,92.0,0.15
179,92.0,0.15
179,96.0,0.14
179,86.0,0.14
179,96.0,0.14
179,94.0,0.15
180,86.0,0.15
180,90.0,0.15
180,92.0,0.15
180,86.0,0.15
180,84.0,0.15
180,86.0,0.15
181,98.0,0.14

181,100.0,0.14
181,100.0,0.14
181,98.0,0.14
181,100.0,0.14
181,98.0,0.14
182,92.0,0.15
182,88.0,0.15
182,92.0,0.15
182,92.0,0.15
182,96.0,0.15
183,86.0,0.14
183,80.0,0.14
183,82.0,0.14
183,86.0,0.14
183,86.0,0.14
183,84.0,0.14
184,80.0,0.14
184,74.0,0.15
184,76.0,0.14
184,72.0,0.15
184,78.0,0.14
184,80.0,0.14
184,82.0,0.15
185,92.0,7.96
185,94.0,7.96
185,90.0,7.96
185,94.0,7.96
186,100.0,0.14
186,100.0,0.14
186,100.0,0.14
186,100.0,0.14
186,100.0,0.14
187,94.0,0.14
187,98.0,0.14
187,96.0,0.14
187,94.0,0.14
187,96.0,0.14
187,98.0,0.14
188,90.0,0.14
188,92.0,0.14
188,92.0,0.14
188,90.0,0.14
188,92.0,0.14
188,92.0,0.14
189,100.0,0.15
189,98.0,0.15
189,98.0,0.15
189,100.0,0.15
189,100.0,0.15
190,94.0,0.15
190,100.0,0.15
190,96.0,0.15
190,88.0,0.15
191,98.0,0.14

191,98.0,0.14

191,100.0,0.14
191,98.0,0.14
191,96.0,0.14
192,96.0,0.14
1192,98.0,0.14
192,100.0,0.14
192,100.0,0.14
193,88.0,0.15
193,96.0,0.15
193,96.0,0.15
194,100.0,0.14
94,100.0,0.14
194,96.0,0.14
194,98.0,0.14
194,100.0,0.14
195,98.0,0.15

195,100.0,0.15
196,96.0,0.14

196,96.0,0.14
196,98.0,0.14
196,98.0,0.14
196,98.0,0.14
197,94.0,0.14
197,98.0,0.14
197,100.0,0.14
197,98.0,0.14
197,98.0,0.14
198,98.0,0.14
198,96.0,0.14

198,98.0,0.14

199,96.0,0.15
199,96.0,0.15
199,94.0,0.15
200,98.0,0.14
200,100.0,0.14
200,96.0,0.14
200,96.0,0.14
200,100.0,0.14
201,100.0,0.14
201,98.0,0.14
201,98.0,0.14
201,100.0,0.14
201,98.0,0.14
201,100.0,0.14
202,94.0,0.15
202,90.0,0.15
202,94.0,0.15
202,92.0,0.15
203,100.0,0.14203,98.0,0.14
203,98.0,0.14
203,100.0,0.14
203,98.0,0.14
203,96.0,0.14
204,100.0,0.14
04,100.0,0.14
204,98.0,0.14
204,98.0,0.14
204,94.0,0.14
205,96.0,7.9
205,98.0,7.9
205,96.0,7.9
206,98.0,0.14
206,98.0,0.14
206,96.0,0.14
206,96.0,0.14
206,96.0,0.14
207,96.0,0.15
207,96.0,0.15
207,98.0,0.15
207,94.0,0.15
208,90.0,0.15
208,84.0,0.15
208,90.0,0.15
208,86.0,0.15
209,90.0,0.15
209,86.0,0.15
209,92.0,0.15
209,92.0,0.15
210,100.0,0.15
210,100.0,0.15
210,98.0,0.15
211,98.0,0.14
211,100.0,0.14
11,92.0,0.14
211,98.0,0.14
212,96.0,0.14

212,98.0,0.14
212,100.0,0.14
212,98.0,0.14
213,64.0,0.14
213,60.0,0.14
213,62.0,0.14
213,58.0,0.14
213,62.0,0.14
213,62.0,0.14
214,96.0,0.14

214,98.0,0.14
214,96.0,0.14
214,100.0,0.14
215,98.0,0.15
2215,100.0,0.15
215,94.0,0.15
216,94.0,0.14
216,98.0,0.14
216,96.0,0.14
216,96.0,0.14

216,98.0,0.14
217,58.0,0.15
217,64.0,0.15
217,66.0,0.15
217,64.0,0.15
218,90.0,0.14
218,94.0,0.14
218,92.0,0.14
218,92.0,0.14
218,90.0,0.14
219,100.0,0.142219,94.0,0.14

219,100.0,0.14
220,100.0,0.15
20,94.0,0.15

220,98.0,0.15
220,96.0,0.15
220,100.0,0.15
221,94.0,0.14
221,98.0,0.14
221,92.0,0.14
221,96.0,0.14
221,98.0,0.14
222,92.0,0.15
222,92.0,0.15
222,92.0,0.15
222,94.0,0.15
222,92.0,0.15
223,100.0,0.15
223,98.0,0.15
223,100.0,0.15
223,100.0,0.15
223,100.0,0.15
224,100.0,0.14
224,100.0,0.14
224,100.0,0.14
224,100.0,0.14
224,96.0,0.14
225,96.0,0.14
225,94.0,0.14
225,90.0,0.14
225,90.0,0.14
225,88.0,0.14
225,92.0,0.14
226,96.0,7.99

226,100.0,7.99
226,98.0,7.99
226,100.0,7.99
226,98.0,7.99
226,100.0,7.99
226,98.0,7.99
227,96.0,0.14
227,94.0,0.14
227,92.0,0.14
227,92.0,0.14
227,96.0,0.14
228,94.0,0.14
228,92.0,0.14
228,98.0,0.14
229,84.0,0.15
229,92.0,0.15
229,96.0,0.15
229,88.0,0.15
230,94.0,0.14
230,94.0,0.14
230,90.0,0.14
230,90.0,0.14
231,100.0,0.14231,98.0,0.14
231,98.0,0.14
231,98.0,0.14

231,94.0,0.14
231,98.0,0.14
232,100.0,0.15
232,100.0,0.15
232,96.0,0.15
232,98.0,0.15
232,98.0,0.15
233,96.0,0.14
233,96.0,0.14
233,94.0,0.14
233,100.0,0.14
233,96.0,0.14
233,100.0,0.14
234,98.0,0.14

234,100.0,0.14
234,100.0,0.14
234,98.0,0.14
234,98.0,0.14
235,98.0,0.14
235,100.0,0.14
35,96.0,0.14

236,90.0,0.15
236,86.0,0.15
236,92.0,0.15
236,92.0,0.15
236,88.0,0.15
236,84.0,0.15
237,100.0,0.14
237,100.0,0.14
237,98.0,0.14

237,98.0,0.14
238,100.0,0.15
38,98.0,0.15
238,98.0,0.15
238,98.0,0.15
238,98.0,0.15
239,98.0,0.14
239,100.0,0.14
239,94.0,0.14
239,94.0,0.14
239,98.0,0.14
239,96.0,0.14
239,98.0,0.14
240,98.0,0.14

240,100.0,0.14
240,98.0,0.14
240,96.0,0.14
240,98.0,0.14
241,98.0,0.14
241,98.0,0.14
241,96.0,0.14
241,100.0,0.14
241,94.0,0.14
242,90.0,0.14
242,90.0,0.14
242,90.0,0.14
242,88.0,0.14
243,68.0,0.14
243,74.0,0.14
243,74.0,0.14
243,72.0,0.14
243,72.0,0.14
244,96.0,0.14
244,96.0,0.14
244,96.0,0.14
244,94.0,0.14
244,94.0,0.14
245,100.0,0.14
245,100.0,0.14
245,98.0,0.14
245,100.0,0.14
245,98.0,0.14
245,100.0,0.14
246,94.0,7.97
246,94.0,7.97
246,90.0,7.97
246,92.0,7.97
247,100.0,0.14
247,98.0,0.14

247,100.0,0.14
247,100.0,0.14
247,100.0,0.14
247,100.0,0.14
248,98.0,0.14

248,98.0,0.14
248,98.0,0.14
248,98.0,0.14
249,54.0,0.15
249,56.0,0.15
249,56.0,0.15
249,54.0,0.15
249,50.0,0.15
250,100.0,0.15
250,100.0,0.15
250,98.0,0.15
250,100.0,0.15
250,100.0,0.15
251,96.0,0.14
251,96.0,0.14
251,100.0,0.14
251,100.0,0.14
251,100.0,0.14
252,96.0,0.14
252,100.0,0.14
252,98.0,0.14
252,98.0,0.14

252,98.0,0.14
252,100.0,0.14
253,98.0,0.14
253,100.0,0.14
253,100.0,0.14
253,98.0,0.14
253,100.0,0.14
254,98.0,0.14

254,98.0,0.14
255,100.0,0.14
255,98.0,0.14
255,98.0,0.14
255,100.0,0.14
255,100.0,0.14
256,96.0,0.14
256,100.0,0.14

256,100.0,0.14
257,100.0,0.15
257,98.0,0.15
257,96.0,0.15
257,100.0,0.15
257,98.0,0.15
258,98.0,0.14
258,98.0,0.14
258,98.0,0.14
258,98.0,0.14
258,96.0,0.14
258,96.0,0.14
259,98.0,0.14
259,98.0,0.14
259,98.0,0.14
259,96.0,0.14
260,100.0,0.15
260,96.0,0.15

261,76.0,0.14
261,78.0,0.14
261,78.0,0.14
261,74.0,0.14
261,76.0,0.14
261,80.0,0.14
262,100.0,0.14
262,100.0,0.14
262,100.0,0.14262,100.0,0.14
262,100.0,0.14
262,98.0,0.14
263,88.0,0.15
263,88.0,0.14
263,94.0,0.15
264,92.0,0.14
264,94.0,0.14
264,90.0,0.14
265,94.0,0.14
265,96.0,0.14
265,96.0,0.14
266,100.0,0.14
266,98.0,0.14

266,96.0,0.14
266,100.0,0.14
267,96.0,8.02
267,98.0,8.02
267,96.0,8.02
267,98.0,8.02
268,98.0,0.15

268,100.0,0.15
268,98.0,0.15
268,100.0,0.15
268,100.0,0.15
269,98.0,0.15

69,100.0,0.15
269,100.0,0.15
269,96.0,0.15
270,90.0,0.15
270,92.0,0.15
270,92.0,0.15
270,92.0,0.15
270,92.0,0.15
271,96.0,0.14

271,94.0,0.14
271,100.0,0.14
271,100.0,0.14
272,98.0,0.14
272,96.0,0.14
272,96.0,0.14
272,98.0,0.14
272,98.0,0.14
273,94.0,0.14
273,96.0,0.14
273,96.0,0.14
273,94.0,0.14
273,96.0,0.14
273,96.0,0.14
274,96.0,0.14

274,100.0,0.14274,100.0,0.14
274,98.0,0.14
274,100.0,0.14
275,98.0,0.14
275,98.0,0.14
275,98.0,0.14
275,98.0,0.14
275,98.0,0.14
276,100.0,0.15
276,98.0,0.15
276,98.0,0.15
276,98.0,0.15
276,100.0,0.15
277,100.0,0.15277,100.0,0.15
277,98.0,0.15
277,100.0,0.15
277,98.0,0.15
278,96.0,0.14
278,96.0,0.14
278,94.0,0.14
278,94.0,0.14
278,94.0,0.15
279,90.0,0.14
279,92.0,0.14
279,92.0,0.14
279,92.0,0.14
280,100.0,0.14
280,100.0,0.14
280,100.0,0.14
280,100.0,0.14
281,98.0,0.15
281,98.0,0.15
281,98.0,0.15
282,92.0,0.14
282,92.0,0.14
282,90.0,0.14
282,88.0,0.14
282,94.0,0.14
282,92.0,0.14
283,78.0,0.14
283,74.0,0.14
283,78.0,0.14
283,78.0,0.14
283,76.0,0.14
284,100.0,0.14
284,98.0,0.14
284,98.0,0.14
284,100.0,0.14
285,100.0,0.152285,100.0,0.15
285,98.0,0.15
285,100.0,0.15
286,98.0,0.14
286,98.0,0.14
286,96.0,0.14
286,96.0,0.14
286,96.0,0.14
286,98.0,0.14
287,94.0,8.13
287,96.0,8.13
287,96.0,8.13
288,100.0,0.14
288,100.0,0.14
288,100.0,0.14
288,100.0,0.14
288,96.0,0.14

289,98.0,0.14

289,92.0,0.14
289,98.0,0.14
289,100.0,0.14
289,98.0,0.14
289,100.0,0.14
290,100.0,0.14
290,100.0,0.14
291,98.0,0.15
291,96.0,0.15
291,98.0,0.15
291,94.0,0.15
291,98.0,0.15
292,100.0,0.15
292,96.0,0.15
292,98.0,0.15
292,98.0,0.15
292,100.0,0.15
293,100.0,0.14
293,100.0,0.14
293,100.0,0.14
293,100.0,0.14
294,100.0,0.15294,98.0,0.15
294,100.0,0.15
294,100.0,0.15
294,100.0,0.15
294,98.0,0.15
295,96.0,0.15
295,100.0,0.15
295,96.0,0.14
295,98.0,0.14
295,100.0,0.15
295,100.0,0.14
295,100.0,0.15
296,100.0,0.14
296,98.0,0.14
297,96.0,0.14
297,96.0,0.15
297,94.0,0.15
297,94.0,0.14
298,96.0,0.15
298,96.0,0.15
299,92.0,0.14
299,94.0,0.14
299,92.0,0.14
299,90.0,0.14
299,96.0,0.14
299,94.0,0.14
300,94.0,0.14

300,100.0,0.14
300,94.0,0.14
300,98.0,0.14
301,88.0,0.15
301,88.0,0.15
301,88.0,0.15
301,88.0,0.15
302,98.0,0.14
302,98.0,0.14
302,98.0,0.14
302,96.0,0.14
302,96.0,0.14
303,98.0,0.14
303,96.0,0.14
303,96.0,0.14
303,100.0,0.14
303,96.0,0.14

304,100.0,0.14
304,96.0,0.14
304,98.0,0.14
304,98.0,0.14

305,98.0,0.14
305,100.0,0.14
305,100.0,0.14
305,100.0,0.14
306,98.0,0.14

306,98.0,0.14
306,98.0,0.14
306,100.0,0.14
307,98.0,0.14

308,98.0,8.12

308,98.0,8.12

308,100.0,8.12
308,100.0,8.12
309,98.0,0.15
309,100.0,0.15
309,98.0,0.15
309,98.0,0.15
309,98.0,0.15
310,100.0,0.14
310,100.0,0.14
310,100.0,0.14
310,100.0,0.14
310,100.0,0.14
311,96.0,0.15
311,96.0,0.15
311,96.0,0.15
312,94.0,0.14
312,96.0,0.14
312,96.0,0.14
312,94.0,0.14
312,96.0,0.14
313,100.0,0.15
313,98.0,0.15
313,100.0,0.15
313,100.0,0.15
313,100.0,0.15
314,98.0,0.14

314,100.0,0.14
314,98.0,0.14
314,98.0,0.14
314,96.0,0.14
315,98.0,0.14
315,96.0,0.14
315,96.0,0.14
315,98.0,0.14
315,98.0,0.14
315,96.0,0.14
316,96.0,0.15
316,96.0,0.15
316,98.0,0.15
316,96.0,0.15
316,96.0,0.15
317,100.0,0.14
317,100.0,0.14
317,100.0,0.14
317,98.0,0.14
317,100.0,0.14
318,90.0,0.14
318,90.0,0.14
318,88.0,0.14
318,90.0,0.14
319,100.0,0.14
319,100.0,0.14
319,100.0,0.14
320,100.0,0.14
320,100.0,0.14
320,100.0,0.14
320,100.0,0.14
320,100.0,0.14
320,98.0,0.14

321,100.0,0.14321,100.0,0.14
321,98.0,0.14
321,100.0,0.14
321,100.0,0.14
322,98.0,0.15
322,98.0,0.15
322,98.0,0.15
322,96.0,0.15
323,98.0,0.14

323,98.0,0.14
323,100.0,0.14
323,100.0,0.14
323,98.0,0.14

324,90.0,0.14
324,88.0,0.14
324,90.0,0.14
324,92.0,0.14
324,88.0,0.14
324,92.0,0.14
325,100.0,0.14
325,100.0,0.14
325,100.0,0.14
325,98.0,0.14
325,100.0,0.14
326,98.0,0.14
326,98.0,0.14
326,96.0,0.14
327,98.0,0.14

327,100.0,0.14
327,100.0,0.14
327,98.0,0.14
327,100.0,0.14
328,100.0,8.01
328,100.0,8.01
328,100.0,8.01
328,100.0,8.01
329,100.0,0.14
329,100.0,0.14
329,100.0,0.14
329,100.0,0.14
329,100.0,0.14
329,100.0,0.14
330,98.0,0.15

330,100.0,0.15
330,100.0,0.15
330,98.0,0.15
330,100.0,0.15
330,100.0,0.15
331,98.0,0.15

331,100.0,0.15
331,100.0,0.15
331,98.0,0.15

331,98.0,0.15
332,98.0,0.14
332,96.0,0.14
332,98.0,0.14
332,98.0,0.14
333,94.0,0.14
333,96.0,0.14
333,98.0,0.14
333,98.0,0.14
334,96.0,0.14
334,96.0,0.14
334,96.0,0.14
334,92.0,0.14
334,94.0,0.14
334,96.0,0.14
335,98.0,0.14
335,100.0,0.14
335,98.0,0.14
335,100.0,0.14
335,98.0,0.14
336,100.0,0.14
336,98.0,0.14
336,98.0,0.14
336,100.0,0.14
336,98.0,0.14
337,98.0,0.15
337,100.0,0.15
337,98.0,0.15
337,100.0,0.15
337,98.0,0.15
337,96.0,0.15
338,98.0,0.14
338,98.0,0.14
338,98.0,0.14
338,98.0,0.14
338,98.0,0.14
339,96.0,0.14

339,100.0,0.14
339,98.0,0.14

339,100.0,0.14
340,98.0,0.14
340,96.0,0.14
340,98.0,0.14
340,98.0,0.14
341,100.0,0.14
341,100.0,0.14
341,100.0,0.14
341,100.0,0.14
341,100.0,0.14
341,100.0,0.14
342,100.0,0.14
342,98.0,0.14

342,100.0,0.14
342,100.0,0.14
342,100.0,0.14
343,66.0,0.15
343,66.0,0.15
343,68.0,0.15
343,68.0,0.15
343,68.0,0.15
344,98.0,0.14
344,96.0,0.14
344,96.0,0.14
344,94.0,0.14
344,94.0,0.14
345,96.0,0.14
345,96.0,0.14
345,96.0,0.14
346,96.0,0.14
346,98.0,0.14
346,96.0,0.14
346,96.0,0.14
346,98.0,0.14
347,98.0,0.16
347,100.0,0.16
347,100.0,0.15
347,100.0,0.16
347,100.0,0.16
348,98.0,0.14
348,96.0,0.14
348,98.0,0.14
348,98.0,0.14
349,96.0,8.02
349,96.0,8.02
349,94.0,8.02
349,90.0,8.02
349,90.0,8.02
349,94.0,8.02
350,96.0,0.14

350,100.0,0.14
350,100.0,0.14
350,100.0,0.14
350,98.0,0.14
350,98.0,0.14
350,98.0,0.14
351,100.0,0.15
351,100.0,0.15
351,98.0,0.15
351,98.0,0.15
351,98.0,0.15
352,92.0,0.14
352,96.0,0.14
352,96.0,0.14
352,96.0,0.14
352,98.0,0.14
352,98.0,0.14
353,100.0,0.14
353,100.0,0.14
354,98.0,0.14
354,98.0,0.14
354,94.0,0.14
354,98.0,0.14
354,100.0,0.14
355,98.0,0.14
355,96.0,0.14
355,98.0,0.14
355,94.0,0.14
355,94.0,0.14
356,100.0,0.14356,98.0,0.14
356,96.0,0.14
356,98.0,0.14
356,100.0,0.14
356,98.0,0.14
357,94.0,0.15
357,96.0,0.15
357,96.0,0.15
357,94.0,0.15
358,90.0,0.15
358,92.0,0.15
358,90.0,0.15
359,98.0,0.14
359,94.0,0.14
359,96.0,0.14
359,98.0,0.14
360,100.0,0.14
360,100.0,0.14
360,100.0,0.14
361,100.0,0.14
361,96.0,0.14
361,100.0,0.14
361,100.0,0.14
361,98.0,0.14
362,100.0,0.14
362,96.0,0.14
362,100.0,0.14
362,98.0,0.14
363,98.0,0.14
363,98.0,0.14
363,96.0,0.14
364,98.0,0.15
364,98.0,0.15
364,96.0,0.15
364,96.0,0.15
364,98.0,0.15
365,90.0,0.15
365,94.0,0.15
365,96.0,0.15
365,98.0,0.15
365,98.0,0.15
366,96.0,0.15
366,96.0,0.15
366,98.0,0.15
366,98.0,0.15
367,98.0,0.14

367,98.0,0.14
367,100.0,0.14
367,100.0,0.14
367,100.0,0.14
367,100.0,0.14
368,100.0,0.15
368,100.0,0.14
368,100.0,0.14
369,100.0,8.05
69,100.0,8.05
369,98.0,8.05

369,100.0,8.05
370,100.0,0.15
370,100.0,0.15
370,98.0,0.15
370,100.0,0.15
370,100.0,0.15
371,98.0,0.14
371,96.0,0.14
371,96.0,0.14
371,98.0,0.14
371,94.0,0.14
372,100.0,0.15
72,100.0,0.15
372,100.0,0.15
372,98.0,0.15
373,96.0,0.14
373,96.0,0.14
373,96.0,0.14
373,96.0,0.14
373,96.0,0.14
373,96.0,0.14
374,100.0,0.14374,98.0,0.14

374,100.0,0.14
375,94.0,0.14
375,90.0,0.14
375,94.0,0.14
376,100.0,0.14
376,100.0,0.14
376,100.0,0.14
376,100.0,0.14
376,100.0,0.14
376,100.0,0.14
377,78.0,0.15
377,78.0,0.15
377,76.0,0.15
377,76.0,0.15
377,78.0,0.15
377,76.0,0.15
377,78.0,0.15
378,100.0,0.15
378,98.0,0.15

378,100.0,0.15
378,100.0,0.15
378,98.0,0.15
379,92.0,0.15
379,94.0,0.15
379,96.0,0.15
379,94.0,0.15
379,94.0,0.15
380,100.0,0.14
380,100.0,0.14
380,100.0,0.14
380,100.0,0.14
381,100.0,0.14
381,96.0,0.14

381,98.0,0.14
381,100.0,0.14
382,100.0,0.14
382,98.0,0.14
382,100.0,0.14
382,96.0,0.14
382,98.0,0.14
383,100.0,0.14
83,100.0,0.14
383,100.0,0.14
384,94.0,0.15
384,96.0,0.15
384,88.0,0.15
384,94.0,0.15
384,96.0,0.15
385,98.0,0.15
385,98.0,0.15

385,98.0,0.15
385,98.0,0.15
385,92.0,0.15
385,98.0,0.15
386,100.0,0.14
386,100.0,0.14386,100.0,0.14
386,98.0,0.14
386,100.0,0.14
387,88.0,0.15
387,94.0,0.15
388,98.0,0.14

388,100.0,0.14
388,100.0,0.14
389,100.0,0.14
389,100.0,0.14
390,92.0,8.65
390,90.0,8.65
390,88.0,8.65
390,88.0,8.65
390,90.0,8.65
391,100.0,0.16
91,100.0,0.16
391,100.0,0.16
392,100.0,0.153392,100.0,0.15
393,98.0,0.15

393,98.0,0.15
393,100.0,0.15
394,100.0,0.14
394,100.0,0.14
395,100.0,0.15
395,100.0,0.15
395,100.0,0.15
396,100.0,0.15
396,100.0,0.15
396,100.0,0.15
397,100.0,0.14
397,100.0,0.14
397,100.0,0.14
397,100.0,0.14
398,98.0,0.14

398,98.0,0.14
398,100.0,0.14
398,96.0,0.14
399,98.0,0.14

399,98.0,0.14
399,100.0,0.14
399,100.0,0.14
399,100.0,0.14
400,96.0,0.14

400,98.0,0.14
400,96.0,0.14
400,100.0,0.14
400,96.0,0.14
401,96.0,0.15
401,92.0,0.15
401,96.0,0.15
401,96.0,0.15
401,92.0,0.15
401,92.0,0.15
402,98.0,0.15
402,94.0,0.15

402,98.0,0.15

402,100.0,0.15
402,96.0,0.15
403,94.0,0.14
403,94.0,0.14
403,96.0,0.14
403,96.0,0.14
403,96.0,0.14
404,96.0,0.14
404,96.0,0.14
404,92.0,0.14
404,96.0,0.14
404,94.0,0.14
405,98.0,0.14

405,100.0,0.14
405,98.0,0.14
406,94.0,0.14
406,92.0,0.15
406,90.0,0.15
407,98.0,0.15

07,98.0,0.15
407,98.0,0.15

408,94.0,0.15
408,96.0,0.15
408,92.0,0.15
408,98.0,0.15
409,100.0,0.14
409,98.0,0.14
409,100.0,0.14
409,100.0,0.14
409,98.0,0.14
410,98.0,8.37
410,98.0,8.37
410,98.0,8.37
410,96.0,8.37
411,100.0,0.15
411,98.0,0.15
411,100.0,0.15
411,100.0,0.15
411,100.0,0.15
411,98.0,0.15
411,100.0,0.15
412,98.0,0.15
412,96.0,0.15
412,98.0,0.15
412,98.0,0.15
412,98.0,0.15
413,100.0,0.16
413,100.0,0.16
413,96.0,0.16
413,98.0,0.16
413,100.0,0.16
413,100.0,0.16
414,92.0,0.16
414,92.0,0.16
414,92.0,0.16
414,92.0,0.16
414,90.0,0.16
414,90.0,0.16
415,100.0,0.15
415,100.0,0.15
415,100.0,0.15
416,78.0,0.15
416,80.0,0.15
416,78.0,0.15
416,80.0,0.15
416,78.0,0.15
416,80.0,0.15
417,98.0,0.14
417,98.0,0.14
417,98.0,0.14
417,98.0,0.14
417,98.0,0.14
418,100.0,0.15
418,100.0,0.15
418,100.0,0.15
418,100.0,0.15
418,98.0,0.15
419,100.0,0.16
419,98.0,0.16
419,100.0,0.16419,98.0,0.16
419,100.0,0.16
420,94.0,0.16
420,98.0,0.16
420,98.0,0.16
420,100.0,0.16
420,100.0,0.16
420,96.0,0.16
421,96.0,0.15

421,100.0,0.15
421,96.0,0.15
421,100.0,0.15
421,96.0,0.15
421,98.0,0.15
422,92.0,0.15
422,94.0,0.15
422,92.0,0.15
422,92.0,0.15
423,98.0,0.15
423,98.0,0.15
423,98.0,0.15
424,96.0,0.15
4424,100.0,0.15424,100.0,0.15
425,98.0,0.16

425,100.0,0.16
425,100.0,0.16
425,100.0,0.16
425,100.0,0.16
426,98.0,0.15

426,94.0,0.15
426,100.0,0.15
426,98.0,0.15
427,100.0,0.15
427,98.0,0.15
427,100.0,0.15427,100.0,0.15
427,98.0,0.15
428,98.0,0.15

428,100.0,0.15
428,98.0,0.15

428,100.0,0.15
428,100.0,0.15
429,100.0,0.15
429,98.0,0.15
429,98.0,0.15
429,100.0,0.15
429,98.0,0.15
429,100.0,0.15
429,100.0,0.15
430,100.0,0.15
430,100.0,0.15
430,100.0,0.15
431,100.0,8.75
431,98.0,8.75

431,100.0,8.75
431,96.0,8.75
432,100.0,0.15
432,100.0,0.15
432,98.0,0.15
432,100.0,0.15
432,100.0,0.15
432,100.0,0.15
432,100.0,0.15
433,94.0,0.15
433,92.0,0.15
433,94.0,0.15
433,94.0,0.15
433,94.0,0.15
433,90.0,0.15
434,100.0,0.15
434,98.0,0.15

434,100.0,0.15
434,98.0,0.15
434,100.0,0.15
435,98.0,0.16
435,100.0,0.16
435,100.0,0.16
435,100.0,0.16
435,100.0,0.16
435,98.0,0.16
436,100.0,0.14
436,100.0,0.14
436,100.0,0.14
436,98.0,0.14
436,100.0,0.14
437,92.0,0.14
437,90.0,0.14
437,92.0,0.14
437,88.0,0.14
437,86.0,0.14
437,92.0,0.14
438,100.0,0.14
438,100.0,0.14
438,100.0,0.14
438,100.0,0.14
439,96.0,0.15
439,98.0,0.15
439,98.0,0.15
439,96.0,0.15
439,98.0,0.15
439,98.0,0.15
439,96.0,0.15
440,100.0,0.15
440,100.0,0.15
440,100.0,0.15
441,86.0,0.16
441,86.0,0.16
441,86.0,0.16
441,86.0,0.16
442,100.0,0.14
442,100.0,0.14
442,100.0,0.14
442,100.0,0.14
443,96.0,0.14

443,100.0,0.14
443,96.0,0.14

443,100.0,0.14
444,98.0,0.14

444,100.0,0.14444,100.0,0.14
444,100.0,0.14
444,100.0,0.14
445,96.0,0.14
445,98.0,0.14
445,96.0,0.14
445,96.0,0.14
446,94.0,0.14
446,96.0,0.14
446,96.0,0.14
447,96.0,0.15
447,96.0,0.15
447,94.0,0.15
448,90.0,0.14
448,92.0,0.14
449,100.0,0.14
449,100.0,0.14
449,100.0,0.14
449,100.0,0.14
449,100.0,0.14
450,98.0,0.14
450,98.0,0.14
450,98.0,0.14
450,98.0,0.14
450,96.0,0.14
451,100.0,8.39
451,100.0,8.39
451,100.0,8.39
451,100.0,8.39
452,98.0,0.18
452,100.0,0.18
452,100.0,0.18
452,100.0,0.18
452,100.0,0.18
453,100.0,0.18
453,100.0,0.18
453,100.0,0.18
453,100.0,0.18
454,100.0,0.16454,100.0,0.16

454,100.0,0.16
455,100.0,0.14
455,100.0,0.14
455,98.0,0.14
455,98.0,0.14
455,100.0,0.14
456,98.0,0.13

456,100.0,0.13
456,100.0,0.14
457,94.0,0.14
457,90.0,0.14
457,92.0,0.14
458,100.0,0.14
458,100.0,0.14
458,100.0,0.14
458,100.0,0.14
458,100.0,0.14
458,100.0,0.14
459,92.0,0.15
459,90.0,0.15
459,90.0,0.15
459,92.0,0.15
459,92.0,0.15
459,92.0,0.15
460,100.0,0.15
460,98.0,0.15
461,94.0,0.14
461,98.0,0.14
461,98.0,0.14
461,98.0,0.15
462,94.0,0.14
462,94.0,0.14
462,94.0,0.14
462,96.0,0.14
463,94.0,0.14
463,96.0,0.14
463,96.0,0.14
463,96.0,0.14
463,96.0,0.14
463,96.0,0.14
464,100.0,0.15
464,100.0,0.15
464,100.0,0.15
464,100.0,0.15
465,98.0,0.15
465,94.0,0.15
465,96.0,0.15
466,100.0,0.16466,100.0,0.16
466,100.0,0.16
466,100.0,0.16
466,100.0,0.16
466,100.0,0.16
467,98.0,0.14

467,100.0,0.14
467,100.0,0.14
467,98.0,0.14
468,96.0,0.15
468,94.0,0.15
468,96.0,0.15
469,96.0,0.15
469,98.0,0.15
469,98.0,0.15
469,98.0,0.15
469,98.0,0.15
469,98.0,0.15
469,96.0,0.15
470,94.0,0.15
470,94.0,0.15
470,88.0,0.15
470,94.0,0.15
470,92.0,0.15
471,96.0,0.15
471,96.0,0.15
471,96.0,0.15
471,96.0,0.15
471,96.0,0.15
472,96.0,8.17
472,96.0,8.17
472,98.0,8.17
472,98.0,8.17
472,96.0,8.17
473,98.0,0.15

473,98.0,0.15

473,98.0,0.15
473,96.0,0.15
473,100.0,0.15
473,98.0,0.15
474,98.0,0.15

474,98.0,0.15
474,98.0,0.15
475,100.0,0.15
475,96.0,0.15
475,98.0,0.15
475,98.0,0.15
475,100.0,0.15
475,96.0,0.15
476,100.0,0.15
476,100.0,0.15
476,98.0,0.15

477,98.0,0.15

477,100.0,0.15
477,100.0,0.15
477,100.0,0.15
477,96.0,0.15
477,100.0,0.15
478,100.0,0.15
478,98.0,0.15
478,100.0,0.15
478,100.0,0.15
478,100.0,0.15
478,100.0,0.15
479,98.0,0.16

479,100.0,0.16
479,98.0,0.16
479,100.0,0.16
479,100.0,0.16
479,100.0,0.16
480,100.0,0.14
480,98.0,0.14

480,100.0,0.14
480,98.0,0.14
481,100.0,0.14
481,100.0,0.14
481,100.0,0.14
481,98.0,0.14
482,56.0,0.15
482,60.0,0.15
482,62.0,0.15
482,62.0,0.15
482,58.0,0.15
483,96.0,0.15
483,96.0,0.15
483,98.0,0.15
483,96.0,0.15
483,94.0,0.15
484,96.0,0.14
484,94.0,0.14
484,94.0,0.14
484,96.0,0.14
485,98.0,0.15

485,100.0,0.15
486,88.0,0.14
486,96.0,0.14
486,96.0,0.14
487,100.0,0.14
487,98.0,0.14
487,100.0,0.14
488,96.0,0.15
488,94.0,0.15
488,98.0,0.15
488,96.0,0.15
488,98.0,0.15
488,94.0,0.15
489,92.0,0.15
489,94.0,0.15
489,94.0,0.15
489,92.0,0.15
490,98.0,0.14

490,100.0,0.14
490,96.0,0.14
491,100.0,0.15
491,100.0,0.15
491,100.0,0.15
491,100.0,0.15
491,100.0,0.15
491,100.0,0.15
491,100.0,0.15
492,94.0,8.25
492,92.0,8.25
492,96.0,8.25
492,96.0,8.25
492,98.0,8.25
493,100.0,0.15
493,98.0,0.15

493,100.0,0.15
493,100.0,0.15
493,100.0,0.15
494,96.0,0.15
494,94.0,0.15
494,94.0,0.15
494,92.0,0.15
494,96.0,0.15
495,96.0,0.15
495,96.0,0.15
496,94.0,0.14
496,92.0,0.14
496,96.0,0.14
497,94.0,0.15
497,100.0,0.15
497,100.0,0.15
497,100.0,0.15
497,100.0,0.15
498,98.0,0.15

498,100.0,0.15
498,98.0,0.15

498,100.0,0.15
499,100.0,0.14
499,100.0,0.14
499,100.0,0.14
499,96.0,0.14

500,98.0,0.15
500,98.0,0.15
500,98.0,0.15
501,100.0,0.15
501,100.0,0.15
501,98.0,0.15
501,100.0,0.15
502,100.0,0.14
502,100.0,0.14
502,100.0,0.14
502,98.0,0.14
502,100.0,0.14
502,100.0,0.14
502,98.0,0.14
503,98.0,0.15
503,96.0,0.15
503,98.0,0.15
503,98.0,0.15
503,96.0,0.15
503,98.0,0.15
503,94.0,0.15
504,100.0,0.15
504,100.0,0.15
504,100.0,0.15
504,98.0,0.15
504,100.0,0.15
505,100.0,0.15
05,100.0,0.15
505,100.0,0.15
505,100.0,0.15
505,100.0,0.15
505,100.0,0.15
506,100.0,0.14
506,98.0,0.14

506,100.0,0.14
506,100.0,0.14
507,100.0,0.15
507,100.0,0.15
507,100.0,0.15
508,100.0,0.15
508,100.0,0.15
508,100.0,0.15
508,100.0,0.15
508,98.0,0.15

509,92.0,0.18
509,94.0,0.18
510,96.0,0.16

510,100.0,0.16
510,100.0,0.16
510,100.0,0.16
511,96.0,0.17

511,96.0,0.17
511,100.0,0.17
512,100.0,0.18
512,100.0,0.18
512,98.0,0.18
512,100.0,0.18
513,100.0,0.14513,100.0,0.14
513,100.0,0.14
513,98.0,0.14
513,100.0,0.14
514,98.0,0.15
514,98.0,0.15
514,96.0,0.15
514,96.0,0.15
515,98.0,0.16
515,94.0,0.16
515,98.0,0.16
515,98.0,0.16
515,98.0,0.16
515,98.0,0.16
516,100.0,0.15
516,100.0,0.14
516,100.0,0.15
516,100.0,0.14
516,100.0,0.14
517,98.0,0.14
517,94.0,0.14
517,96.0,0.14
518,94.0,0.15
518,94.0,0.15
518,94.0,0.15
519,98.0,0.14

519,100.0,0.14
519,100.0,0.14
519,100.0,0.14519,100.0,0.14
520,100.0,0.14
520,100.0,0.14
520,100.0,0.14
520,100.0,0.14
520,96.0,0.14
521,100.0,0.15
521,98.0,0.15

522,100.0,0.14
522,96.0,0.14
522,94.0,0.14
522,98.0,0.14
522,98.0,0.14
522,96.0,0.14
523,88.0,0.14
523,90.0,0.14
523,90.0,0.14
523,88.0,0.14
523,88.0,0.14
524,100.0,0.15
524,98.0,0.15
524,100.0,0.15
524,98.0,0.15

524,100.0,0.15
524,100.0,0.15
525,100.0,0.14
525,100.0,0.14
525,100.0,0.14
525,96.0,0.14

525,100.0,0.14
526,94.0,0.14
526,92.0,0.14
526,94.0,0.14
526,94.0,0.14
526,92.0,0.14
527,100.0,0.14
527,100.0,0.14
527,100.0,0.14
527,100.0,0.14
527,100.0,0.14
527,100.0,0.14
528,94.0,0.14
528,94.0,0.14
529,98.0,0.15

529,100.0,0.15
529,100.0,0.15
529,98.0,0.15

530,100.0,0.14
30,100.0,0.14
530,100.0,0.14
530,100.0,0.14
531,98.0,0.14
531,98.0,0.14
531,98.0,0.14
531,98.0,0.14
532,100.0,0.14
532,98.0,0.14
532,100.0,0.14
532,100.0,0.14
533,98.0,8.01
533,98.0,8.01
533,98.0,8.01
533,98.0,8.01
534,98.0,0.15
534,96.0,0.15
534,96.0,0.15
534,94.0,0.15
534,96.0,0.15
535,100.0,0.155535,100.0,0.15
536,98.0,0.18

536,100.0,0.18
537,100.0,0.17
537,100.0,0.17
537,100.0,0.17
538,58.0,0.17
538,56.0,0.17
538,58.0,0.17
538,56.0,0.17
538,58.0,0.17
539,100.0,0.15
539,100.0,0.15
539,100.0,0.15
540,100.0,0.14
540,100.0,0.14
540,100.0,0.14
540,100.0,0.14
541,100.0,0.15
541,98.0,0.15

541,98.0,0.15

541,100.0,0.15
542,96.0,0.15
542,96.0,0.15
542,98.0,0.15
543,96.0,0.14
543,96.0,0.14
543,96.0,0.14
544,100.0,0.14
544,100.0,0.14
544,100.0,0.14
544,100.0,0.14
544,100.0,0.14
545,100.0,0.14
545,100.0,0.14
545,100.0,0.14
545,100.0,0.14
545,98.0,0.14
546,78.0,0.16
546,76.0,0.16
546,78.0,0.16
546,76.0,0.16
546,78.0,0.16
547,96.0,0.16
547,96.0,0.16
547,96.0,0.16
547,96.0,0.16
548,98.0,0.15

548,100.0,0.15
548,98.0,0.15
548,100.0,0.15
548,96.0,0.15
549,100.0,0.14
549,100.0,0.14
549,98.0,0.14

549,100.0,0.14
550,100.0,0.15
50,100.0,0.15
550,98.0,0.15

551,98.0,0.15
551,98.0,0.15
551,98.0,0.15
552,100.0,0.14
552,100.0,0.14
552,100.0,0.14
553,100.0,8.18
553,98.0,8.18
554,98.0,0.14

554,100.0,0.14
554,100.0,0.14
554,100.0,0.14
554,100.0,0.14
554,100.0,0.14
555,98.0,0.15

555,100.0,0.15
555,100.0,0.15
555,100.0,0.15
555,98.0,0.15
556,92.0,0.15
556,88.0,0.15
556,90.0,0.15
556,90.0,0.15
556,90.0,0.15
556,88.0,0.15
557,100.0,0.16
557,100.0,0.16
557,98.0,0.16

557,100.0,0.16
558,100.0,0.15558,100.0,0.15
558,100.0,0.15
558,98.0,0.15
558,100.0,0.15
558,100.0,0.15
559,94.0,0.14
559,92.0,0.14
559,94.0,0.14
559,94.0,0.14
559,94.0,0.14
559,92.0,0.14
559,94.0,0.14
560,100.0,0.15560,100.0,0.15
560,98.0,0.15

560,100.0,0.15
561,100.0,0.15
561,100.0,0.15
561,100.0,0.15
561,100.0,0.15
562,96.0,0.14
562,96.0,0.14
562,96.0,0.14
562,96.0,0.14
563,94.0,0.15
563,94.0,0.15
563,96.0,0.15
564,100.0,0.14
564,100.0,0.14
564,100.0,0.14
564,100.0,0.14
565,100.0,0.15
565,100.0,0.15
565,100.0,0.15
565,100.0,0.15
566,100.0,0.14
566,100.0,0.14
567,98.0,0.14

567,100.0,0.14
567,100.0,0.14
568,100.0,0.15
568,100.0,0.15
569,96.0,0.14
569,98.0,0.14
569,96.0,0.14
569,94.0,0.14
569,94.0,0.14
570,98.0,0.15
570,96.0,0.15
570,92.0,0.15
570,98.0,0.15
570,94.0,0.15
571,98.0,0.14
571,98.0,0.14
571,98.0,0.14
571,94.0,0.14
572,100.0,0.14
572,98.0,0.14

572,100.0,0.14
572,100.0,0.14
572,100.0,0.14
573,98.0,0.18

573,100.0,0.18
573,96.0,0.18

574,98.0,8.21
574,98.0,8.21
574,98.0,8.21
574,98.0,8.21
575,98.0,0.14
575,98.0,0.14
575,98.0,0.14
575,98.0,0.14
576,98.0,0.14
576,98.0,0.14
576,98.0,0.14
576,98.0,0.14
576,98.0,0.14
577,100.0,0.155577,100.0,0.15
577,100.0,0.15
577,100.0,0.15
577,100.0,0.15
578,98.0,0.14

578,100.0,0.14
578,100.0,0.14
578,96.0,0.14
579,100.0,0.14
579,100.0,0.14
579,100.0,0.14
579,100.0,0.14
579,98.0,0.14

580,98.0,0.14
580,98.0,0.14
580,98.0,0.14
580,98.0,0.14
580,98.0,0.14
580,98.0,0.14
581,100.0,0.14
581,100.0,0.14
581,100.0,0.14
581,100.0,0.14
581,100.0,0.14
581,100.0,0.14
582,100.0,0.15
582,100.0,0.15
582,100.0,0.15
582,100.0,0.15
582,100.0,0.15
583,100.0,0.14
583,100.0,0.14
583,100.0,0.14
583,98.0,0.14

584,96.0,0.16
584,94.0,0.15
584,98.0,0.16
584,96.0,0.15
584,98.0,0.15
584,96.0,0.15
585,98.0,0.16
585,94.0,0.16
585,96.0,0.16
585,96.0,0.16
585,98.0,0.16
586,98.0,0.15
587,98.0,0.14

587,100.0,0.14
587,100.0,0.14
588,96.0,0.14

588,100.0,0.14
588,100.0,0.14
589,90.0,0.14
589,90.0,0.14
590,100.0,0.14
590,100.0,0.14
590,100.0,0.14
591,100.0,0.14
591,100.0,0.14
591,100.0,0.14
592,100.0,0.14
592,100.0,0.14
592,100.0,0.14
592,100.0,0.14
592,100.0,0.14
593,100.0,0.15
593,100.0,0.15
593,98.0,0.15
593,100.0,0.15
593,100.0,0.15
593,100.0,0.15
594,98.0,8.23

594,100.0,8.23
595,92.0,0.15
595,96.0,0.15
596,100.0,0.13
596,100.0,0.13
596,100.0,0.13
597,98.0,0.15
597,98.0,0.15
597,96.0,0.15
597,98.0,0.15
598,96.0,0.14
598,94.0,0.14
598,96.0,0.14
598,96.0,0.14
598,96.0,0.14
599,100.0,0.14
599,100.0,0.14
600,100.0,0.15
600,98.0,0.15

600,100.0,0.15
600,100.0,0.15
601,100.0,0.15
601,100.0,0.15
601,100.0,0.15
602,100.0,0.15
602,100.0,0.15
602,98.0,0.15
602,100.0,0.15
602,98.0,0.15
603,100.0,0.15
603,100.0,0.15
603,100.0,0.15
603,100.0,0.15
604,100.0,0.15
604,100.0,0.15
604,100.0,0.15
604,100.0,0.15
605,100.0,0.14
605,100.0,0.14
605,100.0,0.14
605,100.0,0.14
605,100.0,0.14
605,100.0,0.14
606,94.0,0.14
606,90.0,0.14
606,94.0,0.14
606,92.0,0.14
606,96.0,0.14
607,100.0,0.15
607,100.0,0.15
607,100.0,0.15
607,98.0,0.15

607,100.0,0.15
608,100.0,0.14
608,100.0,0.14
608,100.0,0.14
609,94.0,0.14
609,94.0,0.14
609,92.0,0.14
609,94.0,0.14
609,90.0,0.14
610,100.0,0.15
610,100.0,0.14
611,100.0,0.15
611,100.0,0.15
611,98.0,0.15
611,100.0,0.15
611,100.0,0.15
612,96.0,0.15
612,94.0,0.15
612,94.0,0.15
612,96.0,0.15
613,94.0,0.15
613,94.0,0.15
613,94.0,0.15
613,94.0,0.15
613,94.0,0.15
613,92.0,0.15
614,100.0,0.14
614,100.0,0.14
614,100.0,0.14
614,100.0,0.14
614,100.0,0.14
615,100.0,9.15
615,100.0,9.15
615,100.0,9.15
616,94.0,0.15
616,94.0,0.15
616,94.0,0.15
616,94.0,0.15
616,94.0,0.15
617,96.0,0.15
617,96.0,0.15
617,96.0,0.15
617,96.0,0.15
618,100.0,0.14
618,100.0,0.14
618,100.0,0.14
618,100.0,0.14
619,98.0,0.14
619,98.0,0.14
619,98.0,0.14
620,98.0,0.14

620,100.0,0.14
620,100.0,0.14
621,100.0,0.14
621,98.0,0.14

621,96.0,0.14
621,100.0,0.14
621,100.0,0.14
622,96.0,0.14
622,98.0,0.14
622,98.0,0.14
623,98.0,0.14

623,100.0,0.14
623,100.0,0.14
623,100.0,0.14
624,100.0,0.14
24,98.0,0.14

624,100.0,0.14
625,98.0,0.14
625,96.0,0.14
625,98.0,0.14
626,98.0,0.15

626,100.0,0.15
626,100.0,0.15
626,100.0,0.15
626,100.0,0.15
627,100.0,0.15627,98.0,0.15

627,100.0,0.15
627,100.0,0.15
627,100.0,0.15
627,98.0,0.15
628,92.0,0.16
628,90.0,0.16
628,92.0,0.16
628,92.0,0.16
629,100.0,0.16
629,100.0,0.16
629,100.0,0.16
630,100.0,0.14
630,96.0,0.14

630,100.0,0.14
630,100.0,0.14
631,98.0,0.14

631,100.0,0.14
631,100.0,0.14
631,100.0,0.14
632,96.0,0.15
632,92.0,0.15
632,96.0,0.15
632,96.0,0.15
632,92.0,0.15
633,54.0,0.15
633,54.0,0.15
633,54.0,0.15
634,100.0,0.13
