1,54.0,0.17
1,50.0,0.17
1,52.0,0.17
1,46.0,0.17
2,22.0,0.18
2,20.0,0.18
2,38.0,0.18
3,44.0,0.17
3,42.0,0.17
3,48.0,0.17
3,60.0,0.17
3,60.0,0.17
4,38.0,0.18
4,54.0,0.18
5,48.0,0.17
5,56.0,0.17
5,48.0,0.17
5,52.0,0.17
6,54.0,0.17
7,46.0,0.17
7,36.0,0.17
7,56.0,0.17
7,42.0,0.17
8,44.0,0.18
8,34.0,0.18
8,28.0,0.18
8,12.0,0.18
9,44.0,0.18
9,36.0,0.18
9,48.0,0.18
9,40.0,0.18
9,24.0,0.18
10,44.0,0.19
10,48.0,0.19
10,40.0,0.19
10,30.0,0.19
11,10.0,0.17
11,24.0,0.17
11,30.0,0.17
12,32.0,0.17
12,6.0,0.17
13,46.0,0.18
13,56.0,0.18
13,40.0,0.18
14,62.0,0.18
14,38.0,0.18
14,58.0,0.18
14,60.0,0.18
15,42.0,0.19
15,42.0,0.19
15,36.0,0.19
15,46.0,0.19
15,56.0,0.19
16,54.0,0.17
16,38.0,0.17
16,46.0,0.17
16,26.0,0.17
16,56.0,0.17
17,32.0,0.18
17,46.0,0.18
18,30.0,0.17
18,22.0,0.17
18,24.0,0.17
18,22.0,0.17
18,32.0,0.17
19,48.0,0.17
19,36.0,0.17
19,56.0,0.17
19,60.0,0.17
19,58.0,0.17
20,46.0,0.16
20,38.0,0.16
20,40.0,0.16
20,40.0,0.16
20,44.0,0.16
21,66.0,8.47
21,56.0,8.47
21,56.0,8.47
21,50.0,8.47
22,62.0,0.18
22,64.0,0.18
22,60.0,0.18
22,48.0,0.18
23,46.0,0.18
23,48.0,0.18
23,40.0,0.18
23,42.0,0.18
23,44.0,0.18
24,36.0,0.16
24,36.0,0.16
24,30.0,0.16
24,46.0,0.16
25,36.0,0.17
25,44.0,0.17
25,32.0,0.17
26,70.0,0.18
26,70.0,0.17
26,64.0,0.17
26,74.0,0.17
27,30.0,0.16
27,36.0,0.16
27,30.0,0.16
27,28.0,0.16
27,38.0,0.16
27,34.0,0.16
28,48.0,0.17
28,56.0,0.16
28,58.0,0.17
28,52.0,0.17
28,58.0,0.17
29,54.0,0.19
29,64.0,0.19
29,56.0,0.19
29,74.0,0.19
30,48.0,0.18
30,58.0,0.18
31,46.0,0.17
31,44.0,0.17
31,28.0,0.17
32,64.0,0.18
32,60.0,0.18
32,66.0,0.18
33,52.0,0.19
33,62.0,0.19
33,70.0,0.19
34,76.0,0.17
34,92.0,0.17
34,74.0,0.17
34,58.0,0.17
34,60.0,0.17
34,72.0,0.17
35,62.0,0.17
35,62.0,0.17
35,66.0,0.17
35,56.0,0.17
35,68.0,0.17
35,58.0,0.17
36,74.0,0.17
36,78.0,0.17
36,78.0,0.17
36,76.0,0.17
37,64.0,0.18
37,74.0,0.18
37,72.0,0.18
37,60.0,0.18
37,84.0,0.18
38,20.0,0.1738,24.0,0.17
38,16.0,0.17
38,28.0,0.17
38,38.0,0.17
39,4.0,0.16
39,12.0,0.16
39,12.0,0.16
40,76.0,0.17
40,70.0,0.17
40,62.0,0.17
40,60.0,0.17
40,68.0,0.17
41,48.0,8.54
41,56.0,8.54
41,62.0,8.54
42,66.0,0.19
42,62.0,0.19
42,68.0,0.19
42,54.0,0.19
42,68.0,0.19
43,52.0,0.2
43,44.0,0.2
43,54.0,0.2
44,62.0,0.18
44,70.0,0.18
44,70.0,0.18
44,58.0,0.18
45,68.0,0.17
45,70.0,0.17
45,78.0,0.17
46,66.0,0.17
46,58.0,0.17
46,64.0,0.17
47,48.0,0.17
47,58.0,0.17
47,62.0,0.17
47,60.0,0.17
47,50.0,0.17
48,72.0,0.16
48,80.0,0.16
48,66.0,0.16
48,70.0,0.16
49,58.0,0.17
49,72.0,0.17
49,62.0,0.17
49,60.0,0.17
50,66.0,0.16
50,62.0,0.16
50,62.0,0.16
50,56.0,0.16
50,64.0,0.16
51,62.0,0.17
51,68.0,0.17
51,60.0,0.17
51,54.0,0.17
52,60.0,0.17
52,60.0,0.17
52,54.0,0.17
53,78.0,0.2
53,74.0,0.2
53,64.0,0.2
54,68.0,0.21
54,74.0,0.21
55,32.0,0.19
55,34.0,0.19
55,26.0,0.19
56,58.0,0.18
56,70.0,0.18
56,74.0,0.18
57,66.0,0.17
57,74.0,0.17
57,70.0,0.17
57,64.0,0.17
58,54.0,0.18
58,40.0,0.18
58,64.0,0.18
58,62.0,0.18
58,64.0,0.18
58,60.0,0.18
59,52.0,0.18
59,60.0,0.18
59,52.0,0.18
59,40.0,0.18
59,52.0,0.18
59,48.0,0.18
60,16.0,0.17
60,46.0,0.17
61,80.0,0.16
61,74.0,0.16
61,68.0,0.16
61,78.0,0.16
61,64.0,0.16
62,66.0,8.27
62,70.0,8.27
62,68.0,8.27
62,60.0,8.27
62,58.0,8.27
63,46.0,0.17
63,20.0,0.17
63,30.0,0.17
64,76.0,0.19
64,56.0,0.19
64,66.0,0.19
65,70.0,0.17
65,58.0,0.17
65,66.0,0.17
65,62.0,0.17
65,64.0,0.17
66,62.0,0.18
66,56.0,0.18
66,54.0,0.18
67,56.0,0.21
67,42.0,0.21
68,78.0,0.2
68,64.0,0.2
68,70.0,0.2
68,70.0,0.2
69,58.0,0.19
69,64.0,0.19
69,64.0,0.19
69,66.0,0.19
70,64.0,0.18
70,80.0,0.18
70,68.0,0.18
71,48.0,0.24
71,48.0,0.24
71,62.0,0.24
71,58.0,0.24
72,74.0,0.21
72,78.0,0.21
73,82.0,0.18
73,74.0,0.18
73,76.0,0.18
74,76.0,0.17
74,88.0,0.17
74,82.0,0.17
74,84.0,0.17
75,68.0,0.17
75,78.0,0.17
76,74.0,0.17
76,62.0,0.17
76,66.0,0.17
76,64.0,0.17
77,82.0,0.17
77,86.0,0.17
77,82.0,0.17
77,88.0,0.17
78,76.0,0.16
78,64.0,0.16
78,76.0,0.16
79,58.0,0.16
79,44.0,0.16
79,54.0,0.16
79,64.0,0.16
80,68.0,0.16
80,74.0,0.16
80,70.0,0.16
80,76.0,0.16
81,40.0,0.17
81,42.0,0.17
82,34.0,8.65
82,48.0,8.65
83,72.0,0.17
83,68.0,0.17
83,68.0,0.17
83,78.0,0.17
84,54.0,0.19
84,56.0,0.19
84,52.0,0.19
85,90.0,0.19
85,90.0,0.19
85,92.0,0.19
85,88.0,0.19
85,90.0,0.19
86,56.0,0.2
86,44.0,0.2
86,54.0,0.2
86,62.0,0.2
87,50.0,0.19
87,52.0,0.19
87,62.0,0.19
88,72.0,0.18
88,66.0,0.18
88,60.0,0.18
89,76.0,0.19
89,66.0,0.19
89,74.0,0.19
90,68.0,0.19
90,66.0,0.19
91,56.0,0.19
91,74.0,0.19
92,74.0,0.17
92,80.0,0.17
92,78.0,0.17
92,78.0,0.17
92,74.0,0.17
92,80.0,0.17
93,62.0,0.17
93,44.0,0.17
93,46.0,0.17
93,66.0,0.17
93,50.0,0.17
94,66.0,0.17
94,70.0,0.17
94,64.0,0.17
94,56.0,0.17
95,58.0,0.18
95,60.0,0.18
95,54.0,0.18
96,86.0,0.17
96,72.0,0.17
96,72.0,0.17
96,74.0,0.17
97,80.0,0.17
97,86.0,0.17
97,80.0,0.17
97,78.0,0.17
98,70.0,0.16
98,66.0,0.16
98,66.0,0.16
98,70.0,0.16
99,86.0,0.17
99,76.0,0.17
99,86.0,0.17
99,70.0,0.17
99,86.0,0.17
100,72.0,0.19
100,68.0,0.19
100,76.0,0.19
100,78.0,0.19
101,42.0,0.17
101,44.0,0.17
101,44.0,0.17
102,58.0,0.17
102,56.0,0.17
102,60.0,0.17
102,62.0,0.17
102,68.0,0.17
103,78.0,8.66
103,74.0,8.66
103,78.0,8.66
103,74.0,8.66
104,68.0,0.18
104,64.0,0.18
104,58.0,0.18
104,70.0,0.18
104,62.0,0.18
105,56.0,0.18
105,60.0,0.18
105,50.0,0.18
105,52.0,0.18
105,66.0,0.18
106,66.0,0.17
106,58.0,0.17
106,60.0,0.17
106,70.0,0.17
106,66.0,0.17
106,66.0,0.17
107,74.0,0.2
107,78.0,0.2
107,74.0,0.2
108,76.0,0.19
108,72.0,0.19
108,80.0,0.19
108,78.0,0.19
109,84.0,0.2
109,80.0,0.2
109,64.0,0.2
109,76.0,0.2
109,64.0,0.2
110,72.0,0.17
110,64.0,0.17
110,72.0,0.17
110,66.0,0.17
110,60.0,0.17
111,38.0,0.16
111,32.0,0.17
111,34.0,0.17
111,36.0,0.17
112,76.0,0.17
112,82.0,0.17
112,62.0,0.17
112,74.0,0.17
112,70.0,0.17
112,74.0,0.17
113,72.0,0.17
113,80.0,0.17
113,78.0,0.17
113,84.0,0.17
114,68.0,0.16
114,72.0,0.16
114,62.0,0.16
114,68.0,0.16
114,62.0,0.16
115,60.0,0.17
115,58.0,0.17
115,62.0,0.17
115,44.0,0.17
116,58.0,0.17
116,56.0,0.17
116,60.0,0.17
116,64.0,0.17
117,68.0,0.17
117,60.0,0.17
117,66.0,0.18
117,66.0,0.17
118,68.0,0.16
118,64.0,0.16
118,58.0,0.16
119,48.0,0.16
119,44.0,0.16
119,40.0,0.16
119,38.0,0.16
119,34.0,0.16
120,88.0,0.17
120,84.0,0.17
120,80.0,0.17
120,92.0,0.17
120,90.0,0.17
121,80.0,0.17
121,88.0,0.17
121,84.0,0.17
121,84.0,0.17
121,82.0,0.17
122,80.0,0.19
122,70.0,0.19
122,62.0,0.19
122,80.0,0.19
123,62.0,8.09
123,58.0,8.09
123,64.0,8.09
124,60.0,0.17
124,54.0,0.17
125,78.0,0.17
125,72.0,0.17
125,78.0,0.17
125,76.0,0.17
125,72.0,0.17
126,62.0,0.17
126,58.0,0.17
126,60.0,0.17
126,56.0,0.17
126,64.0,0.17
127,66.0,0.17
127,62.0,0.17
127,58.0,0.17
127,68.0,0.17
128,90.0,0.17
128,88.0,0.17
128,84.0,0.17
128,88.0,0.17
129,64.0,0.17
129,56.0,0.17
130,84.0,0.16
130,80.0,0.16
130,80.0,0.16
130,78.0,0.16
131,80.0,0.16
131,82.0,0.17
131,66.0,0.16
131,72.0,0.16
131,76.0,0.17
132,86.0,0.17
132,92.0,0.17
132,88.0,0.17
132,84.0,0.17
133,74.0,0.17
133,66.0,0.17
133,72.0,0.17
134,64.0,0.17
134,68.0,0.17
134,88.0,0.17
134,70.0,0.17
134,68.0,0.17
135,76.0,0.17
135,62.0,0.17
135,72.0,0.17
135,66.0,0.17
136,88.0,0.17
136,84.0,0.17
136,88.0,0.17
137,62.0,0.17
137,68.0,0.17
137,72.0,0.17
137,70.0,0.17
138,78.0,0.16
138,78.0,0.16
138,74.0,0.16
138,68.0,0.16
138,76.0,0.16
138,70.0,0.16
139,58.0,0.17
139,64.0,0.17
139,66.0,0.17
139,56.0,0.17
139,78.0,0.17
140,72.0,0.17
140,76.0,0.17
141,12.0,0.17
141,16.0,0.17
141,14.0,0.17
142,36.0,0.17
142,42.0,0.17
142,50.0,0.17
142,48.0,0.17
142,42.0,0.17
142,48.0,0.17
143,74.0,0.17
143,78.0,0.17
143,82.0,0.17
144,18.0,8.08
144,24.0,8.08
144,32.0,8.08
145,86.0,0.17
145,86.0,0.17
145,76.0,0.17
145,82.0,0.17
145,88.0,0.17
146,82.0,0.17
146,80.0,0.17
146,86.0,0.17
147,82.0,0.17
147,84.0,0.17
147,78.0,0.17
147,80.0,0.17
147,84.0,0.17
148,74.0,0.17
148,80.0,0.17
148,74.0,0.17
149,84.0,0.16
149,78.0,0.16
149,88.0,0.16
149,92.0,0.16
149,82.0,0.16
149,86.0,0.16
150,64.0,0.16
150,60.0,0.16
150,66.0,0.16
150,60.0,0.16
150,58.0,0.16
151,82.0,0.17
151,86.0,0.17
151,88.0,0.17
151,80.0,0.17
151,88.0,0.17
151,84.0,0.17
152,64.0,0.18
152,62.0,0.18
152,62.0,0.18
152,60.0,0.18
152,68.0,0.18
152,76.0,0.18
153,70.0,0.17
153,74.0,0.17
153,66.0,0.17
153,56.0,0.17
153,60.0,0.17
154,68.0,0.17
154,68.0,0.17
154,66.0,0.17
154,66.0,0.17
154,60.0,0.17
155,80.0,0.17
155,76.0,0.17
155,82.0,0.17
155,80.0,0.17
155,84.0,0.17
155,84.0,0.17
156,56.0,0.18
156,56.0,0.18
156,62.0,0.18
156,58.0,0.18
156,60.0,0.18
156,68.0,0.18
157,86.0,0.16
157,72.0,0.16
157,86.0,0.16
158,60.0,0.17
158,62.0,0.17
158,62.0,0.17
158,62.0,0.17
158,56.0,0.17
159,70.0,0.17
159,78.0,0.17
159,72.0,0.17
159,66.0,0.17
160,72.0,0.16
160,74.0,0.16
160,64.0,0.17
160,68.0,0.16
160,58.0,0.16
161,56.0,0.16
161,56.0,0.16
161,50.0,0.16
161,58.0,0.16
162,76.0,0.16
162,80.0,0.16
162,82.0,0.16
162,74.0,0.16
163,80.0,0.17
163,66.0,0.17
163,78.0,0.17
163,72.0,0.17
164,60.0,7.92
164,60.0,7.92
164,56.0,7.92
164,52.0,7.92
165,66.0,0.16
165,68.0,0.16
165,68.0,0.16
165,64.0,0.16
165,76.0,0.16
165,68.0,0.16
165,62.0,0.16
166,76.0,0.18
166,72.0,0.18
166,72.0,0.18
166,64.0,0.18
167,72.0,0.17
167,68.0,0.17
167,66.0,0.17
168,92.0,0.17
168,92.0,0.17
168,90.0,0.17
168,98.0,0.17
169,86.0,0.17
169,78.0,0.17
169,80.0,0.17
169,86.0,0.17
169,82.0,0.17
169,76.0,0.17
169,80.0,0.17
170,64.0,0.17
171,42.0,0.17
171,46.0,0.17
171,48.0,0.17
171,38.0,0.17
171,52.0,0.17
171,36.0,0.17
172,80.0,0.17
172,88.0,0.17
172,74.0,0.17
172,82.0,0.17
172,72.0,0.17
172,76.0,0.17
173,80.0,0.16
173,66.0,0.16
173,72.0,0.16
173,74.0,0.16
174,74.0,0.16
174,74.0,0.16
174,82.0,0.16
174,80.0,0.16
174,78.0,0.16
174,84.0,0.16
175,84.0,0.16
175,88.0,0.16
175,92.0,0.16
175,90.0,0.16
175,92.0,0.16
175,90.0,0.16
176,74.0,0.17
176,80.0,0.17
176,86.0,0.17
176,86.0,0.17
176,72.0,0.17
177,70.0,0.17
177,68.0,0.17
177,74.0,0.17
177,72.0,0.17
177,68.0,0.17
177,72.0,0.17
178,74.0,0.17
178,76.0,0.17
178,70.0,0.17
178,76.0,0.17
178,70.0,0.17
179,76.0,0.16
179,72.0,0.16
179,74.0,0.16
180,60.0,0.17
180,72.0,0.17
180,72.0,0.17
181,64.0,0.18
181,70.0,0.18
181,66.0,0.18
181,66.0,0.18
182,90.0,0.18
182,82.0,0.18
182,86.0,0.18
182,84.0,0.18
183,48.0,0.17
183,42.0,0.17
183,50.0,0.17
183,36.0,0.17
183,44.0,0.17
184,32.0,0.16
184,30.0,0.16
184,36.0,0.16
185,80.0,7.92
185,78.0,7.92
185,74.0,7.92
185,70.0,7.92
186,92.0,0.17
186,80.0,0.17
186,90.0,0.17
186,90.0,0.17
186,88.0,0.17
186,86.0,0.17
187,76.0,0.17
187,80.0,0.17
187,90.0,0.17
187,78.0,0.17
187,82.0,0.17
188,72.0,0.17
188,76.0,0.17
188,62.0,0.17
188,74.0,0.17
188,70.0,0.17
189,76.0,0.17
189,80.0,0.17
189,82.0,0.17
189,80.0,0.17
189,86.0,0.17
190,84.0,0.17
190,80.0,0.17
190,78.0,0.17
190,86.0,0.17
190,82.0,0.17
190,76.0,0.17
191,62.0,0.18
191,56.0,0.18
191,50.0,0.18
191,56.0,0.18
191,66.0,0.18
192,66.0,0.17
192,62.0,0.17
192,58.0,0.17
192,60.0,0.17
192,56.0,0.17
193,82.0,0.17
193,76.0,0.17
193,72.0,0.17
193,74.0,0.17
193,72.0,0.17
193,78.0,0.17
194,84.0,0.17
194,92.0,0.17
194,88.0,0.17
194,90.0,0.17
194,92.0,0.17
195,66.0,0.16
195,76.0,0.16
195,78.0,0.16
195,64.0,0.16
195,70.0,0.16
195,70.0,0.16
196,68.0,0.18
196,62.0,0.18
196,74.0,0.18
196,72.0,0.18
196,74.0,0.18
197,80.0,0.17
197,70.0,0.17
197,82.0,0.17
197,74.0,0.17
197,82.0,0.17
198,84.0,0.17
198,76.0,0.17
198,80.0,0.17
198,80.0,0.17
199,72.0,0.19
199,82.0,0.19
199,84.0,0.19
199,74.0,0.19
199,68.0,0.19
200,90.0,0.16
200,80.0,0.16
200,90.0,0.16
200,94.0,0.16
200,80.0,0.16
201,82.0,0.17
201,80.0,0.17
201,66.0,0.17
201,78.0,0.17
202,84.0,0.17
202,86.0,0.17
202,84.0,0.17
202,86.0,0.17
203,72.0,0.17
203,76.0,0.17
203,66.0,0.17
203,70.0,0.17
204,84.0,0.17
204,82.0,0.17
204,78.0,0.17
204,82.0,0.17
205,68.0,8.12
205,72.0,8.12
205,68.0,8.12
205,64.0,8.12
205,74.0,8.12
206,84.0,0.16
206,82.0,0.16
206,88.0,0.16
206,88.0,0.16
207,86.0,0.17
207,76.0,0.17
207,88.0,0.17
207,92.0,0.17
208,56.0,0.2
208,60.0,0.2
208,50.0,0.2
208,54.0,0.2
209,56.0,0.2
209,52.0,0.2
209,54.0,0.2
209,52.0,0.2
210,68.0,0.18
210,70.0,0.18
211,80.0,0.17
211,78.0,0.18
211,88.0,0.17
212,88.0,0.19
212,84.0,0.19
212,80.0,0.19
213,38.0,0.17
213,44.0,0.17
213,48.0,0.17
214,82.0,0.17
214,78.0,0.17
214,72.0,0.17
214,78.0,0.17
214,80.0,0.17
215,82.0,0.18
215,74.0,0.18
215,84.0,0.18
215,86.0,0.18
216,72.0,0.18
216,70.0,0.18
216,78.0,0.18
217,36.0,0.16
217,32.0,0.16
217,26.0,0.16
217,26.0,0.16
217,30.0,0.16
218,26.0,0.17
218,36.0,0.17
218,40.0,0.17
219,94.0,0.19
219,92.0,0.19
219,92.0,0.19
219,94.0,0.19
220,76.0,0.2
220,74.0,0.2
221,76.0,0.18
221,70.0,0.18
221,90.0,0.18
221,82.0,0.18
221,80.0,0.18
221,72.0,0.18
221,70.0,0.18
222,52.0,0.16
222,56.0,0.16
222,56.0,0.16
223,76.0,0.16
223,78.0,0.16
223,76.0,0.16
223,80.0,0.16
224,84.0,0.17
224,82.0,0.17
224,78.0,0.17
224,80.0,0.17
225,78.0,0.17
225,86.0,0.16
225,80.0,0.17
226,94.0,8.01
226,98.0,8.01
226,96.0,8.01
226,98.0,8.01
226,96.0,8.01
227,82.0,0.16
227,84.0,0.16
227,82.0,0.16
227,84.0,0.16
227,80.0,0.16
227,82.0,0.16
228,80.0,0.16
228,84.0,0.16
228,76.0,0.16
229,68.0,0.16
229,68.0,0.16
229,72.0,0.16
229,70.0,0.16
229,70.0,0.16
230,80.0,0.17
230,74.0,0.17
230,80.0,0.17
230,74.0,0.16
230,84.0,0.16
231,84.0,0.16
231,84.0,0.16
231,82.0,0.16
231,78.0,0.16
231,84.0,0.16
232,82.0,0.16
232,82.0,0.16
232,86.0,0.16
233,82.0,0.18
233,88.0,0.18
233,86.0,0.17
234,86.0,0.16
234,86.0,0.16
234,96.0,0.16
234,84.0,0.16
235,82.0,0.17
235,94.0,0.17
235,92.0,0.16
235,88.0,0.17
235,84.0,0.16
236,64.0,0.16
236,62.0,0.16
236,70.0,0.16
237,70.0,0.17
237,80.0,0.17
237,88.0,0.17
237,70.0,0.17
237,80.0,0.17
237,80.0,0.17
238,88.0,0.17
238,72.0,0.17
238,86.0,0.17
239,72.0,0.17
239,82.0,0.17
239,72.0,0.17
239,76.0,0.17
240,72.0,0.17
240,82.0,0.17
240,84.0,0.17
240,84.0,0.17
240,80.0,0.17
241,60.0,0.16
241,78.0,0.16
241,68.0,0.16
241,68.0,0.16
242,60.0,0.16
242,66.0,0.16
242,66.0,0.16
242,60.0,0.16
242,60.0,0.16
242,62.0,0.16
243,34.0,0.17
243,40.0,0.17
243,34.0,0.17
243,40.0,0.17
243,40.0,0.17
244,64.0,0.17
244,70.0,0.17
244,72.0,0.17
244,62.0,0.17
244,64.0,0.17
244,66.0,0.17
245,82.0,0.17
245,86.0,0.17
245,80.0,0.17
245,72.0,0.17
246,86.0,8.32
246,84.0,8.32
246,84.0,8.32
246,78.0,8.32
247,88.0,0.17
247,88.0,0.16
247,86.0,0.17
247,92.0,0.17
248,88.0,0.17
248,84.0,0.17
248,88.0,0.17
248,88.0,0.17
248,90.0,0.17
248,90.0,0.17
249,42.0,0.17
249,40.0,0.17
249,30.0,0.17
249,28.0,0.17
250,66.0,0.17
250,76.0,0.17
250,66.0,0.17
250,76.0,0.17
251,88.0,0.16
251,82.0,0.16
251,84.0,0.16
252,72.0,0.16
252,76.0,0.16
252,70.0,0.16
252,72.0,0.16
253,62.0,0.17
253,68.0,0.17
253,68.0,0.17
253,74.0,0.17
253,52.0,0.17
254,90.0,0.17
254,90.0,0.17
254,86.0,0.17
254,88.0,0.17
254,90.0,0.17
255,78.0,0.16
255,86.0,0.16
256,88.0,0.17
256,86.0,0.17
256,82.0,0.17
256,86.0,0.17
256,88.0,0.17
257,80.0,0.17
257,78.0,0.17
257,76.0,0.17
257,76.0,0.17
257,78.0,0.17
258,80.0,0.16
258,74.0,0.16
258,86.0,0.16
259,88.0,0.17
259,84.0,0.17
259,80.0,0.17
259,86.0,0.17
259,82.0,0.17
259,84.0,0.17
260,78.0,0.17
260,84.0,0.17
260,80.0,0.17
260,88.0,0.17
261,54.0,0.16
261,52.0,0.16
261,56.0,0.16
261,54.0,0.16
262,84.0,0.16
262,88.0,0.16
262,84.0,0.16
262,88.0,0.16
263,40.0,0.17
263,50.0,0.17
263,42.0,0.17
263,54.0,0.17
263,52.0,0.17
263,44.0,0.17
263,54.0,0.17
264,78.0,0.17
264,86.0,0.17
264,80.0,0.17
264,78.0,0.17
265,74.0,0.17
265,78.0,0.17
265,76.0,0.17
266,80.0,0.16
266,84.0,0.16
266,88.0,0.16
266,82.0,0.16
266,78.0,0.16
267,84.0,8.11
267,80.0,8.11
267,78.0,8.11
268,76.0,0.17
268,78.0,0.17
268,70.0,0.17
268,78.0,0.17
268,76.0,0.17
269,94.0,0.17
269,82.0,0.16
269,80.0,0.17
269,72.0,0.17
270,54.0,0.16
270,54.0,0.16
270,56.0,0.16
270,56.0,0.16
270,56.0,0.16
270,58.0,0.16
271,82.0,0.17
271,84.0,0.17
272,82.0,0.17
272,82.0,0.17
272,90.0,0.17
272,92.0,0.17
272,92.0,0.17
273,88.0,0.16
273,92.0,0.16
273,88.0,0.16
273,82.0,0.16
273,82.0,0.16
274,78.0,0.16
274,78.0,0.16
274,82.0,0.16
274,78.0,0.16
275,84.0,0.16
275,84.0,0.16
275,80.0,0.16
275,82.0,0.16
276,80.0,0.16
276,86.0,0.16
276,78.0,0.16
277,86.0,0.16
277,80.0,0.16
277,82.0,0.16
277,80.0,0.16
278,70.0,0.17
278,74.0,0.17
278,68.0,0.17
278,82.0,0.17
279,78.0,0.17
279,80.0,0.17
279,84.0,0.17
279,86.0,0.17
280,92.0,0.17
280,94.0,0.17
280,90.0,0.17
280,78.0,0.17
281,94.0,0.17
281,96.0,0.17
281,96.0,0.17
281,98.0,0.17
282,74.0,0.17
282,74.0,0.17
282,78.0,0.17
283,48.0,0.18
283,44.0,0.18
283,48.0,0.18
283,44.0,0.18
283,50.0,0.18
283,42.0,0.18
283,42.0,0.18
284,88.0,0.16
284,94.0,0.16
284,90.0,0.16
284,90.0,0.16
285,62.0,0.16
285,60.0,0.16
285,58.0,0.16
285,54.0,0.16
286,82.0,0.17
286,74.0,0.17
286,76.0,0.17
286,76.0,0.17
287,84.0,8.62
287,84.0,8.62
287,84.0,8.62
287,84.0,8.62
288,88.0,0.17
288,88.0,0.17
288,82.0,0.17
288,88.0,0.17
289,88.0,0.17
289,88.0,0.17
290,92.0,0.17
290,92.0,0.17
290,94.0,0.17
290,96.0,0.17
291,86.0,0.17
291,80.0,0.17
291,94.0,0.17
291,90.0,0.17
291,88.0,0.17
292,90.0,0.16
292,92.0,0.16
292,92.0,0.16
292,88.0,0.16
292,84.0,0.16
292,90.0,0.16
293,74.0,0.17
293,66.0,0.17
293,72.0,0.17
293,78.0,0.17
293,74.0,0.17
294,72.0,0.17
294,68.0,0.17
294,70.0,0.17
295,80.0,0.17
295,78.0,0.17
295,78.0,0.17
295,88.0,0.17
295,88.0,0.17
295,76.0,0.17
296,90.0,0.17
296,74.0,0.17
296,72.0,0.17
296,80.0,0.17
297,56.0,0.16
297,58.0,0.16
298,76.0,0.17
298,84.0,0.17
298,80.0,0.17
299,52.0,0.17
299,54.0,0.17
299,52.0,0.17
299,50.0,0.17
299,56.0,0.17
299,54.0,0.17
300,86.0,0.16
300,70.0,0.16
300,88.0,0.16
300,80.0,0.16
300,84.0,0.16
301,66.0,0.17
301,68.0,0.17
301,60.0,0.17
301,70.0,0.17
301,60.0,0.17
302,74.0,0.16
302,70.0,0.16
302,66.0,0.16
303,74.0,0.17
303,78.0,0.17
304,84.0,0.17
304,78.0,0.17
304,82.0,0.17
304,72.0,0.17
305,94.0,0.17
305,82.0,0.17
305,74.0,0.17
305,88.0,0.17
305,82.0,0.17
306,88.0,0.16
306,94.0,0.16
306,92.0,0.16
306,90.0,0.16
307,64.0,0.17
307,54.0,0.17
307,68.0,0.17
308,84.0,8.02
308,90.0,8.02
308,82.0,8.02
308,82.0,8.02
308,80.0,8.02
308,90.0,8.02
309,68.0,0.17
309,72.0,0.17
309,76.0,0.17
309,72.0,0.17
309,76.0,0.17
310,90.0,0.17
310,94.0,0.17
310,88.0,0.17
310,90.0,0.17
311,76.0,0.17
311,84.0,0.17
311,80.0,0.17
311,78.0,0.17
311,80.0,0.17
312,80.0,0.17
312,82.0,0.17
312,84.0,0.17
312,88.0,0.17
312,86.0,0.17
312,84.0,0.17
313,80.0,0.18
313,78.0,0.18
313,76.0,0.18
314,84.0,0.17
314,90.0,0.17
314,92.0,0.17
314,84.0,0.17
315,90.0,0.16
315,90.0,0.16
315,90.0,0.16
315,86.0,0.16
315,94.0,0.16
316,84.0,0.17
316,90.0,0.17
316,86.0,0.17
316,86.0,0.17
317,90.0,0.17
317,90.0,0.17
317,92.0,0.17
317,94.0,0.17
317,96.0,0.17
318,42.0,0.16
318,42.0,0.16
318,44.0,0.16
318,48.0,0.16
319,88.0,0.17
319,90.0,0.17
319,96.0,0.17
319,90.0,0.17
319,92.0,0.17
319,88.0,0.17
320,76.0,0.17
320,78.0,0.17
320,76.0,0.17
320,82.0,0.17
321,72.0,0.18
321,66.0,0.18
321,72.0,0.18
321,70.0,0.18
322,64.0,0.17
322,68.0,0.17
322,68.0,0.17
322,72.0,0.17
322,70.0,0.17
322,78.0,0.17
323,62.0,0.18
323,66.0,0.18
323,60.0,0.18
323,64.0,0.18
324,72.0,0.17
324,62.0,0.17
324,66.0,0.17
324,58.0,0.17
324,66.0,0.17
325,90.0,0.17
325,94.0,0.17
325,92.0,0.17
325,92.0,0.17
325,92.0,0.17
326,80.0,0.17
326,80.0,0.17
326,86.0,0.17
326,72.0,0.17
327,72.0,0.17
327,76.0,0.17
327,74.0,0.17
327,74.0,0.17
328,90.0,8.07
328,86.0,8.07
328,88.0,8.07
328,84.0,8.07
328,90.0,8.07
329,90.0,0.18
329,88.0,0.18
329,88.0,0.18
329,84.0,0.18
330,78.0,0.16
330,76.0,0.16
330,90.0,0.16
330,84.0,0.16
330,76.0,0.16
331,76.0,0.17
331,82.0,0.17
331,82.0,0.17
331,78.0,0.17
331,82.0,0.17
332,92.0,0.17
332,74.0,0.17
332,90.0,0.17
332,88.0,0.17
332,86.0,0.17
333,92.0,0.17
333,90.0,0.17
333,96.0,0.17
333,94.0,0.17
333,90.0,0.17
334,84.0,0.17
334,84.0,0.17
334,90.0,0.17
334,84.0,0.17
335,82.0,0.17
335,82.0,0.17
335,86.0,0.17
335,82.0,0.17
335,84.0,0.17
335,74.0,0.17
336,82.0,0.17
336,78.0,0.17
336,80.0,0.17
336,82.0,0.17
336,84.0,0.17
337,74.0,0.17
337,72.0,0.17
337,76.0,0.17
337,74.0,0.17
337,72.0,0.17
338,72.0,0.17
338,78.0,0.17
338,70.0,0.17
338,64.0,0.17
338,74.0,0.17
338,74.0,0.17
339,92.0,0.17
339,90.0,0.17
340,78.0,0.18
340,70.0,0.17
340,82.0,0.18
340,82.0,0.18
340,84.0,0.18
341,84.0,0.17
341,82.0,0.17
341,86.0,0.17
341,90.0,0.17
342,96.0,0.17
342,88.0,0.17
342,90.0,0.17
343,42.0,0.16
343,48.0,0.16
343,42.0,0.16
343,46.0,0.16
343,52.0,0.16
344,78.0,0.17
344,74.0,0.17
345,84.0,0.17
345,88.0,0.18
345,86.0,0.17
346,84.0,0.17
346,84.0,0.17
346,80.0,0.17
346,82.0,0.17
346,82.0,0.17
346,82.0,0.17
347,86.0,0.17
347,84.0,0.17
347,86.0,0.17
347,86.0,0.17
348,60.0,0.16
348,52.0,0.16
348,60.0,0.16
348,64.0,0.16
348,58.0,0.16
349,60.0,8.12
349,64.0,8.12
349,70.0,8.12
349,72.0,8.12
349,68.0,8.12
349,70.0,8.12
349,68.0,8.12
350,60.0,0.17
350,64.0,0.17
350,64.0,0.17
350,66.0,0.17
350,64.0,0.17
350,56.0,0.17
351,76.0,0.17
351,84.0,0.17
351,86.0,0.17
351,74.0,0.17
351,82.0,0.17
351,78.0,0.17
352,92.0,0.17
352,84.0,0.17
353,92.0,0.17
353,86.0,0.17
353,98.0,0.17
354,84.0,0.17
354,90.0,0.17
354,82.0,0.17
354,80.0,0.17
354,80.0,0.17
355,84.0,0.17
355,78.0,0.17
355,72.0,0.17
355,74.0,0.17
355,78.0,0.17
356,92.0,0.17
356,90.0,0.17
356,82.0,0.17
356,84.0,0.17
357,92.0,0.16
357,86.0,0.16
357,88.0,0.16
357,90.0,0.16
357,94.0,0.16
357,88.0,0.16
358,48.0,0.17
358,56.0,0.17
358,48.0,0.17
358,52.0,0.17
358,52.0,0.17
358,58.0,0.17
358,44.0,0.17
359,88.0,0.16
359,84.0,0.17
359,90.0,0.17
359,86.0,0.17
359,90.0,0.16
360,84.0,0.17
360,88.0,0.17
360,86.0,0.17
360,88.0,0.17
360,88.0,0.17
360,88.0,0.17
361,64.0,0.17
361,66.0,0.17
361,66.0,0.17
362,78.0,0.16
362,80.0,0.16
362,78.0,0.16
362,78.0,0.16
362,82.0,0.16
362,74.0,0.16
363,84.0,0.17
363,78.0,0.17
363,76.0,0.17
364,88.0,0.17
364,88.0,0.17
364,86.0,0.17
364,82.0,0.17
364,92.0,0.17
364,82.0,0.17
365,74.0,0.16
365,72.0,0.16
365,64.0,0.16
365,76.0,0.16
366,86.0,0.17
366,78.0,0.17
366,78.0,0.17
366,82.0,0.17
366,76.0,0.17
366,72.0,0.17
366,68.0,0.17
367,88.0,0.17
367,84.0,0.17
367,88.0,0.17
367,84.0,0.17
368,84.0,0.17
368,94.0,0.17
368,88.0,0.17
368,84.0,0.17
368,92.0,0.17
369,94.0,8.08
369,86.0,8.08
369,86.0,8.08
369,86.0,8.08
369,86.0,8.08
370,84.0,0.18
370,84.0,0.18
370,76.0,0.18
370,78.0,0.18
371,74.0,0.17
371,82.0,0.17
371,84.0,0.17
371,82.0,0.17
371,84.0,0.17
372,94.0,0.17
372,94.0,0.17
372,84.0,0.17
372,92.0,0.17
372,96.0,0.17
373,80.0,0.17
373,76.0,0.17
373,82.0,0.17
373,88.0,0.17
373,80.0,0.17
373,72.0,0.17
374,68.0,0.17
374,70.0,0.17
374,66.0,0.17
374,76.0,0.17
374,78.0,0.17
374,74.0,0.17
375,88.0,0.17
375,88.0,0.17
375,92.0,0.17
375,90.0,0.17
375,94.0,0.17
376,80.0,0.18
376,78.0,0.18
376,84.0,0.18
376,82.0,0.18
376,78.0,0.18
377,42.0,0.17
377,44.0,0.17
377,40.0,0.17
377,44.0,0.17
378,84.0,0.17
378,84.0,0.17
378,84.0,0.17
378,92.0,0.17
378,84.0,0.17
378,84.0,0.17
378,82.0,0.17
379,84.0,0.17
379,74.0,0.17
379,74.0,0.17
379,80.0,0.17
379,80.0,0.17
379,82.0,0.17
380,74.0,0.16
380,70.0,0.16
380,82.0,0.16
380,86.0,0.16
380,80.0,0.16
380,72.0,0.16
381,70.0,0.17
381,66.0,0.17
381,52.0,0.17
381,70.0,0.17
382,88.0,0.17
382,86.0,0.17
382,90.0,0.17
382,92.0,0.17
382,80.0,0.17
382,80.0,0.17
383,86.0,0.17
383,82.0,0.16
383,88.0,0.16
383,90.0,0.16
383,88.0,0.16
384,88.0,0.18
384,88.0,0.18
384,86.0,0.18
384,86.0,0.18
384,90.0,0.18
384,84.0,0.18
384,88.0,0.18
385,84.0,0.19
385,90.0,0.19
385,90.0,0.19
385,88.0,0.19
385,88.0,0.19
385,92.0,0.19
386,78.0,0.17
386,86.0,0.17
386,82.0,0.17
386,88.0,0.17
386,90.0,0.17
387,90.0,0.17
387,92.0,0.18
387,90.0,0.18
387,88.0,0.17
387,86.0,0.18
388,98.0,0.16

388,100.0,0.16
388,98.0,0.16
388,100.0,0.16
388,98.0,0.16
389,64.0,0.17
389,68.0,0.17
389,70.0,0.17
389,80.0,0.17
390,74.0,8.19
390,68.0,8.19
390,68.0,8.19
390,68.0,8.19
391,84.0,0.17
391,82.0,0.17
391,86.0,0.17
391,78.0,0.17
391,90.0,0.17
391,86.0,0.17
391,84.0,0.17
392,70.0,0.18
392,74.0,0.18
392,70.0,0.18
392,72.0,0.18
393,60.0,0.18
393,68.0,0.18
393,70.0,0.18
393,68.0,0.18
393,66.0,0.18
393,64.0,0.18
394,82.0,0.17
394,88.0,0.17
394,80.0,0.17
394,82.0,0.17
394,80.0,0.17
394,82.0,0.17
395,74.0,0.17
395,80.0,0.17
395,84.0,0.17
395,84.0,0.17
395,78.0,0.17
396,74.0,0.17
396,72.0,0.17
396,72.0,0.17
396,72.0,0.17
396,70.0,0.17
397,92.0,0.17
397,90.0,0.17
397,90.0,0.17
398,76.0,0.17
398,72.0,0.17
398,66.0,0.17
398,66.0,0.17
398,70.0,0.17
399,60.0,0.17
399,62.0,0.17
399,68.0,0.17
399,74.0,0.17
399,70.0,0.17
400,94.0,0.17
400,96.0,0.17
400,96.0,0.17
401,58.0,0.18
401,48.0,0.18
401,54.0,0.18
401,54.0,0.18
402,82.0,0.2
402,92.0,0.2
403,66.0,0.23
403,62.0,0.23
404,82.0,0.22
404,86.0,0.22
404,84.0,0.22
404,82.0,0.22
404,78.0,0.22
404,88.0,0.22
405,90.0,0.18
405,80.0,0.18
405,82.0,0.18
405,86.0,0.18
406,84.0,0.17
406,80.0,0.17
406,82.0,0.17
406,76.0,0.17
406,88.0,0.17
406,86.0,0.17
407,86.0,0.17
407,86.0,0.17
407,86.0,0.17
407,86.0,0.17
407,88.0,0.17
407,78.0,0.17
408,88.0,0.18
408,88.0,0.18
408,88.0,0.18
408,92.0,0.18
409,88.0,0.18
409,80.0,0.18
409,80.0,0.18
409,74.0,0.18
409,86.0,0.18
410,90.0,8.21
410,86.0,8.21
410,80.0,8.21
410,88.0,8.21
410,84.0,8.21
411,76.0,0.16
411,78.0,0.16
411,70.0,0.16
411,78.0,0.16
411,78.0,0.16
412,88.0,0.17
412,80.0,0.17
413,78.0,0.16
413,76.0,0.16
413,78.0,0.16
413,80.0,0.16
414,50.0,0.17
414,38.0,0.17
414,48.0,0.17
414,48.0,0.17
415,94.0,0.17
415,94.0,0.17
415,96.0,0.17
415,86.0,0.17
416,38.0,0.17
416,42.0,0.17
416,36.0,0.17
416,40.0,0.17
416,36.0,0.17
416,40.0,0.17
417,74.0,0.17
417,84.0,0.17
417,76.0,0.17
417,74.0,0.17
417,76.0,0.17
418,90.0,0.16
418,92.0,0.16
418,90.0,0.16
418,92.0,0.16
418,96.0,0.16
419,70.0,0.16
419,70.0,0.16
419,68.0,0.16
419,72.0,0.16
419,66.0,0.16
420,74.0,0.17
420,72.0,0.17
420,64.0,0.17
420,72.0,0.17
420,60.0,0.17
421,82.0,0.17
421,86.0,0.17
421,92.0,0.17
421,84.0,0.17
421,80.0,0.17
422,54.0,0.17
422,52.0,0.17
422,52.0,0.17
422,56.0,0.17
422,48.0,0.17
422,46.0,0.17
423,94.0,0.17
423,92.0,0.17
423,90.0,0.17
423,90.0,0.17
423,90.0,0.17
423,92.0,0.17
424,80.0,0.16
424,76.0,0.16
424,74.0,0.16
424,74.0,0.16
424,82.0,0.16
424,78.0,0.16
425,70.0,0.17
425,68.0,0.17
426,94.0,0.17
426,92.0,0.17
426,94.0,0.17
426,94.0,0.17
426,92.0,0.17
427,82.0,0.17
427,80.0,0.17
427,84.0,0.17
428,80.0,0.18
428,80.0,0.18
429,72.0,0.25
429,76.0,0.25
429,70.0,0.25
429,76.0,0.25
429,66.0,0.25
429,70.0,0.25
429,70.0,0.25
430,86.0,0.24
430,82.0,0.24
430,88.0,0.24
430,84.0,0.24
430,90.0,0.24
431,90.0,8.54
431,94.0,8.54
431,90.0,8.54
432,88.0,0.16
432,74.0,0.16
432,86.0,0.16
432,82.0,0.16
433,80.0,0.17
433,74.0,0.17
434,90.0,0.17
434,90.0,0.17
434,96.0,0.17
434,94.0,0.17
435,86.0,0.17
435,80.0,0.17
435,84.0,0.17
435,86.0,0.17
435,84.0,0.17
435,82.0,0.17
436,82.0,0.17
436,76.0,0.17
436,78.0,0.17
436,76.0,0.17
436,80.0,0.17
437,58.0,0.17
437,66.0,0.17
437,62.0,0.17
437,64.0,0.17
437,64.0,0.17
438,92.0,0.16
438,88.0,0.16
438,92.0,0.16
438,86.0,0.16
438,94.0,0.16
438,86.0,0.16
439,82.0,0.16
439,84.0,0.16
439,80.0,0.16
440,88.0,0.16
440,88.0,0.16
440,88.0,0.16
441,52.0,0.18
441,52.0,0.18
441,50.0,0.18
441,50.0,0.18
442,94.0,0.17
442,94.0,0.17
442,90.0,0.17
442,96.0,0.17
442,92.0,0.17
442,96.0,0.17
443,66.0,0.17
443,84.0,0.17
443,70.0,0.17
443,70.0,0.17
444,78.0,0.17
444,80.0,0.17
444,70.0,0.17
444,82.0,0.17
445,90.0,0.17
445,90.0,0.17
445,94.0,0.17
445,94.0,0.17
445,92.0,0.17
446,72.0,0.17
446,70.0,0.17
446,72.0,0.17
446,70.0,0.17
447,86.0,0.16
447,88.0,0.16
447,90.0,0.16
447,92.0,0.16
447,86.0,0.16
448,62.0,0.18
448,60.0,0.18
448,68.0,0.18
448,64.0,0.18
448,60.0,0.18
448,62.0,0.18
449,92.0,0.17
449,96.0,0.17
449,92.0,0.17
449,94.0,0.17
450,80.0,0.17
450,74.0,0.17
450,68.0,0.17
451,96.0,8.08
451,94.0,8.08
451,94.0,8.08
451,92.0,8.08
452,94.0,0.17
452,100.0,0.17
453,72.0,0.17
453,76.0,0.17
453,80.0,0.17
453,80.0,0.17
453,74.0,0.17
453,76.0,0.17
454,92.0,0.17
454,88.0,0.17
454,90.0,0.17
454,94.0,0.17
454,94.0,0.17
455,88.0,0.17
455,82.0,0.17
455,80.0,0.17
455,82.0,0.17
455,84.0,0.17
455,80.0,0.17
456,78.0,0.17
456,76.0,0.17
456,74.0,0.17
456,80.0,0.17
456,74.0,0.17
456,84.0,0.17
457,80.0,0.17
457,82.0,0.17
458,82.0,0.17
458,88.0,0.17
458,82.0,0.17
458,76.0,0.17
458,90.0,0.17
459,82.0,0.17
459,84.0,0.17
459,84.0,0.17
460,88.0,0.17
460,88.0,0.17
461,70.0,0.17
461,74.0,0.17
461,68.0,0.17
461,70.0,0.17
461,72.0,0.17
461,60.0,0.17
462,94.0,0.19
462,96.0,0.18
462,98.0,0.18
463,82.0,0.18
463,80.0,0.18
463,80.0,0.18
463,70.0,0.18
463,86.0,0.18
463,80.0,0.18
463,80.0,0.18
464,78.0,0.19
464,70.0,0.19
464,74.0,0.19
464,78.0,0.19
465,92.0,0.21
465,96.0,0.21
465,96.0,0.21
465,96.0,0.21
465,96.0,0.21
465,92.0,0.21
466,98.0,0.19
466,96.0,0.19
466,94.0,0.19
467,60.0,0.17
467,68.0,0.17
467,70.0,0.17
467,70.0,0.17
467,64.0,0.17
468,68.0,0.17
468,70.0,0.17
468,68.0,0.17
468,68.0,0.17
468,70.0,0.17
469,94.0,0.18
469,90.0,0.18
469,92.0,0.18
469,88.0,0.18
470,40.0,0.19
470,50.0,0.19
470,50.0,0.19
470,56.0,0.19
471,86.0,0.17
471,88.0,0.17
471,84.0,0.17
472,78.0,8.29
472,78.0,8.29
472,78.0,8.29
472,86.0,8.29
473,76.0,0.17
474,68.0,0.17
474,68.0,0.17
474,78.0,0.17
474,70.0,0.17
475,68.0,0.2
475,66.0,0.2
475,66.0,0.2
475,68.0,0.2
476,76.0,0.17
476,78.0,0.17
476,78.0,0.17
476,80.0,0.17
477,86.0,0.17
477,92.0,0.17
477,96.0,0.17
477,88.0,0.17
477,94.0,0.17
477,86.0,0.17
478,72.0,0.17
478,66.0,0.17
478,76.0,0.17
478,76.0,0.17
478,68.0,0.17
478,74.0,0.17
479,90.0,0.17
479,92.0,0.17
479,94.0,0.17
479,94.0,0.17
479,94.0,0.17
479,92.0,0.17
479,92.0,0.17
480,74.0,0.17
480,86.0,0.17
480,80.0,0.17
480,74.0,0.17
480,80.0,0.17
481,94.0,0.17
481,94.0,0.17
481,88.0,0.17
481,90.0,0.17
481,94.0,0.17
482,28.0,0.17
482,28.0,0.17
482,24.0,0.17
482,24.0,0.17
482,24.0,0.17
483,92.0,0.17
483,92.0,0.17
484,92.0,0.17
484,88.0,0.17
484,90.0,0.17
484,86.0,0.17
485,84.0,0.17
485,76.0,0.17
485,80.0,0.17
486,66.0,0.18
486,70.0,0.18
486,72.0,0.18
487,66.0,0.17
487,66.0,0.17
487,74.0,0.17
487,74.0,0.17
488,62.0,0.17
488,70.0,0.17
488,62.0,0.17
488,70.0,0.17
489,76.0,0.17
489,70.0,0.17
489,70.0,0.17
489,76.0,0.17
489,66.0,0.17
490,84.0,0.17
490,92.0,0.17
490,88.0,0.17
490,94.0,0.17
490,92.0,0.17
491,88.0,0.17
491,86.0,0.17
491,90.0,0.17
492,86.0,8.25
492,74.0,8.25
492,86.0,8.25
493,86.0,0.17
493,92.0,0.17
493,84.0,0.17
494,78.0,0.18
494,82.0,0.18
494,78.0,0.18
494,84.0,0.18
495,78.0,0.17
495,74.0,0.17
495,82.0,0.17
495,78.0,0.17
496,92.0,0.17
496,90.0,0.17
496,90.0,0.17
496,94.0,0.17
496,92.0,0.17
496,88.0,0.17
496,92.0,0.17
497,92.0,0.18
497,98.0,0.18
497,86.0,0.18
497,92.0,0.18
497,94.0,0.18
497,94.0,0.18
498,90.0,0.17
498,90.0,0.17
498,94.0,0.17
498,94.0,0.17
499,86.0,0.17
499,80.0,0.17
499,82.0,0.17
499,76.0,0.17
499,76.0,0.17
499,70.0,0.17
500,86.0,0.17
500,82.0,0.17
500,86.0,0.17
501,76.0,0.17
501,78.0,0.17
501,74.0,0.17
501,76.0,0.17
502,88.0,0.18
502,94.0,0.18
502,86.0,0.18
503,74.0,0.18
503,80.0,0.18
503,80.0,0.18
504,82.0,0.17
504,80.0,0.17
504,76.0,0.17
504,84.0,0.17
504,84.0,0.17
505,68.0,0.17
505,74.0,0.17
505,74.0,0.17
505,70.0,0.17
506,70.0,0.17
506,68.0,0.17
507,86.0,0.17
507,96.0,0.17
507,94.0,0.17
507,94.0,0.17
508,82.0,0.18
508,86.0,0.18
508,86.0,0.18
508,86.0,0.18
508,92.0,0.17
509,58.0,0.17
509,66.0,0.17
509,52.0,0.17
509,68.0,0.17
509,64.0,0.17
510,64.0,0.17
510,70.0,0.17
510,70.0,0.17
510,68.0,0.17
511,88.0,0.17
511,96.0,0.17
511,86.0,0.17
511,92.0,0.17
511,88.0,0.17
512,72.0,0.17
512,76.0,0.17
512,68.0,0.17
512,74.0,0.17
513,92.0,0.17
513,88.0,0.17
513,78.0,0.17
513,86.0,0.17
514,52.0,0.18
514,64.0,0.18
514,56.0,0.18
514,76.0,0.18
515,90.0,0.18
515,88.0,0.18
516,94.0,0.19
516,88.0,0.19
516,90.0,0.19
516,92.0,0.19
516,94.0,0.19
517,90.0,0.19
517,86.0,0.19
518,60.0,0.17
518,60.0,0.17
518,58.0,0.17
518,56.0,0.17
519,90.0,0.2
519,84.0,0.2
520,80.0,0.19
520,84.0,0.19
521,76.0,0.19
521,70.0,0.19
522,78.0,0.18
522,88.0,0.18
523,66.0,0.23
523,66.0,0.23
524,82.0,0.19
524,82.0,0.19
524,82.0,0.19
525,76.0,0.19
525,90.0,0.19
525,84.0,0.19
525,86.0,0.19
526,72.0,0.17
526,70.0,0.17
526,72.0,0.17
526,76.0,0.17
527,80.0,0.17
527,76.0,0.17
527,80.0,0.17
527,82.0,0.17
527,76.0,0.17
528,66.0,0.17
528,60.0,0.17
528,60.0,0.17
528,66.0,0.17
528,64.0,0.17
529,80.0,0.16
529,80.0,0.16
529,80.0,0.16
529,80.0,0.16
529,86.0,0.16
530,88.0,0.16
530,96.0,0.16
530,88.0,0.16
530,94.0,0.16
530,94.0,0.16
531,96.0,0.19
531,88.0,0.19
532,82.0,0.18
532,78.0,0.18
532,76.0,0.18
532,78.0,0.18
533,96.0,8.25
533,92.0,8.25
533,86.0,8.25
533,86.0,8.25
533,92.0,8.25
533,94.0,8.25
534,88.0,0.17
534,90.0,0.17
534,80.0,0.17
534,88.0,0.17
534,90.0,0.17
535,92.0,0.16
535,86.0,0.17
536,88.0,0.17
536,92.0,0.17
536,90.0,0.17
536,86.0,0.17
536,88.0,0.17
537,100.0,0.16537,94.0,0.16

537,82.0,0.16
537,88.0,0.16
538,40.0,0.17
538,34.0,0.17
538,34.0,0.17
539,82.0,0.17
539,80.0,0.17
539,80.0,0.17
539,84.0,0.17
540,84.0,0.17
540,84.0,0.17
540,90.0,0.17
540,90.0,0.17
540,84.0,0.17
541,70.0,0.16
541,70.0,0.16
541,72.0,0.16
541,72.0,0.16
541,64.0,0.16
542,88.0,0.16
542,82.0,0.16
542,80.0,0.16
542,86.0,0.16
542,86.0,0.16
543,88.0,0.16
543,88.0,0.16
543,88.0,0.16
543,86.0,0.16
543,84.0,0.16
544,86.0,0.17
544,86.0,0.17
544,88.0,0.17
544,80.0,0.17
544,84.0,0.17
544,84.0,0.17
545,74.0,0.17
545,72.0,0.17
545,74.0,0.17
546,32.0,0.17
546,30.0,0.17
546,22.0,0.17
546,38.0,0.17
546,30.0,0.17
547,88.0,0.17
547,88.0,0.17
547,90.0,0.17
547,90.0,0.17
547,84.0,0.17
548,94.0,0.19
548,92.0,0.19
548,92.0,0.18
548,96.0,0.18
548,92.0,0.18
549,92.0,0.17
549,88.0,0.17
549,90.0,0.17
549,92.0,0.17
550,82.0,0.19
550,88.0,0.19
550,86.0,0.19
550,84.0,0.19
551,90.0,0.19
551,94.0,0.19
551,88.0,0.19
552,90.0,0.18
552,100.0,0.18
552,94.0,0.18
552,98.0,0.18
553,96.0,8.45
553,100.0,8.45
553,96.0,8.45

553,94.0,8.45
553,96.0,8.45
554,60.0,0.17
554,58.0,0.17
554,58.0,0.17
555,56.0,0.17
555,64.0,0.17
555,62.0,0.17
555,56.0,0.17
555,64.0,0.17
556,62.0,0.17
556,58.0,0.17
556,60.0,0.17
556,60.0,0.17
556,62.0,0.17
556,58.0,0.17
557,84.0,0.19
557,86.0,0.19
557,86.0,0.19
557,86.0,0.19
557,80.0,0.19
557,88.0,0.19
558,90.0,0.17
558,92.0,0.17
558,90.0,0.17
558,94.0,0.17
559,88.0,0.16
559,84.0,0.16
559,84.0,0.16
560,88.0,0.17
560,92.0,0.17
560,86.0,0.17
560,88.0,0.17
561,82.0,0.17
561,86.0,0.17
561,86.0,0.17
561,84.0,0.17
562,86.0,0.17
562,90.0,0.17
562,86.0,0.17
562,90.0,0.17
562,92.0,0.17
563,80.0,0.17
563,78.0,0.17
563,84.0,0.17
563,84.0,0.17
563,80.0,0.17
564,92.0,0.17
564,96.0,0.17
564,94.0,0.17
564,92.0,0.17
565,82.0,0.16
565,78.0,0.16
565,76.0,0.16
565,80.0,0.16
566,96.0,0.16
566,90.0,0.16
566,94.0,0.16
566,96.0,0.16
566,90.0,0.16
566,92.0,0.16
566,98.0,0.16
567,98.0,0.17
567,94.0,0.17
567,98.0,0.16
567,98.0,0.16
567,96.0,0.16
568,96.0,0.18
568,100.0,0.18
568,96.0,0.18
568,100.0,0.18
569,72.0,0.17
569,72.0,0.17
569,66.0,0.17
569,74.0,0.17
569,62.0,0.17
570,64.0,0.17
570,70.0,0.17
570,72.0,0.17
571,78.0,0.17
571,86.0,0.17
571,84.0,0.17
571,88.0,0.17
571,88.0,0.17
572,94.0,0.16
572,98.0,0.16
572,98.0,0.16
572,96.0,0.16
572,96.0,0.16
573,92.0,0.17
573,96.0,0.17
573,96.0,0.17
573,92.0,0.17
573,84.0,0.17
574,84.0,8.14
574,74.0,8.14
574,78.0,8.14
575,90.0,0.16
575,94.0,0.16
576,76.0,0.18
576,82.0,0.18
576,78.0,0.18
576,76.0,0.18
577,68.0,0.16
577,66.0,0.16
577,70.0,0.16
577,64.0,0.16
578,94.0,0.17
578,96.0,0.17
578,98.0,0.17
578,98.0,0.17
579,90.0,0.17
579,90.0,0.17
579,96.0,0.17
579,84.0,0.17
579,90.0,0.17
580,92.0,0.16
580,90.0,0.16
580,96.0,0.16
580,94.0,0.16
581,90.0,0.17

581,92.0,0.17
581,92.0,0.17
581,88.0,0.17
581,98.0,0.17
581,92.0,0.17
582,80.0,0.17
582,78.0,0.17
582,82.0,0.17
582,88.0,0.17
582,78.0,0.17
582,80.0,0.17
583,70.0,0.16
583,70.0,0.16
583,74.0,0.16
583,76.0,0.16
584,68.0,0.17
584,68.0,0.17
584,68.0,0.17
584,66.0,0.17
585,92.0,0.16
585,94.0,0.16
585,94.0,0.16
585,96.0,0.16
585,94.0,0.16
586,74.0,0.17
586,74.0,0.17
586,74.0,0.17
586,72.0,0.17
586,80.0,0.17
587,90.0,0.17
587,78.0,0.17
587,86.0,0.17
587,82.0,0.17
588,78.0,0.17
588,68.0,0.17
588,74.0,0.17
588,80.0,0.17
588,76.0,0.17
589,58.0,0.16
589,58.0,0.16
589,54.0,0.16
589,60.0,0.16
589,62.0,0.16
589,64.0,0.16
590,54.0,0.18
590,66.0,0.18
590,58.0,0.18
590,58.0,0.18
590,56.0,0.18
591,82.0,0.17
591,90.0,0.17
591,90.0,0.17
591,88.0,0.17
591,84.0,0.17
591,90.0,0.17
592,92.0,0.17
592,90.0,0.17
592,88.0,0.17
592,90.0,0.17
592,90.0,0.17
592,92.0,0.17
592,92.0,0.17
593,94.0,0.17
593,90.0,0.17
593,88.0,0.17
593,96.0,0.17
593,90.0,0.17
593,98.0,0.17
594,66.0,8.17
594,70.0,8.17
594,72.0,8.17
595,98.0,0.16
595,96.0,0.16
595,98.0,0.16
595,98.0,0.16
596,86.0,0.16
596,86.0,0.16
596,92.0,0.16
596,86.0,0.16
596,92.0,0.16
596,96.0,0.16
597,72.0,0.17
597,76.0,0.17
597,68.0,0.17
597,66.0,0.17
597,70.0,0.17
598,56.0,0.16
598,60.0,0.16
598,60.0,0.16
598,58.0,0.16
598,68.0,0.16
599,82.0,0.17
599,80.0,0.17
599,88.0,0.17
599,92.0,0.17
599,82.0,0.17
599,88.0,0.17
599,90.0,0.17
600,96.0,0.17
600,96.0,0.16
600,92.0,0.16
600,98.0,0.16
600,94.0,0.17
601,78.0,0.17
601,76.0,0.17
601,74.0,0.17
601,78.0,0.17
602,92.0,0.17
602,92.0,0.17
602,88.0,0.17
602,92.0,0.17
602,84.0,0.17
603,68.0,0.16
603,70.0,0.16
603,64.0,0.16
603,70.0,0.16
603,64.0,0.16
604,90.0,0.17
604,96.0,0.17
604,96.0,0.17
604,94.0,0.17
604,94.0,0.17
605,92.0,0.16
605,92.0,0.17
605,88.0,0.17
605,92.0,0.17
605,94.0,0.17
605,94.0,0.17
606,70.0,0.17
606,72.0,0.17
606,68.0,0.17
607,94.0,0.17
607,92.0,0.17
607,92.0,0.17
607,90.0,0.17
607,94.0,0.17
607,94.0,0.17
607,92.0,0.17
608,94.0,0.17
608,92.0,0.17
608,94.0,0.17
608,88.0,0.17
608,86.0,0.17
609,60.0,0.17
609,60.0,0.17
609,64.0,0.17
609,64.0,0.17
609,64.0,0.17
610,70.0,0.17
610,78.0,0.17
610,72.0,0.17
610,74.0,0.17
610,68.0,0.17
611,94.0,0.17
611,94.0,0.17
611,94.0,0.17
611,96.0,0.17
611,96.0,0.17
611,98.0,0.17
611,92.0,0.17
612,92.0,0.17
612,90.0,0.17
612,90.0,0.17
612,90.0,0.17
612,92.0,0.17
613,74.0,0.17
613,76.0,0.17
613,76.0,0.17
614,90.0,0.16
614,96.0,0.16
614,90.0,0.16
614,92.0,0.16
615,86.0,8.01
615,90.0,8.01
615,90.0,8.01
615,88.0,8.01
616,68.0,0.17
616,68.0,0.17
616,70.0,0.17
616,70.0,0.17
616,70.0,0.17
616,70.0,0.17
617,78.0,0.18
617,78.0,0.18
617,74.0,0.18
617,78.0,0.18
617,74.0,0.18
618,74.0,0.17
618,80.0,0.17
618,68.0,0.17
618,74.0,0.17
618,70.0,0.17
619,92.0,0.17
619,92.0,0.17
619,88.0,0.17
620,78.0,0.16
620,80.0,0.16
620,88.0,0.16
620,86.0,0.16
621,84.0,0.16
621,88.0,0.16
621,82.0,0.16
621,80.0,0.16
621,80.0,0.16
621,78.0,0.16
622,54.0,0.18
622,60.0,0.17
622,58.0,0.17
623,96.0,0.17
623,94.0,0.17
623,90.0,0.17
623,92.0,0.17
623,96.0,0.17
624,64.0,0.17
624,60.0,0.17
624,60.0,0.17
624,64.0,0.17
624,66.0,0.17
624,68.0,0.17
624,64.0,0.17
625,80.0,0.18
625,78.0,0.18
625,88.0,0.18
625,72.0,0.18
625,82.0,0.18
626,94.0,0.17
626,90.0,0.17
626,94.0,0.17
627,98.0,0.17
627,96.0,0.17
627,96.0,0.17
627,98.0,0.17
628,52.0,0.18
628,52.0,0.18
628,62.0,0.18
628,58.0,0.18
629,82.0,0.17
629,80.0,0.17
629,76.0,0.17
630,96.0,0.17
630,94.0,0.17
630,90.0,0.17
630,96.0,0.17
630,88.0,0.17
631,86.0,0.17
631,90.0,0.17
631,88.0,0.17
631,92.0,0.17
631,92.0,0.17
631,88.0,0.17
631,90.0,0.17
632,90.0,0.17
632,92.0,0.17
632,94.0,0.17
633,36.0,0.17
633,40.0,0.17
633,32.0,0.17
633,38.0,0.17
633,42.0,0.17
633,36.0,0.17
634,98.0,0.16

634,96.0,0.16
634,100.0,0.16
634,100.0,0.16
634,100.0,0.16
