1,3.68,0.17
1,3.72,0.17
1,3.83,0.17
1,3.87,0.17
1,3.63,0.17
2,0.74,0.17
2,0.75,0.17
2,0.74,0.17
2,0.75,0.17
3,2.9,0.17

3,2.79,0.17
3,2.79,0.17
3,2.8,0.17
4,1.62,0.17
4,1.86,0.17
4,1.61,0.17
5,4.25,0.17
5,4.24,0.17
5,4.22,0.17
5,4.25,0.17
6,0.91,0.17
6,1.14,0.17
6,1.03,0.17
6,0.92,0.17
7,1.45,0.17
7,1.47,0.17
7,1.32,0.17
7,1.29,0.17
8,2.54,0.17
8,2.61,0.17
8,3.0,0.17
8,2.62,0.17
8,2.8,0.17
9,5.03,0.19
9,4.89,0.19
9,4.85,0.19
9,4.91,0.19
10,3.8,0.18

10,3.63,0.18
10,3.9,0.18
10,3.4,0.18

10,3.57,0.18
11,1.81,0.17
11,1.67,0.17
11,1.78,0.17
12,3.39,0.17
12,3.5,0.17

12,3.58,0.17
13,1.42,0.17
13,1.39,0.17
13,1.32,0.17
13,1.36,0.17
14,4.2,0.16

14,4.28,0.16
14,4.32,0.16
14,4.13,0.16
14,4.09,0.16
15,2.45,0.17
15,2.32,0.1715,2.57,0.17
15,2.31,0.16
15,2.34,0.17
16,2.27,0.17
16,2.32,0.17
16,2.29,0.17
16,2.29,0.17
17,1.61,0.17
17,1.58,0.17
17,1.58,0.17
18,2.31,0.17
18,2.4,0.17

18,2.27,0.17
19,2.02,0.17
19,2.09,0.16
19,2.04,0.16
19,2.04,0.16
20,1.9,0.17
20,1.65,0.17
20,1.9,0.17

20,1.99,0.17
21,3.98,8.12
21,3.45,8.13
21,3.23,8.12
21,3.1,8.13

22,2.3,0.17

22,2.32,0.17
22,2.33,0.17
22,2.24,0.17
23,5.28,0.17
23,5.21,0.17
23,5.56,0.17
24,3.82,0.17
24,3.86,0.17
24,3.78,0.17
24,3.79,0.17
24,3.84,0.17
25,3.72,0.17
25,3.7,0.17
25,3.68,0.17
25,3.68,0.17
26,2.41,0.17
26,2.34,0.17
26,2.27,0.17
26,2.49,0.17
26,2.46,0.17
26,2.28,0.17
26,2.58,0.17
27,3.18,0.17
27,3.22,0.17
27,3.21,0.1727,3.2,0.17

28,1.91,0.16
28,1.89,0.16
28,1.89,0.16
29,2.96,0.17
29,2.92,0.17
29,2.71,0.17
29,2.6,0.17

30,5.38,0.17
30,5.38,0.17
30,5.33,0.17
30,5.56,0.17
31,3.36,0.17
31,3.41,0.17
31,3.47,0.17
31,3.38,0.17
31,3.38,0.17
32,3.71,0.16
32,4.02,0.16
32,3.95,0.16
32,3.77,0.16
32,4.03,0.16
32,4.05,0.16
32,3.97,0.16
33,3.37,0.17
33,3.14,0.17
33,3.14,0.16
33,3.28,0.17
33,3.1,0.17
34,3.83,0.17
34,3.71,0.17
35,2.6,0.17

35,2.73,0.17
35,2.66,0.17
35,2.72,0.17
35,2.86,0.17
35,2.75,0.17
36,2.95,0.16
36,2.93,0.16
36,2.91,0.16
37,2.04,0.17
7,1.79,0.17
37,1.9,0.17

37,1.8,0.17
38,3.85,0.17
38,3.86,0.17
38,3.78,0.17
38,3.89,0.17
38,3.76,0.17
38,3.86,0.17
39,2.94,0.17
39,3.06,0.17
39,2.88,0.17
39,2.96,0.17
40,3.5,0.17

40,3.52,0.17
40,3.52,0.17
41,0.96,8.14
41,0.83,8.14
41,0.94,8.14
42,2.41,0.17
42,2.42,0.17
42,2.41,0.17
42,2.42,0.17
42,2.41,0.17
42,2.41,0.17
43,2.33,0.17
43,2.33,0.17
43,2.33,0.17
44,5.82,0.16
44,5.25,0.16
44,5.69,0.16
44,5.17,0.16
44,5.34,0.16
45,2.14,0.16
45,2.16,0.16
45,2.31,0.16
45,2.21,0.16
46,2.69,0.17
46,2.2,0.17
46,2.2,0.17

46,2.62,0.17
47,4.28,0.17
47,4.19,0.17
47,4.04,0.17
47,4.38,0.17
48,1.93,0.17
48,1.94,0.17
48,2.08,0.17
49,1.93,0.16
49,1.56,0.16
49,1.54,0.16
50,2.35,0.16
50,2.32,0.16
50,2.4,0.16
50,2.26,0.16
50,2.43,0.16
50,2.28,0.16
50,2.37,0.16
51,4.7,0.17

51,4.6,0.17

51,4.68,0.17
51,5.19,0.17
52,2.92,0.17
52,3.3,0.17

52,3.23,0.17
53,2.18,0.17
53,2.27,0.17
53,2.24,0.17
53,2.35,0.17
54,3.93,0.18
54,4.18,0.18
54,4.1,0.18

54,4.22,0.18
54,4.2,0.18

55,1.56,0.17
55,1.83,0.17
55,1.59,0.17
55,1.81,0.17
56,4.05,0.17
56,4.27,0.17
56,4.58,0.17
56,3.88,0.17
56,4.18,0.17
57,3.09,0.17
57,3.17,0.17
57,3.09,0.17
57,3.48,0.17
57,3.31,0.17
57,3.13,0.17
58,1.7,0.16

58,1.34,0.16
58,1.48,0.16
59,3.48,0.17
59,3.5,0.17
59,3.59,0.17
59,3.7,0.17

60,2.22,0.17
60,2.19,0.17
60,2.19,0.17
60,2.2,0.17

60,2.19,0.17
61,1.32,0.17
61,1.44,0.17
61,1.37,0.17
61,1.38,0.17
62,3.24,8.31
62,3.33,8.31
62,3.14,8.31
62,3.28,8.31
62,2.94,8.31
63,3.48,0.17
63,3.46,0.17
63,3.63,0.17
63,3.7,0.17
63,3.74,0.17
63,3.83,0.17
64,3.39,0.17
64,3.36,0.17
64,3.39,0.17
64,3.4,0.17
64,3.23,0.17
64,3.5,0.17
65,2.6,0.18

65,2.88,0.18
65,2.82,0.18
65,3.12,0.18
66,5.59,0.17
66,5.24,0.17
66,6.02,0.17
66,5.78,0.17
66,6.07,0.17
67,2.23,0.17
67,2.36,0.17
67,2.29,0.17
67,2.27,0.17
67,2.26,0.17
68,3.36,0.16
68,3.33,0.16
68,3.5,0.16
69,2.87,0.17
69,2.9,0.17
69,3.06,0.17
69,2.96,0.17
70,1.92,0.16
70,1.95,0.16
70,1.95,0.16
70,1.98,0.16
70,1.96,0.16
70,1.92,0.16
71,3.89,0.17
71,3.93,0.17
71,3.79,0.17
71,4.25,0.17
72,3.33,0.17
72,3.33,0.17
72,3.65,0.17
72,3.3,0.17
73,4.12,0.17
74,3.82,0.17
74,3.58,0.17
74,3.59,0.17
74,3.6,0.17
74,3.33,0.17
75,1.82,0.17
75,1.69,0.17
75,1.9,0.17
75,1.8,0.17

75,2.04,0.17
76,2.41,0.17
76,2.09,0.17
76,2.37,0.17
76,2.12,0.17
76,2.14,0.17
77,3.17,0.18
77,3.27,0.18
77,3.19,0.18
78,1.65,0.17
78,1.96,0.17
78,1.48,0.17
78,1.69,0.17
78,1.86,0.17
79,1.91,0.17
79,1.83,0.17
79,1.88,0.17
79,1.84,0.17
79,1.89,0.17
80,4.17,0.16
80,4.19,0.16
80,4.22,0.16
80,3.84,0.16
80,4.15,0.16
80,3.82,0.16
81,1.96,0.17
81,1.9,0.17
81,1.96,0.17
81,1.82,0.17
81,1.88,0.17
81,1.86,0.17
82,4.6,8.02

82,5.04,8.02
82,5.11,8.02
83,1.08,0.17
83,1.12,0.17
83,1.14,0.17
83,1.12,0.17
83,1.03,0.17
84,2.16,0.17
84,2.21,0.17
84,2.23,0.17
84,2.18,0.17
84,2.26,0.17
85,1.33,0.17
5,1.35,0.17
85,1.16,0.17
85,1.34,0.17
86,3.38,0.18
86,3.47,0.17
86,3.44,0.17
87,0.72,0.17
87,0.72,0.17
87,0.72,0.17
87,0.71,0.17
88,3.19,0.17
88,3.25,0.17
88,3.04,0.17
88,2.96,0.17
88,3.44,0.17
88,2.98,0.17
88,3.16,0.17
89,2.72,0.17
89,2.05,0.17
89,2.73,0.17
89,2.28,0.17
90,1.72,0.17
90,1.7,0.17

90,1.67,0.17
91,2.47,0.17
91,2.47,0.17
91,2.75,0.17
91,2.45,0.17
91,2.75,0.17
92,1.44,0.16
92,1.16,0.16
92,1.07,0.16
92,0.91,0.16
92,1.31,0.16
92,1.23,0.16
93,2.93,0.17
93,3.12,0.17
93,2.91,0.17
94,3.26,0.17
94,3.27,0.17
94,3.26,0.17
94,3.28,0.17
95,1.51,0.17
95,1.45,0.17
95,1.55,0.17
95,1.63,0.17
96,2.88,0.17
96,2.82,0.17
96,2.78,0.17
96,2.78,0.17
97,1.8,0.16

97,1.81,0.16
97,1.86,0.16
97,1.87,0.16
98,3.42,0.16
98,3.42,0.16
98,3.42,0.16
98,3.42,0.16
98,3.41,0.16
98,3.42,0.16
99,3.38,0.17
99,3.39,0.17
99,3.39,0.17
99,3.39,0.17
99,3.39,0.17
100,3.37,0.17
00,3.29,0.17
100,3.57,0.17
101,1.22,0.17
101,1.24,0.17
101,1.25,0.17
101,1.18,0.17
101,1.25,0.17
102,2.01,0.17
102,2.78,0.17
102,2.6,0.17

102,1.9,0.17
102,2.38,0.17
103,2.41,8.11
103,2.36,8.11
103,2.02,8.11
103,2.23,8.11
103,2.62,8.11
104,3.27,0.16
104,3.26,0.16
104,3.27,0.16
104,3.26,0.16
105,2.33,0.17
105,2.17,0.17
105,2.22,0.17
105,2.3,0.17
105,2.26,0.17
106,2.55,0.17
106,2.58,0.17
106,2.59,0.17
106,2.56,0.17
106,2.6,0.17
106,2.54,0.17
107,0.69,0.16
107,0.6,0.16
107,0.6,0.16

107,0.78,0.16
107,0.57,0.16
108,4.08,0.17
108,4.24,0.17
108,4.15,0.17
108,4.03,0.17
108,4.22,0.17
109,2.41,0.17
109,2.54,0.17
109,2.5,0.17
109,2.46,0.17
109,2.52,0.17
110,3.4,0.17

110,3.52,0.17
110,3.58,0.17
111,3.17,0.17
111,2.95,0.17
111,3.0,0.17

112,2.77,0.17
112,2.36,0.17
112,3.04,0.17
112,2.58,0.17
112,2.78,0.17
113,3.25,0.17
113,3.27,0.17
113,3.28,0.17
113,3.27,0.17
114,2.49,0.17
114,2.43,0.17
114,2.44,0.17
114,2.48,0.17
114,2.46,0.17
115,2.39,0.17
115,2.4,0.17

115,2.4,0.17

115,2.42,0.17
116,3.19,0.17
116,3.67,0.17
116,3.25,0.17
116,3.3,0.17
116,3.11,0.17
117,3.97,0.17
117,3.5,0.17
117,4.09,0.17
117,3.57,0.17
117,3.99,0.17
118,3.98,0.17
118,3.97,0.17
118,3.99,0.17
118,3.6,0.17

119,2.03,0.17
119,2.03,0.17
119,1.96,0.17
119,2.02,0.17
120,1.74,0.17
120,1.73,0.17
120,1.73,0.17
120,1.74,0.17
120,1.74,0.17
121,0.54,0.17
121,0.53,0.17
121,0.58,0.17
122,3.33,0.17
122,3.28,0.17
122,3.29,0.17
122,3.33,0.17
122,3.37,0.17
123,4.6,8.16

123,4.22,8.16
123,4.17,8.16
124,2.99,0.17
124,3.14,0.17
124,3.12,0.17
124,3.06,0.17
124,3.03,0.17
125,2.02,0.17
125,2.16,0.17
125,1.95,0.17
125,1.89,0.17
125,1.84,0.17
125,2.01,0.17
126,4.33,0.18
126,4.3,0.18

126,4.2,0.18
126,4.35,0.18
127,2.36,0.17127,2.3,0.17
127,2.38,0.17
127,2.2,0.17
127,2.32,0.17
127,2.42,0.17
128,2.7,0.17

128,2.68,0.17
128,2.7,0.17
128,2.66,0.17
128,2.68,0.17
129,1.05,0.17
129,0.91,0.17
129,1.08,0.17
130,2.69,0.17
130,2.68,0.17
130,2.65,0.17
130,2.67,0.17
131,3.12,0.17
131,3.26,0.17131,2.92,0.17
131,3.16,0.17
131,2.99,0.17
131,2.86,0.17
132,0.48,0.17
132,0.67,0.17
132,0.68,0.17
132,0.85,0.17
133,3.65,0.17
133,3.66,0.17
133,3.67,0.17
134,4.51,0.17
134,4.64,0.17
134,4.38,0.17
134,4.21,0.17
134,4.12,0.17
134,4.24,0.17
135,1.24,0.17
135,1.3,0.17
135,1.32,0.17
135,1.26,0.17
136,3.39,0.17
136,3.27,0.17
136,3.34,0.17
136,3.26,0.17
136,3.38,0.17
136,3.37,0.17
137,3.05,0.17
137,3.14,0.17
137,3.56,0.17
137,2.93,0.17
137,3.47,0.17
137,3.61,0.17
137,3.07,0.17
138,2.2,0.18

138,2.24,0.18
138,2.2,0.18
138,2.23,0.18
138,2.19,0.18
138,2.2,0.18
139,2.48,0.17
139,2.53,0.17
139,2.7,0.17
139,2.4,0.17
139,2.44,0.17
140,5.23,0.16
140,5.3,0.17
140,5.22,0.17
140,5.13,0.17
140,5.29,0.17
140,5.41,0.17
141,4.92,0.17
141,4.95,0.17
141,4.91,0.17
141,4.9,0.17
141,4.9,0.17
142,2.12,0.17
142,2.1,0.17

142,2.07,0.17
143,2.42,0.17
143,2.36,0.17
143,2.29,0.17
143,2.18,0.17
143,2.38,0.17
144,1.26,7.92
144,1.05,7.92
144,1.22,7.92
144,1.81,7.92
144,1.45,7.92
145,5.01,0.17
145,4.96,0.17
145,4.68,0.17
145,5.05,0.17
145,5.48,0.17
146,1.79,0.17146,1.79,0.17
146,1.78,0.17
147,1.97,0.17
147,1.78,0.17
147,1.87,0.17
147,1.84,0.17
148,3.58,0.17
148,3.61,0.17
148,3.55,0.17
148,3.58,0.17
148,3.6,0.17
148,3.54,0.17
149,2.69,0.17
49,2.71,0.17
149,2.69,0.17
149,2.69,0.17
150,1.65,0.17
150,1.63,0.17
150,1.66,0.17
150,1.66,0.17
151,3.86,0.19
151,3.77,0.19
151,3.74,0.19
151,3.74,0.19
152,3.7,0.17

152,4.03,0.17
152,4.14,0.17
152,4.26,0.17
152,3.88,0.17
152,3.76,0.17
152,3.89,0.17
153,3.3,0.17
153,3.3,0.17
153,3.3,0.17
153,3.3,0.17
153,3.3,0.17
154,3.11,0.22
154,3.35,0.22
154,3.28,0.22
154,3.11,0.22
155,0.96,0.18
155,0.86,0.18
156,2.33,0.18
156,2.44,0.18
156,2.83,0.18
156,2.46,0.18
157,2.86,0.17
57,2.92,0.17
157,2.87,0.17
157,2.93,0.17
158,1.76,0.17
158,1.78,0.17
158,1.63,0.17
158,1.77,0.17
159,4.65,0.17
159,4.66,0.17
159,4.64,0.17
159,4.65,0.17
159,4.68,0.17
160,3.21,0.17160,3.18,0.17
160,3.28,0.17
160,3.21,0.17
160,3.24,0.17
160,3.19,0.17
160,3.26,0.17
161,1.18,0.17
161,1.23,0.17
161,1.09,0.17
161,1.08,0.17
161,0.88,0.17
162,3.45,0.17
162,3.5,0.17
162,3.6,0.17

162,3.47,0.17
163,2.67,0.17163,2.46,0.17
163,2.28,0.17
163,2.56,0.17
163,2.64,0.17
164,3.3,8.27
164,3.3,8.27
164,3.3,8.27
164,3.3,8.27
164,3.3,8.27
165,1.32,0.17
165,1.66,0.17
165,1.34,0.17165,1.37,0.17
166,1.04,0.17
166,1.29,0.17
167,4.44,0.17
167,5.24,0.17
168,2.21,0.17
168,2.13,0.17
169,4.96,0.17169,5.29,0.17
169,5.28,0.17
169,5.16,0.17
170,1.64,0.17
170,1.71,0.17
170,1.77,0.17
170,1.75,0.17
170,1.57,0.17
171,3.23,0.17
171,3.43,0.17
171,3.32,0.17
171,3.43,0.17
171,3.32,0.17
171,3.35,0.17
172,4.07,0.17
172,4.13,0.17
172,4.1,0.17
172,4.14,0.17
172,4.12,0.17
172,4.09,0.17
172,4.11,0.17
173,3.12,0.17
173,3.5,0.17
173,3.31,0.17
173,3.04,0.17
173,3.23,0.17
173,3.33,0.17
174,1.03,0.18
174,0.81,0.18
174,0.8,0.18
174,1.03,0.18
174,0.88,0.18
175,1.56,0.17
175,1.56,0.17
175,1.53,0.17
175,1.62,0.17
175,1.54,0.17
175,1.5,0.17
176,2.25,0.16
176,2.19,0.17
176,2.18,0.16
176,2.38,0.17
176,2.39,0.16
176,2.17,0.17
176,2.18,0.16
177,2.4,0.16

177,2.43,0.16
177,2.34,0.16
177,2.3,0.16
177,2.32,0.16
178,1.71,0.18
178,1.71,0.18
178,1.71,0.18
178,1.71,0.18
179,1.92,0.18
179,1.73,0.18
179,1.79,0.18
179,1.64,0.18
180,3.33,0.17
180,3.32,0.17
180,3.33,0.17
180,3.32,0.17
180,3.32,0.17
181,2.09,0.17
181,1.7,0.17

181,2.43,0.17
182,1.24,0.17
182,1.24,0.17
182,1.23,0.17
182,1.24,0.17
183,5.8,0.17

183,5.77,0.17
183,5.77,0.17
183,5.79,0.17
183,5.77,0.17
184,2.14,0.17
184,2.15,0.17
184,2.13,0.17
184,2.16,0.17
184,2.16,0.17
185,0.98,8.01
185,1.03,8.01
185,1.1,8.01
185,0.79,8.01
186,3.63,0.17
186,3.33,0.17
186,3.57,0.17
186,3.21,0.17
186,3.71,0.17
187,4.44,0.17
187,4.21,0.17
187,4.36,0.17
188,1.37,0.17
188,1.11,0.17
188,1.06,0.17
189,1.0,0.17

189,1.16,0.17
189,1.17,0.17
189,1.01,0.17
189,1.4,0.17
190,1.66,0.17
190,1.67,0.17
190,1.67,0.17
190,1.88,0.17
190,1.74,0.17
191,3.32,0.17
191,3.44,0.17
191,3.09,0.17
191,3.3,0.17
191,3.47,0.17
192,1.65,0.17
192,1.68,0.17
192,1.63,0.17
192,1.64,0.17
192,1.67,0.17
193,1.54,0.17
193,1.44,0.17
193,1.54,0.17
194,2.7,0.17

194,3.09,0.17
194,2.76,0.17
194,2.85,0.17
194,2.8,0.17
195,3.8,0.17

195,4.05,0.17
195,3.83,0.17
195,3.62,0.17
196,3.14,0.17
196,3.18,0.17
196,3.23,0.17
196,3.13,0.17
197,2.75,0.17197,2.7,0.17

197,2.7,0.17
198,2.54,0.17
198,2.59,0.17
198,2.5,0.17
198,2.5,0.17

198,2.45,0.17
199,5.52,0.17
199,5.56,0.17
199,5.91,0.17
199,5.56,0.17
199,5.67,0.17
199,5.52,0.17
199,5.37,0.17
200,2.77,0.17
200,2.75,0.17
200,2.76,0.17
200,2.78,0.17
200,2.77,0.17
200,2.75,0.17
201,3.27,0.17
201,3.16,0.17
201,3.15,0.17
201,3.11,0.17
202,2.41,0.16202,2.5,0.16

202,2.44,0.16
202,2.5,0.16
202,2.36,0.16
203,3.67,0.17
203,3.79,0.17
203,3.79,0.17
203,3.79,0.18
204,2.93,0.17
204,3.52,0.17
204,3.13,0.17
204,2.99,0.17
204,2.99,0.17
205,2.87,8.07
205,3.09,8.07
205,2.88,8.08
205,3.15,8.07
206,3.62,0.17
206,3.5,0.17

206,3.32,0.17
206,3.62,0.17
207,4.02,0.17
207,3.5,0.17
207,4.08,0.17
207,4.17,0.17
208,1.51,0.17
208,1.42,0.17
208,1.54,0.17
208,1.48,0.17
208,1.49,0.17
208,1.49,0.17
209,1.48,0.16
209,1.54,0.16
209,1.63,0.16
209,1.52,0.16
209,1.53,0.16
210,3.86,0.17
210,3.74,0.17
210,3.53,0.17
210,3.76,0.17
210,3.7,0.17

210,3.75,0.17
211,1.7,0.17

211,2.27,0.17
211,2.39,0.17
211,2.11,0.17
211,2.23,0.17
212,4.9,0.17
212,5.29,0.17
212,5.29,0.17
212,5.15,0.17
213,1.6,0.17

213,1.63,0.17
213,1.61,0.17
213,1.63,0.17
214,3.95,0.17
214,3.91,0.17
214,3.86,0.17
214,3.89,0.17
214,4.09,0.17
215,3.2,0.17

215,3.46,0.17
215,3.55,0.17
215,3.53,0.17
215,3.32,0.17
216,1.97,0.17
216,2.1,0.17

216,1.9,0.17

216,2.06,0.17
217,4.9,0.17
217,4.91,0.17
217,4.9,0.17

217,4.94,0.17
217,4.93,0.17
218,2.22,0.17
218,2.2,0.17
218,2.27,0.17
218,2.24,0.17
218,2.22,0.17
218,2.24,0.17
219,3.3,0.17
219,3.3,0.17
219,3.3,0.17
219,3.3,0.16
219,3.3,0.17
220,3.67,0.17
220,3.67,0.17
220,3.68,0.17
220,3.78,0.17
221,3.42,0.18
221,3.38,0.18
221,3.36,0.18
221,3.69,0.18
222,6.5,0.17

222,6.44,0.17
222,6.53,0.17
222,6.44,0.17
222,6.48,0.17
222,6.43,0.17
223,4.29,0.17
223,3.84,0.17
223,3.7,0.17

223,3.74,0.17
223,3.9,0.17
223,4.19,0.17
223,3.94,0.17
224,2.83,0.16
224,2.68,0.16
224,2.49,0.16
224,2.72,0.16
224,2.8,0.16
225,3.76,0.17
225,3.79,0.17
225,3.77,0.17
225,3.85,0.17
226,1.62,8.07
226,1.54,8.07
226,1.7,8.07

226,1.64,8.07
226,1.63,8.07
226,1.6,8.07
226,1.58,8.07
227,1.04,0.17
227,1.02,0.17
227,1.05,0.17
227,1.01,0.17
227,1.03,0.17
227,1.04,0.17
228,2.96,0.17
228,2.84,0.17
228,2.84,0.17
228,2.88,0.17
228,2.92,0.17
229,2.15,0.17
229,2.05,0.17
229,1.83,0.17
230,0.94,0.17
230,1.16,0.17
230,1.11,0.17
230,0.94,0.17
230,1.0,0.17
231,6.31,0.17
231,6.52,0.17
231,6.32,0.17
231,5.77,0.17
231,6.33,0.17
232,2.94,0.17
232,2.94,0.17
232,2.95,0.17
232,2.94,0.17
233,2.75,0.17
233,2.74,0.17
233,2.79,0.17
233,2.82,0.17
234,3.17,0.17
234,3.0,0.17
234,3.04,0.17
234,3.05,0.17
234,3.12,0.17
235,2.33,0.17
235,2.53,0.17
235,2.47,0.17
236,3.85,0.17
236,3.85,0.17
236,3.86,0.17
236,3.85,0.17
236,3.86,0.17
237,3.26,0.17
237,3.47,0.17
237,3.34,0.17
237,3.17,0.17
237,3.1,0.17

238,2.86,0.17
238,3.15,0.17
238,2.81,0.17
238,2.94,0.17
238,3.03,0.17
238,3.28,0.17
239,3.21,0.17
239,3.21,0.17
239,2.72,0.17
239,2.96,0.17
239,2.86,0.17
239,3.07,0.17
240,2.23,0.17
240,2.25,0.17
240,2.32,0.17
240,2.27,0.17
241,4.36,0.17
241,4.52,0.17
241,4.48,0.17
241,3.98,0.17
241,4.17,0.17
241,4.17,0.17
242,1.74,0.17
242,1.72,0.17
242,1.8,0.17
242,1.75,0.17
242,1.78,0.17
243,1.12,0.17
243,1.16,0.17
243,1.07,0.17
243,1.14,0.17
244,4.13,0.17
244,4.12,0.17
244,4.13,0.17
244,4.13,0.17
244,4.13,0.17
244,4.11,0.17
245,3.46,0.18
245,3.51,0.18
245,3.43,0.18
245,3.38,0.18
245,3.51,0.18
245,3.43,0.18
246,2.39,7.94
246,2.41,7.94
246,2.38,7.94
246,2.39,7.94
246,2.52,7.94
246,2.36,7.94
246,2.44,7.94
247,3.16,0.17
247,3.12,0.18
247,3.13,0.18
247,3.29,0.18
247,3.21,0.17
247,3.14,0.18
247,3.2,0.17
248,2.12,0.17
248,2.14,0.17
248,2.13,0.17
248,2.11,0.17
248,2.11,0.17
248,2.13,0.17
249,3.5,0.17
249,3.5,0.17
249,3.5,0.17
250,6.73,0.17
250,6.24,0.17
250,6.35,0.17
250,6.47,0.17
251,2.94,0.17
251,2.93,0.17
251,2.98,0.17
251,2.87,0.17
251,2.97,0.17
251,2.94,0.17
251,2.98,0.17
252,3.33,0.17
252,2.81,0.17
252,3.01,0.17
252,2.86,0.17
252,2.86,0.17
253,3.2,0.18
253,3.14,0.18
253,3.0,0.18

253,3.35,0.18
253,3.4,0.18
254,2.63,0.17
254,2.59,0.17
254,2.66,0.17
254,2.66,0.17
254,2.68,0.17
255,1.99,0.17
255,2.08,0.17
255,2.15,0.17
256,3.83,0.17
256,4.34,0.17
256,4.14,0.17
256,4.3,0.17
256,4.1,0.17
256,4.01,0.17
257,4.38,0.17
257,4.5,0.17

257,4.65,0.17
257,4.05,0.17
257,4.34,0.17
257,4.27,0.17
258,4.21,0.17
258,4.29,0.17
258,4.03,0.17
259,2.51,0.17
259,2.55,0.17
259,2.61,0.17
259,2.62,0.17
260,3.04,0.17
260,3.04,0.17
260,3.08,0.17
260,3.04,0.17
261,1.66,0.17
261,1.44,0.17
261,1.09,0.17
261,1.23,0.17
261,1.48,0.17
261,1.22,0.17
262,1.95,0.17
262,1.87,0.17
262,2.03,0.17
262,1.76,0.17
262,1.99,0.17
262,1.99,0.17
263,6.0,0.17
263,5.75,0.17
263,6.0,0.17
263,6.0,0.17
263,5.75,0.17
264,2.63,0.18
264,2.66,0.18
264,2.54,0.17
264,2.49,0.17
265,1.73,0.17
265,1.72,0.17
265,1.73,0.17
265,1.72,0.17
265,1.71,0.17
265,1.73,0.17
265,1.72,0.17
266,2.81,0.17
266,2.82,0.17
266,2.84,0.17
266,2.78,0.17
266,2.85,0.17
267,2.65,7.95
267,2.67,7.95
267,2.58,7.95
267,2.54,7.95
267,2.48,7.95
267,2.58,7.95
268,2.13,0.17
268,2.15,0.17
268,2.16,0.17
268,2.12,0.17
268,2.14,0.17
268,2.16,0.17
269,2.35,0.17
269,2.36,0.17
269,2.42,0.17
269,2.4,0.17
270,2.01,0.17
270,2.06,0.17
270,1.99,0.17
270,2.09,0.17
270,2.15,0.17
271,1.77,0.17271,1.77,0.17
271,1.81,0.17
271,1.82,0.17
272,2.52,0.17
272,2.38,0.17
272,2.3,0.17
272,2.5,0.17

272,2.4,0.17
273,3.13,0.17
273,3.06,0.17
273,3.15,0.17
273,3.12,0.17
274,3.98,0.17
274,4.05,0.17
274,3.87,0.17
274,3.97,0.17
274,3.96,0.17
274,3.96,0.17
275,3.34,0.17
275,3.52,0.17
275,3.31,0.17
276,4.07,0.17
276,4.12,0.17
276,4.42,0.17
276,3.91,0.17
277,3.61,0.18
277,3.56,0.18
277,3.43,0.18
277,3.7,0.18
277,3.68,0.18
278,1.02,0.16
278,1.01,0.16
278,1.1,0.16

278,1.01,0.16
279,0.99,0.17
279,0.95,0.17
279,1.02,0.17
280,2.83,0.17
280,2.7,0.17

280,2.96,0.17
280,2.61,0.17
281,1.39,0.17
81,1.36,0.17
281,1.36,0.17
281,1.39,0.17
281,1.28,0.17
282,2.66,0.17
282,2.73,0.17
282,2.69,0.17
282,2.79,0.17
283,1.76,0.18
83,1.97,0.18
283,1.87,0.18
283,1.69,0.18
283,1.86,0.18
284,2.37,0.16
284,2.47,0.16
284,2.27,0.16
284,2.38,0.16
284,2.19,0.16
285,5.95,0.16
285,5.65,0.17
285,5.69,0.16
285,5.73,0.17
285,5.64,0.17
285,5.56,0.17
286,3.83,0.17
286,4.05,0.17
286,3.95,0.17
286,3.8,0.17
287,2.69,8.02
287,2.74,8.02
287,2.77,8.02
287,2.63,8.02
287,2.67,8.02
287,2.75,8.02
288,5.18,0.18
288,5.06,0.18
288,5.24,0.18
288,5.21,0.18
289,2.24,0.17
289,2.24,0.17
289,2.24,0.17
289,2.24,0.17
290,1.7,0.17

290,1.76,0.17
290,1.66,0.17
290,1.68,0.17
291,3.16,0.16
291,3.27,0.16
291,3.22,0.16
291,3.21,0.16
292,3.84,0.17
292,3.65,0.17
292,3.49,0.17
292,3.96,0.17
293,2.86,0.17
293,3.27,0.17
293,2.66,0.17
293,2.89,0.17
294,2.27,0.17
294,2.24,0.17
294,2.46,0.17
294,2.35,0.17
294,2.16,0.17
294,2.34,0.17
295,2.99,0.18
295,2.98,0.18
295,3.07,0.18
295,3.14,0.18
296,2.33,0.17
296,2.36,0.17
296,2.4,0.17
296,2.39,0.17
296,2.38,0.17
297,2.07,0.17
297,2.06,0.17
297,2.07,0.17
297,2.1,0.17

297,2.06,0.17
297,2.05,0.17
298,2.92,0.17
298,2.83,0.17
298,2.94,0.17
298,2.88,0.17
299,2.85,0.17
299,2.54,0.17
299,2.59,0.17
299,2.69,0.17
299,2.54,0.17
300,4.83,0.17
300,4.91,0.17
300,5.01,0.17
301,3.06,0.17
301,3.2,0.17
301,3.18,0.17
301,3.35,0.17
301,3.07,0.17
302,3.69,0.17
302,3.8,0.17
302,4.14,0.17
302,3.91,0.17
302,3.95,0.17
303,4.84,0.18
303,4.91,0.18
303,5.23,0.18
303,5.01,0.18
304,2.62,0.17
304,2.91,0.17
304,2.74,0.17
304,2.75,0.17
304,2.57,0.17
304,2.74,0.17
305,1.89,0.17
305,1.65,0.17
305,1.48,0.17
305,1.69,0.17
306,2.53,0.17
306,2.58,0.17
306,2.71,0.17
306,2.71,0.17
307,2.51,0.17
307,2.51,0.17
307,2.35,0.17
307,2.5,0.17

307,2.5,0.17
308,2.24,8.07
308,2.37,8.07
308,2.51,8.07
308,2.48,8.07
309,2.38,0.17
309,2.28,0.17
309,2.05,0.17
309,2.28,0.17
309,2.39,0.17
310,4.36,0.17
310,4.5,0.17
310,4.41,0.17
310,4.46,0.17
310,4.39,0.17
310,4.49,0.17
310,4.34,0.17
311,1.34,0.17
311,1.33,0.17
311,1.32,0.17
311,1.33,0.17
311,1.32,0.17
312,4.46,0.17
312,4.33,0.17
312,4.51,0.17
312,4.24,0.17
312,4.48,0.17
313,4.48,0.17
313,4.3,0.17

313,4.46,0.17
313,4.06,0.17
313,4.44,0.17
314,3.78,0.17
314,4.31,0.17
314,3.88,0.17
315,2.39,0.16
315,2.34,0.16
315,2.45,0.16
316,1.87,0.17
316,2.15,0.17
316,2.07,0.17
317,1.65,0.16
317,1.6,0.16
317,1.63,0.16
317,1.65,0.16
317,1.58,0.16
317,1.58,0.16
318,1.74,0.17
318,1.77,0.17
318,1.94,0.17
318,1.9,0.17
318,1.9,0.17
319,1.44,0.17
319,1.3,0.17
319,1.59,0.17
319,1.49,0.17
319,1.28,0.17
320,3.59,0.17
320,3.65,0.17
320,3.78,0.17
320,3.54,0.17
321,4.22,0.17
321,4.2,0.17
321,3.78,0.17
321,4.51,0.17
321,4.26,0.17
321,4.0,0.17
321,4.07,0.17
322,3.64,0.17
322,3.67,0.17
322,3.59,0.17
322,3.69,0.17
323,4.33,0.17
323,4.37,0.17
323,4.01,0.17
323,3.89,0.17
323,3.89,0.17
324,4.74,0.17
324,4.8,0.17
324,4.87,0.17
325,2.32,0.17
25,2.31,0.17
325,2.23,0.17
325,2.1,0.17
325,2.41,0.17
326,4.4,0.17

326,3.99,0.17
326,3.97,0.17
326,3.69,0.17
327,3.55,0.17
327,3.21,0.17
327,3.38,0.17
327,3.19,0.17
327,3.66,0.17
327,3.58,0.17
327,3.38,0.17
328,3.84,8.04
328,3.84,8.04
328,3.7,8.04
328,3.94,8.04
328,3.6,8.04
328,3.74,8.04
328,3.94,8.04
329,3.94,0.17
329,4.08,0.17
329,4.11,0.17
329,3.84,0.17
329,3.76,0.17
329,3.76,0.17
330,2.69,0.16
330,2.73,0.16
330,2.77,0.16
330,2.78,0.16
330,2.8,0.16
331,5.43,0.17
331,5.39,0.17
331,5.23,0.17
331,5.33,0.17
331,5.38,0.17
332,4.47,0.18
332,4.51,0.18
332,4.43,0.18
332,4.65,0.18
333,3.24,0.17
333,3.25,0.17
333,3.05,0.17
333,3.23,0.17
333,3.21,0.17
333,3.16,0.17
333,3.41,0.17
334,2.7,0.17

334,2.81,0.17
334,2.86,0.17
334,2.81,0.17
334,2.65,0.17
335,3.81,0.17
335,3.73,0.17
335,3.73,0.17
335,3.91,0.17
335,3.84,0.17
335,3.55,0.17
336,1.52,0.17
336,1.72,0.17
336,1.65,0.17
337,3.17,0.17
337,3.11,0.17
337,3.08,0.17
337,3.65,0.17
338,4.65,0.17
338,4.36,0.17
338,4.51,0.17
338,4.35,0.17
339,2.02,0.17
339,2.05,0.17
339,2.08,0.17
339,2.07,0.17
339,2.1,0.17
340,5.02,0.17
340,4.47,0.17
340,4.66,0.17
340,4.75,0.17
341,3.15,0.17
341,3.13,0.17
341,3.06,0.17
341,3.36,0.17
341,3.06,0.17
342,1.6,0.17
342,1.6,0.17
342,1.6,0.17
342,1.6,0.17
343,4.18,0.18
343,4.21,0.18
343,4.16,0.18
343,4.18,0.18
343,4.2,0.18
344,4.83,0.17
344,4.83,0.17
344,4.83,0.17
344,4.82,0.17
344,4.83,0.17
345,3.73,0.16
345,3.74,0.16
345,3.73,0.16
345,3.75,0.16
345,3.72,0.16
345,3.73,0.16
346,2.29,0.17
346,2.29,0.17
346,2.29,0.17
346,2.41,0.17
347,2.39,0.17
347,2.42,0.17
347,2.38,0.17
347,2.3,0.17
347,2.45,0.17
348,2.45,0.17
348,2.15,0.17
348,2.39,0.17
348,2.16,0.17
349,2.94,8.12
349,2.93,8.12
349,2.94,8.12
349,2.92,8.12
350,3.58,0.17
350,3.58,0.17
350,3.45,0.17
351,3.35,0.17
351,3.45,0.17
351,3.5,0.17
351,3.2,0.17

351,3.35,0.17
352,2.82,0.17
352,2.75,0.17
352,2.85,0.17
352,2.87,0.17
352,2.77,0.17
353,3.23,0.17
353,3.08,0.17
353,3.0,0.17
354,2.05,0.17
354,2.03,0.17
354,2.09,0.17
354,2.03,0.17
355,3.02,0.17
355,3.0,0.17

355,2.98,0.17
355,2.9,0.17

356,2.04,0.17
356,2.22,0.17
356,2.12,0.17
356,1.92,0.17
356,2.13,0.17
356,2.08,0.17
357,0.6,0.17
357,0.55,0.17
357,0.47,0.17
358,3.1,0.17
358,3.1,0.17
358,3.1,0.17
358,3.1,0.17
358,3.1,0.17
359,2.52,0.17
359,2.52,0.17
359,2.53,0.17
359,2.57,0.17
359,2.56,0.17
359,2.56,0.17
359,2.51,0.17
359,2.58,0.17
360,3.72,0.17
360,3.72,0.17
360,3.72,0.17
360,3.72,0.17
361,1.77,0.17
361,1.64,0.17
361,2.42,0.17
361,1.86,0.17
362,3.19,0.17
362,3.2,0.17
362,3.26,0.17
362,3.22,0.17
362,3.16,0.17
363,1.9,0.17

363,2.29,0.17
363,1.92,0.17
363,2.0,0.17
364,1.63,0.17
64,1.52,0.17
364,1.55,0.17
364,1.65,0.17
365,2.77,0.16
365,2.76,0.16
365,2.75,0.16
366,2.47,0.18
366,2.66,0.18
366,2.43,0.18
366,2.38,0.18
367,2.64,0.17
367,2.65,0.17367,2.64,0.17
367,2.65,0.17
367,2.64,0.17
368,2.74,0.17
368,2.96,0.17
368,2.74,0.17
368,3.0,0.17
368,2.76,0.17
368,2.74,0.17
369,2.79,8.13
369,2.81,8.13
369,2.84,8.13
369,2.86,8.13
369,2.89,8.13
370,3.82,0.17
370,3.8,0.17

370,3.8,0.17
370,3.81,0.17
371,3.64,0.17
371,3.45,0.17
371,3.65,0.17
371,3.28,0.17
371,3.61,0.17
372,2.17,0.17
372,2.06,0.17
372,2.19,0.17
372,2.09,0.17
372,2.02,0.17
373,2.9,0.18

373,2.77,0.18
373,2.65,0.18
374,4.35,0.17374,4.36,0.17
374,4.6,0.17
374,4.23,0.17
374,4.48,0.17
375,1.63,0.17
375,1.61,0.17
375,1.56,0.17
376,1.17,0.18
376,1.12,0.18
377,3.62,0.19
377,3.63,0.19
377,3.62,0.19
377,3.62,0.19
378,4.37,0.18
378,4.19,0.18
378,4.44,0.18
378,4.57,0.18
378,4.35,0.18
379,3.22,0.16
379,3.12,0.16
379,3.11,0.16
379,3.25,0.16
379,3.09,0.16
380,3.83,0.17
380,3.7,0.17
380,3.85,0.17
380,3.75,0.17
380,3.76,0.17
381,3.1,0.17

381,3.43,0.17
381,2.97,0.17
381,3.03,0.17
382,4.32,0.17
382,4.05,0.17
382,4.48,0.17
382,4.15,0.17
382,4.16,0.17
382,4.09,0.17
383,3.72,0.17
383,3.42,0.17
384,2.61,0.17
384,2.56,0.17
384,2.56,0.17
384,2.54,0.17
384,2.58,0.17
384,2.46,0.17
385,3.85,0.17
385,3.8,0.17

385,3.83,0.17
385,3.76,0.17
386,3.1,0.17

386,3.05,0.17
386,3.13,0.17
386,3.03,0.17
386,3.13,0.17
386,3.1,0.17
386,3.12,0.17
387,2.71,0.173387,2.7,0.17

387,2.59,0.17
87,2.68,0.17
388,3.6,0.17
388,3.6,0.17
388,3.6,0.17
388,3.6,0.17
389,2.96,0.17
389,2.7,0.17
389,2.88,0.17
389,2.9,0.17

389,2.81,0.17
389,2.64,0.17
390,4.43,7.98
390,4.47,7.98
390,4.43,7.98
390,4.42,7.98
390,4.44,7.98
390,4.43,7.98
391,2.69,0.17
391,2.95,0.17
391,2.87,0.17
391,2.98,0.17
391,2.69,0.17
392,2.67,0.17
392,2.78,0.17
392,2.62,0.17
392,2.56,0.17
393,2.01,0.17
393,2.03,0.17
393,1.93,0.17
394,3.17,0.17
394,2.92,0.17
394,3.09,0.17
394,2.86,0.17
394,3.06,0.17
395,3.72,0.16
395,3.59,0.16
395,3.59,0.16
395,3.6,0.16

396,6.76,0.17
396,6.57,0.17
396,6.79,0.17
396,6.79,0.17
396,6.55,0.17
396,6.61,0.17
397,3.33,0.17
397,3.36,0.17
397,3.35,0.17
397,3.33,0.17
398,5.3,0.17

398,5.25,0.17
398,5.3,0.17
398,5.14,0.17
398,5.49,0.17
399,4.01,0.17
399,3.93,0.17
399,4.17,0.17
399,3.8,0.17

400,1.45,0.17
400,1.5,0.17

400,1.49,0.17
401,4.93,0.17
401,4.83,0.17
401,4.89,0.17
401,4.81,0.17
401,4.9,0.17
402,4.02,0.17
402,4.28,0.17
402,4.19,0.17
402,4.21,0.17
403,2.44,0.17
403,2.44,0.17
403,2.44,0.17
403,2.45,0.17
403,2.44,0.17
404,3.74,0.17
404,3.75,0.17
404,3.8,0.17
404,3.78,0.17
404,3.77,0.17
404,3.7,0.17
405,4.74,0.17
405,4.46,0.17
405,4.46,0.17
405,4.75,0.17
406,2.75,0.16
406,2.74,0.16
406,2.77,0.16
406,2.75,0.16
406,2.78,0.16
406,2.76,0.16
407,3.87,0.17
407,3.87,0.17
407,3.81,0.17
407,3.9,0.17
407,3.83,0.17
408,3.24,0.18
408,3.26,0.18
408,3.28,0.18
408,3.32,0.18
408,3.25,0.18
409,3.02,0.16
409,2.9,0.16

409,3.0,0.16
410,2.59,8.08
410,2.56,8.08
411,2.85,0.17
411,2.86,0.17
411,2.86,0.17
411,2.85,0.17
412,3.1,0.17

412,2.99,0.17
412,2.95,0.17
412,3.06,0.17
413,2.23,0.17
413,2.07,0.17
413,2.13,0.17
413,2.14,0.17
413,2.22,0.17
413,2.4,0.17
414,1.84,0.17
414,2.06,0.17
414,2.06,0.17
414,2.08,0.17
414,1.89,0.17
414,1.97,0.17
414,2.27,0.17
415,1.07,0.17415,1.8,0.17

415,1.24,0.17
415,1.09,0.17
415,1.31,0.17
415,1.21,0.17
416,3.99,0.17
416,4.16,0.17
416,4.01,0.17
416,4.3,0.17
416,4.28,0.17
417,3.52,0.17
417,3.61,0.17
417,3.7,0.17
417,3.5,0.17
417,3.76,0.17
417,3.7,0.17
417,3.47,0.17
418,1.54,0.17
418,1.55,0.17
418,1.45,0.17
418,1.51,0.17
418,1.57,0.17
418,1.52,0.17
419,5.77,0.17
419,5.74,0.17
419,5.72,0.17
420,3.4,0.17

420,3.25,0.17
420,3.16,0.17
421,1.3,0.18

421,1.29,0.18
421,1.28,0.18
421,1.28,0.18
422,3.57,0.17
422,3.56,0.17
422,3.56,0.17
422,3.57,0.17
422,3.56,0.17
423,2.73,0.17
423,2.73,0.16
423,2.72,0.16
423,2.73,0.16
424,3.52,0.17
424,3.59,0.17
424,3.22,0.17
425,3.44,0.17
425,3.39,0.17
425,3.11,0.17
425,3.25,0.17
425,3.29,0.17
426,4.53,0.17
426,4.52,0.17
426,4.5,0.17

426,4.52,0.17
426,4.5,0.17
427,2.33,0.17
427,2.34,0.17
427,2.28,0.17
427,2.34,0.17
427,2.29,0.17
427,2.32,0.17
428,3.0,0.17

428,2.99,0.17
428,2.99,0.17
428,3.03,0.17
428,2.92,0.17
429,3.12,0.17
429,3.39,0.17
430,2.75,0.16
430,2.76,0.16
430,2.83,0.16
430,2.53,0.16
431,4.49,8.26
431,4.52,8.26
431,4.06,8.26
431,3.99,8.26
431,4.14,8.26
431,4.4,8.26
432,1.31,0.17
432,1.21,0.17
432,1.23,0.16
432,1.26,0.17
432,1.24,0.17
433,4.51,0.16
433,4.72,0.16433,4.46,0.16
433,4.73,0.16
433,4.76,0.16
434,3.76,0.16
434,3.83,0.16
434,3.62,0.16
434,3.73,0.16
434,3.7,0.16
435,0.54,0.17
435,0.56,0.17
435,0.62,0.17
436,3.5,0.17
436,3.56,0.17
436,3.32,0.17
436,3.56,0.17
436,3.28,0.17
436,3.3,0.17
437,3.43,0.17
437,3.43,0.17
437,3.47,0.17
437,3.44,0.17
438,3.55,0.17
438,3.53,0.17
438,3.53,0.17
438,3.66,0.17
438,3.55,0.17
439,3.37,0.17
439,3.39,0.17
439,3.51,0.17
439,3.54,0.17
439,3.28,0.17
439,3.51,0.17
439,3.4,0.17
440,2.43,0.17
440,2.38,0.17
440,2.29,0.17
440,2.49,0.17
440,2.39,0.17
441,1.55,0.17
441,1.56,0.17
441,1.57,0.17
441,1.55,0.17
441,1.53,0.17
441,1.57,0.17
442,2.28,0.16
442,2.15,0.16
442,2.34,0.16
442,2.4,0.16
442,2.21,0.16
442,2.27,0.16
443,3.94,0.17
443,3.92,0.17
443,3.94,0.17
443,3.93,0.17
444,1.29,0.17
444,1.49,0.17
444,1.24,0.17
444,1.35,0.17
445,4.0,0.16

445,4.02,0.16
445,4.12,0.16
445,4.06,0.16
445,4.12,0.16
446,2.37,0.17
446,2.46,0.17
446,2.44,0.17
446,2.46,0.17
446,2.45,0.17
447,2.99,0.16
447,3.02,0.16
447,3.0,0.16
447,2.99,0.16
447,3.0,0.16
447,3.0,0.16
447,3.02,0.17
448,2.49,0.17
448,2.55,0.17
448,2.44,0.17
448,2.5,0.17
449,1.78,0.17
449,1.8,0.17
449,1.78,0.17
449,1.83,0.17
449,1.8,0.17
449,1.78,0.17
449,1.79,0.17
450,4.48,0.17
450,4.46,0.17
450,3.63,0.17
450,3.7,0.17
450,4.3,0.17
450,4.3,0.17
451,0.84,8.5
451,0.81,8.5
451,0.86,8.5
451,0.95,8.5
452,2.94,0.17
452,3.03,0.17
452,3.03,0.17
452,3.08,0.17
452,3.02,0.17
453,2.54,0.17
453,2.19,0.17
453,2.52,0.17
453,2.66,0.17
453,2.53,0.17
454,1.82,0.17
454,1.88,0.17
454,1.58,0.17
454,1.92,0.17
454,1.73,0.17
454,1.94,0.17
455,2.5,0.17
455,2.23,0.17
455,2.35,0.17
455,2.41,0.17
455,2.24,0.17
455,2.35,0.17
455,2.39,0.17
455,2.22,0.17
456,2.4,0.17

456,2.38,0.17
456,2.4,0.17
456,2.4,0.17
457,4.3,0.17

457,4.49,0.17
457,4.42,0.17
457,4.34,0.17
457,4.31,0.17
458,4.1,0.17
458,4.04,0.17
458,4.27,0.17
458,4.0,0.17
458,4.27,0.17
458,4.26,0.17
458,4.16,0.17
459,1.22,0.17
459,1.2,0.17

460,3.99,0.17
460,3.77,0.17
460,4.29,0.17
460,3.7,0.17
461,5.12,0.17
461,5.34,0.17
461,5.11,0.17
461,5.12,0.17
461,5.02,0.17
461,5.34,0.17
461,5.11,0.17
462,4.0,0.17
462,4.0,0.18
462,4.0,0.18
462,4.0,0.18
462,4.0,0.18
462,4.0,0.18
463,3.33,0.17
463,3.37,0.17
463,3.29,0.17
463,3.34,0.17
463,3.38,0.17
463,3.28,0.17
463,3.35,0.17
464,3.78,0.17464,3.93,0.17
464,4.08,0.17
464,3.79,0.17
464,3.97,0.17
464,3.99,0.17
464,3.92,0.17
465,4.24,0.18
465,4.37,0.18
465,4.28,0.18
465,4.24,0.18
465,4.29,0.18
465,4.29,0.18
465,4.23,0.18
465,4.35,0.18
466,3.6,0.17
466,3.6,0.17
466,3.6,0.17
466,3.6,0.17
466,3.6,0.17
466,3.6,0.17
466,3.6,0.17
467,2.6,0.18

467,2.61,0.18
467,2.61,0.18
467,2.63,0.18
467,2.63,0.18
467,2.64,0.18
468,2.14,0.17
468,2.12,0.17
468,2.14,0.17
468,2.16,0.17
468,2.13,0.17
468,2.12,0.17
469,3.87,0.17
469,4.35,0.17
469,4.15,0.17
469,4.33,0.17
469,4.0,0.17
469,4.06,0.17
469,4.41,0.17
470,5.52,0.17
470,5.56,0.17
470,5.53,0.17
470,5.47,0.17
470,5.54,0.17
470,5.56,0.17
471,3.2,0.17
471,3.11,0.17
471,3.24,0.17
471,3.16,0.17
471,3.12,0.17
471,3.16,0.17
472,1.78,8.46
472,1.78,8.46
472,1.78,8.46
472,1.77,8.46
473,5.38,0.16
473,5.39,0.16
473,5.24,0.16
473,5.25,0.16
473,5.21,0.16
474,4.6,0.17
474,4.67,0.17
474,4.58,0.17
474,4.5,0.17

474,4.53,0.17
474,4.55,0.17
475,3.91,0.17
475,3.69,0.18
475,3.36,0.18
475,3.68,0.18
475,3.57,0.18
475,3.83,0.18
475,3.54,0.17
476,3.68,0.17
476,3.0,0.17

476,3.25,0.17
476,3.26,0.17
476,2.79,0.17
477,4.96,0.17
477,4.74,0.17
477,5.11,0.17
477,4.58,0.17
477,4.89,0.17
477,4.65,0.17
477,4.77,0.17
478,6.06,0.18
478,5.75,0.18
478,5.8,0.18
478,6.26,0.18
478,5.78,0.18
479,4.68,0.17
479,4.63,0.17
479,4.62,0.17
479,4.58,0.17
479,4.51,0.17
479,4.52,0.17
480,4.89,0.17
480,4.54,0.17
480,4.87,0.17
480,4.9,0.17
481,4.05,0.18
481,3.96,0.18
481,4.07,0.18
481,4.14,0.18
481,4.21,0.18
482,1.41,0.18
482,1.37,0.18
482,1.42,0.18
482,1.34,0.18
482,1.3,0.18
482,1.35,0.18
483,2.24,0.17
483,2.33,0.17
483,2.48,0.17
483,2.46,0.17
483,2.25,0.17
483,2.38,0.17
484,1.52,0.17
484,1.62,0.17
484,1.38,0.17
484,1.54,0.17
484,1.52,0.17
485,3.67,0.17
485,3.85,0.17
485,3.7,0.17

486,3.81,0.18
486,3.98,0.18
486,3.91,0.18
486,3.65,0.18
486,4.1,0.18
486,3.88,0.18
487,3.9,0.17
487,3.93,0.17
487,3.9,0.17

487,4.03,0.17
487,4.03,0.17
487,4.06,0.17
487,4.01,0.17
488,1.73,0.17
488,1.74,0.17
488,1.66,0.17
488,1.71,0.17
488,1.65,0.17
488,1.65,0.17
489,1.65,0.17
489,1.85,0.17
489,1.68,0.17
489,1.66,0.17
490,2.39,0.17
490,2.31,0.17
490,2.28,0.17
490,2.29,0.17
490,2.33,0.17
491,1.74,0.17
491,1.77,0.17
491,1.77,0.17
491,1.89,0.17
491,1.87,0.17
492,3.15,8.31
492,3.19,8.31
492,3.28,8.31
492,3.25,8.31
492,3.28,8.31
492,3.25,8.31
493,2.66,0.17493,2.94,0.17
493,2.82,0.17
493,2.82,0.17
493,2.8,0.17
493,2.9,0.17
493,2.75,0.17
494,1.75,0.17
494,1.8,0.17
494,1.76,0.17
494,1.76,0.17
494,1.78,0.17
494,1.77,0.17
495,1.85,0.17
495,1.87,0.17
495,1.82,0.17
495,1.8,0.17
495,1.92,0.17
495,1.74,0.17
495,1.74,0.17
496,0.77,0.17
496,0.77,0.17
496,0.79,0.17
496,0.79,0.17
496,0.78,0.17
496,0.76,0.17
496,0.75,0.17
497,2.78,0.18
497,2.92,0.18
497,2.93,0.18
497,2.84,0.18
497,2.84,0.18
497,2.59,0.18
498,2.09,0.17
498,2.04,0.17
498,2.09,0.17
498,2.11,0.17
499,5.36,0.17
499,4.82,0.17
499,5.38,0.17
499,5.13,0.17
499,5.2,0.17
499,5.23,0.17
500,2.09,0.17
500,2.0,0.17
500,2.09,0.17
500,2.12,0.17
500,2.03,0.17
500,2.09,0.17
501,4.96,0.17501,4.94,0.17
501,5.05,0.17
501,5.03,0.17
501,4.61,0.17
502,4.24,0.17
502,4.39,0.17
502,4.08,0.17
502,4.13,0.17
502,4.3,0.17
503,7.71,0.19
503,7.78,0.19
503,7.9,0.19

504,3.33,0.17
504,3.36,0.17
504,3.32,0.17
504,3.37,0.17
504,3.28,0.17
504,3.38,0.17
505,5.96,0.17
505,6.02,0.17
505,6.35,0.17
505,5.96,0.17
505,6.03,0.17
505,5.97,0.17
506,2.38,0.17
506,2.26,0.17
506,2.28,0.17
506,2.26,0.17
507,1.48,0.17
507,1.51,0.17
507,1.46,0.17
507,1.49,0.17
508,2.9,0.17

509,7.54,0.17
509,7.13,0.17
509,7.58,0.17
509,7.69,0.17
510,3.36,0.17
510,3.54,0.17
510,3.36,0.17
510,3.22,0.17
511,2.82,0.17
511,2.89,0.17
511,2.65,0.17
511,2.56,0.17
511,2.33,0.17
511,2.52,0.17
511,2.53,0.17
512,4.73,0.17
512,4.69,0.17
512,4.67,0.17
512,4.27,0.17
512,4.29,0.17
512,4.69,0.17
512,4.4,0.17
513,2.83,0.17
513,2.77,0.17
513,2.86,0.17
513,2.81,0.17
513,2.82,0.17
513,2.76,0.17
514,4.89,0.17
514,4.92,0.17
514,4.65,0.17
514,4.68,0.17
514,5.11,0.17
514,4.72,0.17
515,2.22,0.18
515,2.25,0.18
515,2.3,0.18

515,1.96,0.18
515,2.06,0.18
516,3.34,0.17
516,2.97,0.17
516,2.8,0.17
516,3.15,0.17
516,3.12,0.17
516,3.49,0.17
516,2.62,0.17
517,3.21,0.17
517,3.25,0.17
517,3.23,0.17
517,3.27,0.17
517,3.19,0.17
517,3.11,0.17
517,3.23,0.17
518,2.33,0.17
518,2.31,0.17
518,2.26,0.17
518,2.37,0.17
518,2.37,0.17
519,1.92,0.17
519,1.78,0.17
519,1.8,0.17
519,2.27,0.17
519,1.93,0.17
519,1.9,0.17
520,2.01,0.175520,2.27,0.17
520,2.1,0.17
520,2.1,0.17
520,2.19,0.17
520,2.45,0.17
521,3.08,0.17
521,3.01,0.17
521,3.18,0.17
521,2.84,0.17
521,3.12,0.17
521,3.1,0.17
521,3.14,0.17
521,3.08,0.17
522,3.06,0.17
522,2.86,0.17
522,2.98,0.17
522,2.84,0.17
522,2.94,0.17
522,2.98,0.17
522,2.78,0.17
523,1.54,0.17
523,1.52,0.17
523,1.54,0.17
523,1.55,0.17
523,1.54,0.17
523,1.56,0.17
523,1.54,0.17
523,1.53,0.17
524,3.51,0.17
524,3.48,0.17
524,3.39,0.17
524,3.51,0.17
524,3.51,0.17
524,3.53,0.17
525,5.15,0.17
525,5.46,0.17
525,5.35,0.17
525,5.2,0.17
525,5.33,0.17
525,5.24,0.17
525,5.48,0.17
526,2.69,0.17
526,2.7,0.17
526,2.73,0.17
526,2.7,0.17
526,2.69,0.17
526,2.69,0.17
526,2.69,0.17
527,3.72,0.16
527,3.75,0.16
527,3.74,0.16
527,3.79,0.16
527,3.75,0.16
528,1.96,0.17
528,2.05,0.17
528,2.3,0.17
528,2.21,0.17
529,2.77,0.17529,2.87,0.17
529,2.78,0.17
529,2.8,0.17
529,2.8,0.17
529,2.78,0.17
529,2.81,0.17
530,3.16,0.17
530,3.46,0.17
530,3.07,0.17
530,3.51,0.17
530,3.91,0.17
530,3.57,0.17
530,3.49,0.17
531,2.77,0.17
531,2.81,0.17
531,2.76,0.17
531,2.77,0.17
531,2.77,0.17
531,2.8,0.17
531,2.83,0.17
532,3.27,0.17
532,3.39,0.17
532,3.6,0.17
532,3.71,0.17
532,3.15,0.17
532,3.67,0.17
532,3.77,0.17
533,3.61,8.06
533,3.61,8.06
533,3.61,8.06
533,3.61,8.06
533,3.61,8.06
533,3.61,8.06
534,4.8,0.16
534,4.75,0.16
534,4.75,0.16
534,4.77,0.16
534,4.82,0.16
535,1.79,0.16
535,1.77,0.16
535,1.92,0.16
535,1.9,0.16
535,1.88,0.16
535,1.84,0.16
536,1.93,0.17
536,1.98,0.17
536,1.69,0.17
536,1.99,0.17
536,1.84,0.17
537,3.05,0.16
537,3.0,0.16
537,2.99,0.16
537,2.91,0.16
537,2.94,0.16
538,2.9,0.18
538,2.89,0.18
538,2.9,0.18
538,2.9,0.18
538,2.91,0.18
538,2.91,0.18
539,2.77,0.17
539,2.76,0.17
539,2.79,0.17
539,2.75,0.17
539,2.7,0.17
539,2.72,0.17
540,3.65,0.16
540,3.64,0.16
540,3.66,0.17
540,3.64,0.16
540,3.64,0.16
541,4.86,0.17
541,4.88,0.17
541,4.97,0.17
541,5.0,0.17
541,4.99,0.17
541,5.01,0.17
541,4.99,0.17
542,2.78,0.17
542,2.79,0.17
542,2.76,0.17
542,2.75,0.17
542,2.77,0.17
542,2.77,0.17
542,2.77,0.17
543,2.84,0.17
543,2.83,0.17
543,2.86,0.17
543,2.83,0.17
543,2.81,0.17
543,2.84,0.17
544,3.49,0.17
544,3.49,0.17
544,3.49,0.17
544,3.47,0.17
544,3.43,0.17
545,3.76,0.17545,3.5,0.17

545,3.68,0.17
545,3.5,0.17
545,3.34,0.17
546,2.7,0.17
546,2.75,0.17
546,2.76,0.17
546,2.71,0.17
546,2.74,0.17
546,2.74,0.17
547,1.68,0.17
547,1.78,0.17
547,1.7,0.17
547,1.71,0.17
548,4.18,0.17
548,4.39,0.17
548,4.21,0.17
548,3.98,0.17
548,4.19,0.17
549,1.08,0.18
549,1.19,0.18
549,1.2,0.18

549,1.17,0.18
549,1.1,0.18

550,4.62,0.17
550,4.82,0.17
550,4.69,0.17
550,4.6,0.17
550,4.64,0.17
551,1.84,0.16
551,1.81,0.16
551,1.9,0.16
551,1.77,0.16
551,1.91,0.16
551,1.81,0.16
552,1.49,0.17
552,1.33,0.17
553,1.01,8.19
553,0.76,8.19
553,0.69,8.19
553,0.81,8.19
554,4.53,0.16
554,4.4,0.16

554,4.4,0.16
554,4.72,0.16
555,3.77,0.17
555,3.87,0.17
556,2.92,0.17
556,2.91,0.17
556,2.92,0.17
556,2.91,0.18
556,2.92,0.17
556,2.91,0.17
557,2.49,0.17
557,2.58,0.17
557,2.62,0.17557,2.62,0.17
558,4.24,0.17
558,3.9,0.17

558,3.97,0.17
558,4.2,0.17
558,4.06,0.17
559,1.3,0.17

559,1.27,0.17
559,1.2,0.17
559,1.22,0.17
559,1.22,0.17
559,1.15,0.17
560,4.05,0.17
561,4.09,0.17
561,3.99,0.17
561,4.08,0.17
561,4.05,0.17
561,4.08,0.17
562,1.94,0.17
562,1.91,0.17
563,2.06,0.17
563,2.05,0.17
563,2.08,0.16
563,2.08,0.17
563,2.05,0.17
563,2.27,0.16
564,4.13,0.17
564,4.12,0.17
564,4.03,0.17
564,4.03,0.17
564,3.85,0.17
564,4.1,0.17

565,3.59,0.16
565,3.56,0.16
565,3.62,0.16
565,3.51,0.16
566,1.85,0.17
566,1.89,0.17
566,1.86,0.17
566,1.84,0.17
567,1.31,0.17
567,1.28,0.17
567,1.22,0.17
567,1.28,0.17
567,1.49,0.17
567,1.29,0.17
568,2.41,0.17
568,2.4,0.17
568,2.42,0.17
568,2.36,0.17
569,1.74,0.17
569,1.76,0.17
569,1.82,0.17
569,1.72,0.17
569,1.84,0.17
569,1.82,0.17
570,2.7,0.17
570,2.62,0.17
570,2.63,0.17
570,2.64,0.17
570,2.63,0.17
570,2.56,0.17
570,2.59,0.17
570,2.65,0.17
571,2.67,0.17
571,2.87,0.17
571,2.28,0.17
571,2.7,0.17
571,2.73,0.17
572,2.82,0.17
72,2.73,0.17
572,2.72,0.17
572,2.82,0.17
573,4.11,0.17
573,3.91,0.17
573,3.85,0.17
573,4.3,0.17

573,4.07,0.17
574,4.57,8.28
574,4.65,8.28
574,4.3,8.29
574,4.4,8.29
575,2.13,0.16
575,2.06,0.16
575,2.1,0.16
575,2.08,0.17
575,2.08,0.16
575,2.13,0.16
575,2.07,0.16
576,3.41,0.17
576,3.42,0.17
576,3.36,0.17
576,3.53,0.17
576,3.53,0.17
576,3.41,0.17
577,3.68,0.17
577,3.39,0.16
577,3.7,0.16
578,1.75,0.16
578,1.9,0.17

578,1.78,0.17
578,1.61,0.17
579,4.16,0.17
579,4.14,0.17
579,4.09,0.17
79,4.08,0.17
580,0.68,0.17
580,0.67,0.17
580,0.88,0.17
580,0.81,0.17
580,0.71,0.17
580,0.84,0.17
581,3.74,0.17
581,3.69,0.17
581,3.62,0.17
581,3.8,0.17
581,3.71,0.17
582,1.43,0.17
582,1.44,0.17
582,1.42,0.17
583,4.08,0.16
583,4.22,0.17
583,4.64,0.17
583,5.06,0.16
583,4.35,0.16
583,5.04,0.16
584,2.66,0.17
584,2.62,0.17
584,2.66,0.17
584,2.65,0.17
584,2.62,0.17
584,2.67,0.17
585,2.08,0.17
585,2.14,0.17
585,2.02,0.17
585,2.02,0.17
585,2.02,0.17
585,2.14,0.17
585,1.93,0.17
586,1.52,0.17
586,1.44,0.17
586,1.39,0.17
586,1.71,0.17
586,1.55,0.17
586,1.51,0.17
587,2.14,0.17
587,2.11,0.17
587,2.35,0.17
587,2.42,0.17
587,2.13,0.17
587,1.98,0.17
587,2.36,0.17
588,4.47,0.17
588,4.37,0.17
588,4.49,0.17
588,4.54,0.17
588,4.68,0.17
589,4.61,0.19
589,4.61,0.19
589,4.61,0.19
590,2.68,0.18
590,2.69,0.18
590,2.63,0.18
590,2.49,0.18
590,2.93,0.18
590,2.62,0.18
590,2.62,0.18
591,1.76,0.17
591,1.38,0.17
591,1.76,0.17
591,1.89,0.17
591,1.59,0.17
591,1.41,0.17
591,1.24,0.17
592,2.9,0.17

592,2.96,0.17
592,2.89,0.17
592,2.9,0.17
592,2.89,0.17
592,2.94,0.17
593,3.61,0.17
593,3.62,0.17
593,3.44,0.17
593,3.68,0.17
593,3.61,0.17
593,3.58,0.17
594,5.78,8.18
594,5.76,8.18
594,5.78,8.18
594,5.63,8.18
595,2.23,0.17
595,2.24,0.17
595,2.27,0.17
595,2.31,0.17
595,2.15,0.17
595,2.25,0.17
596,2.37,0.17
596,2.34,0.17
596,2.27,0.17
596,2.38,0.17
597,5.31,0.17597,5.08,0.17

597,5.24,0.17
597,5.2,0.17
597,5.06,0.17
598,1.26,0.17
598,1.43,0.17
598,1.46,0.16
598,1.33,0.17
599,3.97,0.17
599,3.96,0.17
599,4.0,0.17
599,3.96,0.17
599,4.03,0.17
600,1.85,0.17
600,1.81,0.17
600,1.8,0.17
600,1.76,0.17
600,1.82,0.17
601,2.25,0.17
601,2.2,0.17

601,2.05,0.17
601,2.21,0.17
602,4.77,0.17
602,4.97,0.17
602,5.06,0.17
602,5.03,0.17
602,4.69,0.17
602,4.85,0.17
603,4.12,0.17
603,4.12,0.17
603,4.11,0.17
603,4.11,0.17
603,4.1,0.17
603,4.12,0.17
604,3.85,0.17
604,3.76,0.17
604,3.79,0.17
604,3.92,0.17
604,3.84,0.17
604,3.81,0.17
605,2.56,0.17
605,2.7,0.17

605,2.79,0.17
605,2.5,0.17
605,2.54,0.17
605,2.64,0.17
606,2.22,0.17
606,2.43,0.17
606,2.24,0.17
606,2.35,0.17
606,2.26,0.17
607,3.62,0.17
607,3.63,0.17
607,3.63,0.17
608,3.84,0.17
608,4.03,0.18
608,4.11,0.18
608,4.04,0.17
608,3.94,0.18
608,4.12,0.17
609,3.74,0.17
609,3.69,0.17
609,3.71,0.17
609,3.69,0.17
610,2.11,0.17
610,2.24,0.17
610,2.12,0.17
610,2.17,0.17
611,2.92,0.17
611,2.91,0.17
611,2.89,0.17
611,2.91,0.17
611,2.88,0.17
612,3.24,0.17
612,3.33,0.17
612,3.57,0.17
612,3.23,0.17
612,3.37,0.17
612,3.45,0.17
613,1.4,0.17

613,1.38,0.17
613,1.55,0.17
613,1.29,0.17
613,1.44,0.17
613,1.36,0.17
614,4.4,0.17
614,4.22,0.16
614,4.46,0.16
614,4.42,0.17
614,4.34,0.16
615,2.3,8.17
615,2.3,8.17
615,2.3,8.17
615,2.3,8.17
615,2.3,8.17
616,3.27,0.16
616,3.29,0.16
616,3.29,0.16
616,3.4,0.16

616,3.29,0.16
617,2.43,0.17
617,2.51,0.16
617,2.38,0.16
617,2.46,0.16
617,2.54,0.17
617,2.58,0.16
617,2.45,0.16
618,5.23,0.17
618,5.49,0.17
618,5.39,0.17
618,5.4,0.17
618,5.37,0.17
619,3.74,0.17
619,3.72,0.17
619,3.52,0.17
619,3.65,0.17
619,3.52,0.17
620,1.61,0.17
620,1.67,0.17
620,1.57,0.17
620,1.62,0.17
620,1.55,0.17
620,1.49,0.17
621,2.07,0.16
621,2.06,0.16
621,2.07,0.16
621,2.07,0.16
621,2.07,0.16
621,2.07,0.16
621,2.07,0.16
622,3.76,0.17
622,3.76,0.17
622,3.71,0.17
622,3.68,0.17
622,3.8,0.17
622,3.72,0.17
622,3.87,0.17
622,3.8,0.17
623,3.02,0.17
623,3.06,0.17
623,2.88,0.17
623,3.2,0.17
623,3.05,0.17
623,2.83,0.17
623,3.18,0.17
624,2.62,0.18
624,2.63,0.18
624,2.37,0.18
625,4.26,0.17
625,4.42,0.17
625,4.26,0.17
625,4.32,0.17
625,4.4,0.17
625,4.42,0.17
625,4.2,0.17
626,2.62,0.17
626,2.62,0.17
626,2.66,0.17
626,2.59,0.17
626,2.45,0.17
626,2.6,0.17
626,2.52,0.17
627,2.52,0.17
627,2.63,0.17
627,2.45,0.17
627,2.55,0.17
627,2.38,0.17
627,2.49,0.17
627,2.61,0.17
628,4.11,0.16
628,4.07,0.16
628,4.15,0.16
628,4.09,0.16
628,4.17,0.16
629,1.26,0.17
629,1.23,0.17
629,1.36,0.17
630,1.57,0.17
630,1.5,0.17
630,1.47,0.17
630,1.44,0.17
630,1.41,0.17
630,1.65,0.17
630,1.6,0.17
631,2.93,0.17
631,2.93,0.17
631,2.92,0.17
631,2.93,0.17
631,2.93,0.17
631,2.92,0.17
631,2.93,0.17
632,4.01,0.17
632,3.99,0.17
632,4.01,0.17
632,3.99,0.17
632,4.02,0.17
632,3.98,0.17
633,1.45,0.18
633,1.46,0.18
633,1.46,0.18
633,1.45,0.18
633,1.44,0.18
634,2.18,0.17
634,2.14,0.17
634,2.19,0.17
634,2.15,0.17
634,2.17,0.17
634,2.19,0.17
