1,56.0,0.27
1,46.0,0.27
1,48.0,0.27
2,22.0,0.21
2,34.0,0.21
3,58.0,0.2
3,62.0,0.2
4,62.0,0.24
4,74.0,0.24
5,64.0,0.2
5,78.0,0.2
5,82.0,0.2
6,90.0,0.21
6,72.0,0.21
6,82.0,0.21
7,84.0,0.21
7,78.0,0.21
7,82.0,0.21
8,74.0,0.2
9,58.0,0.22
9,60.0,0.22
10,76.0,0.2
10,72.0,0.2
10,78.0,0.2
11,96.0,0.21
11,92.0,0.21
12,62.0,0.21
12,58.0,0.21
12,60.0,0.21
13,88.0,0.23
13,88.0,0.23
14,90.0,0.2
14,90.0,0.2
15,86.0,0.21
15,82.0,0.21
16,84.0,0.21
16,86.0,0.21
17,92.0,0.2
17,92.0,0.2
17,90.0,0.2
18,88.0,0.21
18,88.0,0.21
19,92.0,0.21
19,90.0,0.21
20,84.0,0.21
21,96.0,0.21
21,90.0,0.21
21,92.0,0.21
22,92.0,0.21
2,88.0,0.21
22,86.0,0.2

23,42.0,0.2
23,48.0,0.2
24,94.0,0.2
24,90.0,0.2
25,54.0,0.21
25,60.0,0.21
25,46.0,0.21
26,92.0,0.2
26,92.0,0.2
26,90.0,0.2
27,86.0,0.21
27,90.0,0.21
28,72.0,0.2
28,80.0,0.2
28,66.0,0.2
29,94.0,0.2
29,94.0,0.2
29,88.0,0.2
30,86.0,0.2
30,80.0,0.2
31,78.0,0.21
31,72.0,0.21
32,84.0,0.21
32,84.0,0.21
32,86.0,0.21
33,96.0,0.21
33,94.0,0.21
33,96.0,0.21
34,96.0,0.21
34,96.0,0.21
34,96.0,0.21
35,82.0,0.2
35,90.0,0.2
35,88.0,0.2
35,86.0,0.2
35,86.0,0.2
36,92.0,0.21
36,90.0,0.21
37,92.0,0.2
37,90.0,0.2
37,92.0,0.2
38,60.0,0.2
38,58.0,0.2
38,58.0,0.2
38,58.0,0.2
39,42.0,0.21
39,48.0,0.21
40,90.0,0.21
40,82.0,0.21
40,88.0,0.21
40,92.0,0.21
41,72.0,0.21
41,66.0,0.21
41,70.0,0.21
42,92.0,0.24
42,92.0,0.24
43,94.0,0.21
43,96.0,0.21
43,94.0,0.21
44,66.0,0.21
44,64.0,0.21
44,64.0,0.21
45,90.0,0.21
45,90.0,0.21
45,90.0,0.21
46,92.0,0.21
46,94.0,0.21
46,88.0,0.21
47,82.0,0.23
48,88.0,0.21
48,92.0,0.21
49,72.0,0.2
49,68.0,0.2
49,76.0,0.2
50,88.0,0.21
50,90.0,0.21
50,90.0,0.21
51,66.0,0.21
51,64.0,0.21
51,72.0,0.21
52,66.0,0.21
52,64.0,0.21
52,62.0,0.21
52,66.0,0.21
53,96.0,0.21
53,94.0,0.21
54,94.0,0.21
54,94.0,0.21
54,94.0,0.21
55,74.0,0.21
55,72.0,0.21
55,70.0,0.21
56,90.0,0.2
56,96.0,0.2
56,94.0,0.2
56,96.0,0.2
56,94.0,0.2
57,94.0,0.21
57,86.0,0.21
57,92.0,0.21
58,46.0,0.21
58,42.0,0.21
58,48.0,0.21
59,92.0,0.21
59,80.0,0.21
60,70.0,0.21
60,70.0,0.21
60,68.0,0.21
61,86.0,0.21
61,94.0,0.21
61,94.0,0.21
62,98.0,0.2
62,96.0,0.2
62,96.0,0.2
63,94.0,0.21
63,94.0,0.21
63,94.0,0.21
64,92.0,0.2
64,94.0,0.2
65,100.0,0.2
65,100.0,0.2
5,100.0,0.2
66,70.0,0.21
66,68.0,0.21
67,96.0,0.2
67,90.0,0.2
68,92.0,0.21
68,86.0,0.21
69,96.0,0.21
69,98.0,0.21
70,86.0,0.22
70,92.0,0.22
71,62.0,0.21
71,60.0,0.21
72,70.0,0.21
72,68.0,0.21
72,70.0,0.21
72,68.0,0.21
73,92.0,0.21
73,86.0,0.21
73,92.0,0.21
74,94.0,0.22
74,92.0,0.22
74,92.0,0.22
75,94.0,0.21
75,94.0,0.21
76,80.0,0.22
76,82.0,0.22
76,78.0,0.22
77,92.0,0.21
77,92.0,0.21
77,92.0,0.21
77,90.0,0.21
78,96.0,0.2
78,96.0,0.2
78,94.0,0.2
79,94.0,0.21
79,94.0,0.21
80,94.0,0.2
80,96.0,0.2
80,96.0,0.2
80,96.0,0.2
81,68.0,0.21
81,68.0,0.21
81,66.0,0.21
81,66.0,0.21
82,62.0,0.23
82,60.0,0.23
83,92.0,0.2
83,94.0,0.2
83,90.0,0.2
84,94.0,0.2
84,94.0,0.2
84,94.0,0.2
85,96.0,0.22
85,96.0,0.22
85,96.0,0.22
86,92.0,0.2
86,92.0,0.2
86,92.0,0.2
87,100.0,0.21
87,98.0,0.21

87,100.0,0.21
88,74.0,0.21
88,74.0,0.21
88,74.0,0.21
89,92.0,0.22
89,92.0,0.22
90,84.0,0.21
90,84.0,0.21
90,84.0,0.21
91,82.0,0.21
91,82.0,0.21
92,96.0,0.22
92,94.0,0.22
92,96.0,0.22
93,62.0,0.21
93,62.0,0.21
94,98.0,0.22
94,98.0,0.22
94,98.0,0.21
95,64.0,0.21
95,64.0,0.21
95,64.0,0.21
95,64.0,0.21
96,88.0,0.2
96,88.0,0.2
96,88.0,0.2
97,86.0,0.21
97,84.0,0.21
97,90.0,0.21
97,88.0,0.21
98,90.0,0.21
98,90.0,0.21
98,84.0,0.21
98,90.0,0.21
99,96.0,0.21
100,90.0,0.21
100,90.0,0.21
101,72.0,0.2
101,72.0,0.2
101,72.0,0.2
102,72.0,0.21
102,72.0,0.21
103,74.0,0.21
103,76.0,0.21
103,76.0,0.21
103,78.0,0.21
104,92.0,0.21
104,90.0,0.21
104,92.0,0.21
105,62.0,0.21
105,66.0,0.21
105,62.0,0.21
105,62.0,0.21
105,62.0,0.21
106,94.0,0.21
106,96.0,0.21
106,96.0,0.21
106,96.0,0.21
107,96.0,0.21
107,96.0,0.21
107,96.0,0.21
108,86.0,0.21
108,86.0,0.21
108,86.0,0.21
109,96.0,0.21
110,76.0,0.21
110,76.0,0.21
110,78.0,0.21
111,50.0,0.22
111,50.0,0.22
112,90.0,0.22
112,90.0,0.22
112,94.0,0.22
113,88.0,0.21
113,88.0,0.21
113,88.0,0.21
114,86.0,0.21
114,84.0,0.21
114,86.0,0.21
115,92.0,0.2
115,92.0,0.2
115,92.0,0.2
116,96.0,0.21
116,96.0,0.21
116,96.0,0.21
116,96.0,0.21
117,68.0,0.2
117,68.0,0.2
117,68.0,0.2
118,66.0,0.21
118,66.0,0.21
119,56.0,0.2
119,54.0,0.2
119,56.0,0.2
120,94.0,0.21
120,94.0,0.21
120,94.0,0.21
121,92.0,0.22
121,92.0,0.22
121,92.0,0.22
122,92.0,0.2
122,92.0,0.2
123,74.0,0.21
123,74.0,0.21
123,72.0,0.21
124,70.0,0.21
124,70.0,0.21
124,70.0,0.21
125,96.0,0.21
125,96.0,0.21
126,62.0,0.21
126,62.0,0.21
126,62.0,0.21
127,70.0,0.21
127,70.0,0.21
127,72.0,0.21
128,96.0,0.21
128,96.0,0.21
128,96.0,0.21
129,82.0,0.22
129,82.0,0.22
130,92.0,0.21
130,94.0,0.21
130,90.0,0.21
131,92.0,0.23
131,92.0,0.23
131,92.0,0.23
131,92.0,0.23
132,96.0,0.24
132,96.0,0.24
132,96.0,0.24
133,96.0,0.22
133,96.0,0.22
134,100.0,0.21
134,100.0,0.21
135,82.0,0.22
135,74.0,0.22
136,100.0,0.2
136,100.0,0.2
136,100.0,0.2
137,92.0,0.21
137,92.0,0.21
137,94.0,0.21
138,94.0,0.21
138,94.0,0.21
138,90.0,0.21
139,94.0,0.2
139,94.0,0.2
139,94.0,0.2
140,86.0,0.22
140,94.0,0.22
141,36.0,0.2
141,34.0,0.2
141,36.0,0.2
141,38.0,0.2
142,62.0,0.22
142,62.0,0.22
142,62.0,0.22
143,90.0,0.2
143,94.0,0.2
143,90.0,0.2
144,38.0,0.22
144,40.0,0.22
144,36.0,0.22
145,94.0,0.28
145,96.0,0.28
145,96.0,0.28
146,92.0,0.22
146,92.0,0.22
146,92.0,0.22
147,92.0,0.22
147,92.0,0.22
147,92.0,0.22
148,94.0,0.21
148,90.0,0.21
148,96.0,0.21
148,96.0,0.21
149,86.0,0.2
149,92.0,0.2
149,90.0,0.2
150,84.0,0.21
150,84.0,0.21
151,96.0,0.21
151,94.0,0.21
151,90.0,0.21
152,70.0,0.21
152,70.0,0.21
152,70.0,0.21
153,74.0,0.2
153,74.0,0.2
153,74.0,0.2
153,74.0,0.2
154,44.0,0.21
154,44.0,0.21
155,94.0,0.21
156,42.0,0.21
156,38.0,0.21
156,42.0,0.21
157,94.0,0.2
157,92.0,0.2
157,94.0,0.2
158,76.0,0.21
158,76.0,0.21
159,76.0,0.23
159,74.0,0.23
159,76.0,0.23
160,92.0,0.2
160,92.0,0.2
160,92.0,0.2
161,88.0,0.21
161,88.0,0.21
162,94.0,0.21
162,96.0,0.21
162,96.0,0.21
162,96.0,0.21
163,98.0,0.21
163,90.0,0.21
163,100.0,0.21
164,80.0,0.21
164,80.0,0.21
165,72.0,0.21
165,72.0,0.21
165,72.0,0.21
166,78.0,0.21
166,78.0,0.21
167,50.0,0.21
167,50.0,0.21
167,50.0,0.21
168,96.0,0.22
168,94.0,0.22
168,96.0,0.22
169,92.0,0.21
169,92.0,0.21
170,92.0,0.21
170,92.0,0.21
171,50.0,0.21
171,58.0,0.21
172,90.0,0.21
172,90.0,0.21
172,90.0,0.21
173,86.0,0.21
173,86.0,0.21
174,96.0,0.22
174,96.0,0.22
175,98.0,0.2
175,98.0,0.2
176,96.0,0.2
1176,96.0,0.2
177,88.0,0.2
177,88.0,0.2
178,90.0,0.21
178,90.0,0.21
179,86.0,0.21
179,88.0,0.21
180,88.0,0.21
180,88.0,0.21
181,66.0,0.22
181,66.0,0.22
182,96.0,0.22
182,96.0,0.22
183,62.0,0.21
183,60.0,0.21
183,62.0,0.21
184,54.0,0.21
184,56.0,0.21
185,94.0,0.21
185,94.0,0.21
185,94.0,0.21
186,90.0,0.22
186,88.0,0.22
186,88.0,0.22
187,80.0,0.21
187,86.0,0.21
187,88.0,0.21
188,88.0,0.21
188,88.0,0.21
188,88.0,0.21
189,96.0,0.21
189,96.0,0.21
190,98.0,0.21
190,98.0,0.21
190,98.0,0.21
191,68.0,0.21
191,66.0,0.21
191,66.0,0.21
191,64.0,0.21
192,64.0,0.2
192,64.0,0.2
193,90.0,0.21
193,90.0,0.21
193,90.0,0.21
193,90.0,0.21
194,94.0,0.21
194,94.0,0.21
194,94.0,0.21
194,94.0,0.21
195,68.0,0.24
195,70.0,0.24
195,70.0,0.24
196,62.0,0.21
196,62.0,0.21
196,62.0,0.21
197,80.0,0.21
197,80.0,0.21
197,80.0,0.21
198,96.0,0.2
198,96.0,0.2
199,96.0,0.21
199,96.0,0.21
199,96.0,0.21
200,98.0,0.21
200,98.0,0.21
201,90.0,0.2
201,90.0,0.2
202,90.0,0.2
202,90.0,0.2
202,90.0,0.2
203,98.0,0.21
203,98.0,0.21
203,98.0,0.21
204,98.0,0.24
204,98.0,0.24
205,92.0,0.32
205,92.0,0.32
205,86.0,0.32
206,92.0,0.23
206,92.0,0.23
207,94.0,0.22
207,94.0,0.22
208,68.0,0.22
208,68.0,0.22
208,68.0,0.22
209,58.0,0.25
209,62.0,0.25
209,62.0,0.25
210,94.0,0.21
210,94.0,0.21
210,94.0,0.21
210,94.0,0.21
211,96.0,0.21
211,96.0,0.21
212,94.0,0.22
212,94.0,0.22
212,94.0,0.22
213,54.0,0.25
213,54.0,0.25
214,92.0,0.28
215,90.0,0.21
215,90.0,0.21
215,90.0,0.21
216,90.0,0.24
216,90.0,0.24
216,88.0,0.24
217,42.0,0.21
217,44.0,0.21
217,44.0,0.21
218,70.0,0.21
218,70.0,0.21
218,70.0,0.21
219,100.0,0.23
219,100.0,0.23
219,100.0,0.23
220,90.0,0.22
220,90.0,0.22
220,90.0,0.22
221,66.0,0.2
221,66.0,0.2
221,66.0,0.2
222,70.0,0.21
222,70.0,0.21
223,78.0,0.22
223,78.0,0.22
223,78.0,0.22
223,78.0,0.22
223,78.0,0.22
224,88.0,0.21
224,88.0,0.21
225,94.0,0.21
225,94.0,0.21
225,94.0,0.21
226,98.0,0.2
226,98.0,0.2
226,98.0,0.2
227,88.0,0.22
227,88.0,0.22
228,90.0,0.21
228,90.0,0.21
228,90.0,0.21
229,86.0,0.21
229,86.0,0.21
229,86.0,0.21
230,96.0,0.21
230,96.0,0.21
231,98.0,0.2
231,98.0,0.2
231,98.0,0.2
231,98.0,0.2
232,92.0,0.2
232,92.0,0.2
232,92.0,0.2
233,98.0,0.21
233,98.0,0.21
233,98.0,0.21
234,90.0,0.2
234,92.0,0.2
234,92.0,0.2
234,94.0,0.2
235,96.0,0.22
235,96.0,0.22
236,86.0,0.21
236,86.0,0.21
236,86.0,0.21
237,94.0,0.23
237,94.0,0.23
237,94.0,0.23
238,74.0,0.23
238,74.0,0.23
238,74.0,0.23
239,100.0,0.3

239,100.0,0.3
239,100.0,0.31
240,90.0,0.28
240,88.0,0.28
240,90.0,0.28
241,70.0,0.27
241,72.0,0.27
241,72.0,0.27
242,72.0,0.27
242,72.0,0.27
242,72.0,0.27
243,48.0,0.24
243,50.0,0.24
244,74.0,0.25
244,74.0,0.25
244,74.0,0.25
245,92.0,0.26
245,90.0,0.26
246,94.0,0.25
246,94.0,0.25
246,92.0,0.24
247,94.0,0.23
247,94.0,0.23
248,92.0,0.24
248,94.0,0.24
248,92.0,0.24
249,46.0,0.24
249,46.0,0.24
250,78.0,0.23
250,78.0,0.23
251,88.0,0.25
251,88.0,0.25
251,88.0,0.25
252,92.0,0.24
252,92.0,0.24
252,92.0,0.24
253,80.0,0.26
253,80.0,0.26
254,98.0,0.23
254,98.0,0.23
255,96.0,0.23
255,94.0,0.23
256,82.0,0.24
256,82.0,0.24
256,82.0,0.24
257,94.0,0.24
257,94.0,0.24
258,92.0,0.24
258,94.0,0.24
259,96.0,0.23
259,96.0,0.23
260,96.0,0.23
260,96.0,0.23
261,56.0,0.23
261,56.0,0.23
261,56.0,0.23
262,94.0,0.24
262,94.0,0.24
262,94.0,0.24
263,36.0,0.24
263,36.0,0.24
264,92.0,0.23
264,92.0,0.23
264,92.0,0.23
265,84.0,0.24
265,84.0,0.23
265,84.0,0.23
266,90.0,0.22
266,90.0,0.22
266,90.0,0.22
266,90.0,0.22
267,94.0,0.22
267,94.0,0.22
268,94.0,0.21
268,94.0,0.21
269,100.0,0.22
269,98.0,0.21269,98.0,0.21
270,64.0,0.21
270,64.0,0.21
270,64.0,0.21
271,98.0,0.21
271,98.0,0.21
272,94.0,0.21
272,94.0,0.21
272,94.0,0.21
272,94.0,0.21
273,90.0,0.22
273,90.0,0.22
274,90.0,0.21
274,88.0,0.21
274,90.0,0.21
275,98.0,0.21
275,98.0,0.21
275,98.0,0.21
276,88.0,0.21
276,88.0,0.21
277,92.0,0.21
277,92.0,0.21
278,94.0,0.2
279,92.0,0.22
279,92.0,0.22
279,92.0,0.22
280,98.0,0.2
280,96.0,0.2
281,98.0,0.21
281,98.0,0.2
281,98.0,0.2
282,92.0,0.21
282,92.0,0.21
282,92.0,0.21
283,64.0,0.21
283,64.0,0.21
283,64.0,0.21
284,98.0,0.21
284,98.0,0.21
284,98.0,0.21
285,66.0,0.21
285,66.0,0.21
285,66.0,0.21
286,78.0,0.21
286,78.0,0.21
286,78.0,0.21
287,94.0,0.2
288,92.0,0.21
288,94.0,0.21
289,98.0,0.21
289,98.0,0.21
289,98.0,0.21
289,98.0,0.21
290,96.0,0.21
290,96.0,0.21
290,96.0,0.21
291,96.0,0.21
291,96.0,0.21
291,94.0,0.21
292,94.0,0.22
292,94.0,0.22
292,94.0,0.22
293,98.0,0.21
293,98.0,0.21
294,70.0,0.22
294,70.0,0.22
294,70.0,0.22
295,96.0,0.21
295,96.0,0.21
295,96.0,0.21
295,96.0,0.21
296,98.0,0.21
296,98.0,0.21
296,98.0,0.21
297,70.0,0.2
297,70.0,0.2
297,70.0,0.2
298,94.0,0.21
298,94.0,0.21
298,94.0,0.21
298,94.0,0.21
299,58.0,0.22
299,58.0,0.22
299,58.0,0.22
300,96.0,0.21
300,96.0,0.21
300,96.0,0.21
301,76.0,0.2
301,76.0,0.21
301,76.0,0.2
301,76.0,0.2
301,76.0,0.21
302,88.0,0.21
302,92.0,0.21
302,82.0,0.21
302,92.0,0.21
302,88.0,0.21
303,96.0,0.21
303,96.0,0.21
304,94.0,0.21
304,94.0,0.21
304,94.0,0.21
305,94.0,0.22
305,94.0,0.22
306,94.0,0.21
306,94.0,0.21
306,94.0,0.21
307,74.0,0.23
307,74.0,0.23
308,100.0,0.21
308,100.0,0.21
308,100.0,0.21
309,62.0,0.22
309,64.0,0.22
309,62.0,0.22
310,94.0,0.21
310,94.0,0.21
311,92.0,0.22
311,92.0,0.22
311,92.0,0.22
311,92.0,0.22
312,94.0,0.21
312,94.0,0.21
312,94.0,0.21
313,56.0,0.21
313,56.0,0.21
313,56.0,0.21
314,90.0,0.21
314,90.0,0.21
314,90.0,0.21
314,90.0,0.21
315,96.0,0.22
315,96.0,0.22
315,96.0,0.22
316,94.0,0.2
316,94.0,0.2
317,94.0,0.2
317,94.0,0.2
317,92.0,0.2
318,54.0,0.23
318,54.0,0.23
318,54.0,0.23
319,98.0,0.21
319,98.0,0.21
319,98.0,0.21
320,84.0,0.21
320,84.0,0.21
320,84.0,0.21
321,72.0,0.21
321,72.0,0.21
322,68.0,0.21
322,68.0,0.21
322,68.0,0.21
322,68.0,0.21
322,68.0,0.21
322,68.0,0.21
322,68.0,0.21
323,72.0,0.2
323,72.0,0.2
323,72.0,0.2
324,76.0,0.2
324,76.0,0.2
324,76.0,0.2
324,76.0,0.2
324,76.0,0.2
324,76.0,0.2
324,76.0,0.2
325,96.0,0.21
325,96.0,0.21
326,94.0,0.22
326,94.0,0.22
326,94.0,0.21
326,94.0,0.22
326,94.0,0.21
327,72.0,0.21
327,72.0,0.21
327,72.0,0.21
328,94.0,0.21
328,94.0,0.21
328,94.0,0.21
328,94.0,0.21
329,88.0,0.22
329,88.0,0.22
329,88.0,0.22
330,96.0,0.21
330,96.0,0.21
330,96.0,0.21
331,80.0,0.21
331,80.0,0.21
332,96.0,0.21
332,96.0,0.21
333,96.0,0.2
333,96.0,0.2
333,96.0,0.2
334,94.0,0.21
334,94.0,0.21
334,94.0,0.21
335,94.0,0.21
335,92.0,0.21
335,92.0,0.21
336,96.0,0.23
336,96.0,0.23
337,60.0,0.21
337,58.0,0.21
337,60.0,0.21
337,60.0,0.21
337,60.0,0.21
338,72.0,0.2
338,72.0,0.2
339,96.0,0.22
339,96.0,0.22
339,92.0,0.22
340,92.0,0.21
340,92.0,0.21
340,92.0,0.21
341,100.0,0.21
341,100.0,0.21
341,100.0,0.21
341,100.0,0.21
342,100.0,0.2
342,100.0,0.2
342,100.0,0.2
342,100.0,0.2
342,100.0,0.2
342,100.0,0.2
342,100.0,0.2
343,60.0,0.21
343,60.0,0.21
344,78.0,0.22
344,78.0,0.22
344,78.0,0.22
345,90.0,0.22
345,90.0,0.22
345,90.0,0.22
345,90.0,0.22
346,80.0,0.23
346,80.0,0.23
347,96.0,0.21
347,90.0,0.21
348,76.0,0.24
348,76.0,0.24
348,76.0,0.24
349,88.0,0.23
349,88.0,0.23
349,88.0,0.23
350,64.0,0.23
350,64.0,0.23
350,64.0,0.23
351,74.0,0.22
351,74.0,0.22
351,74.0,0.22
352,94.0,0.25
352,94.0,0.25
353,94.0,0.24
353,94.0,0.24
354,90.0,0.22
354,88.0,0.22
354,90.0,0.22
354,90.0,0.22
354,90.0,0.22
354,90.0,0.22
355,96.0,0.23
355,96.0,0.23
355,96.0,0.23
355,96.0,0.23
356,96.0,0.23
357,92.0,0.23
357,94.0,0.23
358,62.0,0.22
358,62.0,0.22
358,62.0,0.22
359,90.0,0.23
359,90.0,0.23
360,94.0,0.22
360,94.0,0.22
361,72.0,0.22
361,72.0,0.22
362,82.0,0.22
362,82.0,0.22
362,76.0,0.22
362,80.0,0.22
363,94.0,0.23
363,86.0,0.23
363,90.0,0.23
364,94.0,0.23
364,94.0,0.23
364,94.0,0.23
365,80.0,0.22
365,80.0,0.22
366,92.0,0.22
366,92.0,0.22
366,92.0,0.22
367,88.0,0.22
367,88.0,0.22
367,88.0,0.22
368,88.0,0.23
368,88.0,0.23
368,88.0,0.23
368,88.0,0.23
369,96.0,0.22
369,96.0,0.22
370,90.0,0.22
370,90.0,0.22
371,94.0,0.24
371,94.0,0.24
371,94.0,0.24
372,100.0,0.22
372,100.0,0.22
372,100.0,0.22
373,92.0,0.22
373,92.0,0.22
374,68.0,0.22
374,68.0,0.22
374,68.0,0.22
375,96.0,0.24
375,96.0,0.24
376,96.0,0.22
376,96.0,0.22
376,96.0,0.22
377,62.0,0.21
377,62.0,0.21
378,100.0,0.24
378,100.0,0.24
378,100.0,0.24
379,94.0,0.22
379,94.0,0.22
379,94.0,0.22
379,94.0,0.22
380,80.0,0.23
380,76.0,0.23
381,68.0,0.21
381,68.0,0.21
382,98.0,0.23
382,98.0,0.23
382,98.0,0.23
383,94.0,0.22
383,94.0,0.22
384,98.0,0.23
384,98.0,0.23
385,94.0,0.21
385,94.0,0.21
385,94.0,0.21
386,96.0,0.22
386,96.0,0.22
387,94.0,0.21
387,94.0,0.21
388,100.0,0.21
388,100.0,0.21
388,100.0,0.21
388,100.0,0.21
388,100.0,0.21
389,78.0,0.22
389,78.0,0.22
390,76.0,0.21
390,76.0,0.21
391,92.0,0.21
391,92.0,0.21
391,92.0,0.21
392,80.0,0.21
392,80.0,0.21
392,80.0,0.21
393,72.0,0.21
393,72.0,0.21
393,72.0,0.21
394,94.0,0.21
394,94.0,0.21
394,94.0,0.21
395,80.0,0.21
395,80.0,0.21
396,72.0,0.24
396,72.0,0.24
396,72.0,0.24
397,96.0,0.22
397,98.0,0.22
397,96.0,0.22
398,74.0,0.21
398,74.0,0.21
399,72.0,0.21
399,72.0,0.21
399,72.0,0.21
399,70.0,0.21
400,98.0,0.21
400,98.0,0.21
400,98.0,0.21
401,72.0,0.22
401,72.0,0.22
401,72.0,0.22
402,100.0,0.22
402,100.0,0.22
403,74.0,0.22
403,74.0,0.22
404,92.0,0.21
404,92.0,0.21
405,90.0,0.22
405,90.0,0.22
405,90.0,0.22
406,92.0,0.26
406,92.0,0.26
407,94.0,0.22
407,94.0,0.22
407,94.0,0.22
408,94.0,0.21
408,94.0,0.21
408,94.0,0.21
409,96.0,0.22
409,96.0,0.22
409,96.0,0.22
409,96.0,0.22
410,98.0,0.21
410,98.0,0.21
410,98.0,0.21
410,98.0,0.21
411,98.0,0.21
411,98.0,0.21
411,98.0,0.21
412,96.0,0.21
412,96.0,0.21
412,96.0,0.21
413,80.0,0.21
413,80.0,0.21
413,80.0,0.21
414,54.0,0.21
414,54.0,0.21
415,98.0,0.22
415,98.0,0.22
415,98.0,0.22
416,44.0,0.21
416,44.0,0.21
417,90.0,0.23
417,90.0,0.23
418,98.0,0.21
418,98.0,0.21
418,98.0,0.21
419,50.0,0.21
419,50.0,0.21
419,50.0,0.21
420,50.0,0.23
420,50.0,0.23
421,98.0,0.21
421,98.0,0.21
421,98.0,0.21
422,66.0,0.23
422,66.0,0.23
422,66.0,0.23
423,98.0,0.21
423,98.0,0.21
424,94.0,0.22
424,94.0,0.22
424,92.0,0.22
425,74.0,0.21
426,96.0,0.23
426,96.0,0.23
426,96.0,0.23
427,86.0,0.2
427,86.0,0.2
427,86.0,0.2
427,86.0,0.2
428,94.0,0.22
428,94.0,0.22
428,94.0,0.22
429,72.0,0.21
429,72.0,0.21
429,72.0,0.21
430,96.0,0.21
430,96.0,0.21
430,96.0,0.21
431,92.0,0.2
431,92.0,0.2
431,92.0,0.2
432,94.0,0.21
432,94.0,0.21
433,90.0,0.21
433,90.0,0.21
433,90.0,0.21
434,96.0,0.21
434,96.0,0.21
434,96.0,0.21
435,88.0,0.22
435,88.0,0.22
436,86.0,0.21
436,86.0,0.21
437,72.0,0.22
437,72.0,0.22
437,72.0,0.22
437,72.0,0.22
437,72.0,0.22
437,72.0,0.22
437,72.0,0.22
438,96.0,0.22
438,96.0,0.22
438,96.0,0.22
439,98.0,0.22
439,98.0,0.22
439,98.0,0.22
440,92.0,0.21
440,92.0,0.21
441,56.0,0.23
441,56.0,0.23
441,56.0,0.22
442,96.0,0.2
442,96.0,0.2
443,74.0,0.21
443,74.0,0.21
443,72.0,0.21
443,74.0,0.21
443,74.0,0.21
444,92.0,0.21
444,92.0,0.21
445,96.0,0.2
445,96.0,0.2
446,84.0,0.2
446,84.0,0.2
447,96.0,0.2
447,96.0,0.2
447,96.0,0.2
448,70.0,0.21
448,66.0,0.21
449,96.0,0.21
449,96.0,0.21
449,96.0,0.21
449,96.0,0.21
450,82.0,0.2
450,82.0,0.2
450,82.0,0.2
450,82.0,0.2
451,96.0,0.2
451,96.0,0.2
452,98.0,0.2

452,98.0,0.2
453,98.0,0.21
453,98.0,0.2
453,98.0,0.2
453,98.0,0.2
454,98.0,0.22
454,98.0,0.22
455,94.0,0.21
455,94.0,0.21
455,94.0,0.21
456,90.0,0.22
456,90.0,0.22
457,80.0,0.21
457,80.0,0.21
458,84.0,0.21
458,86.0,0.21
459,88.0,0.23
459,88.0,0.23
459,88.0,0.23
459,88.0,0.23
460,90.0,0.21
460,90.0,0.21
461,70.0,0.21
461,70.0,0.21
461,70.0,0.21
462,98.0,0.21
462,98.0,0.21
462,98.0,0.21
462,98.0,0.21
462,98.0,0.21
463,94.0,0.21
463,94.0,0.2
464,70.0,0.21
465,98.0,0.21
466,98.0,0.2
466,98.0,0.2
466,98.0,0.2
467,74.0,0.21
467,74.0,0.21
467,74.0,0.21
468,70.0,0.2
468,70.0,0.2
468,70.0,0.2
469,96.0,0.21
469,96.0,0.21
469,96.0,0.21
470,56.0,0.21
470,58.0,0.21
470,56.0,0.21
471,90.0,0.2
471,90.0,0.2
472,88.0,0.21
472,90.0,0.21
472,86.0,0.21
473,96.0,0.21
473,96.0,0.21
473,96.0,0.21
474,76.0,0.27
474,76.0,0.27
474,76.0,0.27
474,76.0,0.27
475,70.0,0.22
475,70.0,0.22
475,70.0,0.22
475,70.0,0.22
476,80.0,0.41
477,92.0,0.36
477,92.0,0.36
477,92.0,0.36
478,74.0,0.27
478,74.0,0.27
478,74.0,0.27
479,96.0,0.25
479,96.0,0.25
479,96.0,0.26
480,70.0,0.26
480,70.0,0.26
480,72.0,0.26
481,94.0,0.24
481,94.0,0.24
481,94.0,0.24
482,44.0,0.23
482,42.0,0.23
482,42.0,0.23
483,98.0,0.25
484,92.0,0.24
484,92.0,0.24
484,92.0,0.24
485,96.0,0.23
485,96.0,0.23
485,96.0,0.23
486,72.0,0.31
486,66.0,0.31
487,94.0,0.24
487,84.0,0.24
487,90.0,0.24
488,82.0,0.28
488,82.0,0.28
489,78.0,0.25
489,76.0,0.25
489,78.0,0.25
490,94.0,0.26
490,94.0,0.26
490,94.0,0.26
491,96.0,0.25
491,94.0,0.25
492,90.0,0.27
492,90.0,0.27
492,90.0,0.27
493,94.0,0.27
493,94.0,0.27
493,94.0,0.27
494,92.0,0.27
494,92.0,0.27
494,92.0,0.28
495,92.0,0.27
495,92.0,0.27
495,92.0,0.27
495,92.0,0.27
496,94.0,0.27
496,94.0,0.27
497,96.0,0.25
498,96.0,0.26
498,96.0,0.26
498,96.0,0.26
499,92.0,0.26
499,92.0,0.26
500,88.0,0.26
500,88.0,0.26
500,88.0,0.26
501,78.0,0.26
501,78.0,0.26
501,78.0,0.26
501,78.0,0.26
502,92.0,0.27
502,92.0,0.27
502,90.0,0.27
503,78.0,0.26
503,78.0,0.26
503,78.0,0.26
504,84.0,0.28
504,84.0,0.28
504,84.0,0.28
505,74.0,0.28
505,74.0,0.28
506,78.0,0.27
506,78.0,0.27
507,100.0,0.26
507,100.0,0.26
507,100.0,0.26
508,94.0,0.26
508,94.0,0.26
508,94.0,0.26
509,52.0,0.27
509,52.0,0.27
510,76.0,0.27
510,76.0,0.27
511,96.0,0.27
511,96.0,0.27
512,74.0,0.24
512,74.0,0.24
513,96.0,0.26
513,96.0,0.26
514,72.0,0.26
514,72.0,0.26
515,94.0,0.29
515,94.0,0.29
516,96.0,0.28
516,96.0,0.28
516,96.0,0.28
517,90.0,0.28
517,90.0,0.28
517,90.0,0.28
518,64.0,0.28
518,64.0,0.28
518,64.0,0.28
518,64.0,0.28
519,90.0,0.31
519,92.0,0.31
519,92.0,0.31
520,94.0,0.28
521,74.0,0.26
521,74.0,0.26
522,90.0,0.28
522,90.0,0.28
523,66.0,0.28
523,66.0,0.28
524,84.0,0.29
524,84.0,0.29
524,84.0,0.29
525,84.0,0.3
525,84.0,0.3
525,84.0,0.3
526,76.0,0.31
526,76.0,0.31
527,88.0,0.38
527,88.0,0.38
527,88.0,0.38
528,66.0,0.32
528,66.0,0.32
529,94.0,0.29
529,94.0,0.29
530,98.0,0.29
530,98.0,0.29
531,98.0,0.26
531,96.0,0.26
531,98.0,0.26
532,94.0,0.26
532,94.0,0.26
532,94.0,0.26
533,96.0,0.28
533,98.0,0.28
533,98.0,0.28
534,92.0,0.26
534,92.0,0.26
535,96.0,0.28
535,96.0,0.28
535,96.0,0.28
536,92.0,0.29
536,92.0,0.29
536,92.0,0.29
537,98.0,0.32
537,98.0,0.32
538,44.0,0.25
538,44.0,0.25
538,44.0,0.25
539,92.0,0.26
539,92.0,0.26
539,92.0,0.26
539,92.0,0.26
540,96.0,0.25
540,96.0,0.25
540,96.0,0.25
541,74.0,0.26
541,74.0,0.26
541,74.0,0.26
542,92.0,0.28
542,92.0,0.27
542,92.0,0.28
543,92.0,0.26
543,92.0,0.26
543,92.0,0.26
543,92.0,0.26
544,90.0,0.28
544,90.0,0.28
545,70.0,0.26
545,70.0,0.26
545,70.0,0.26
546,48.0,0.25
546,52.0,0.25
546,52.0,0.25
547,92.0,0.24
547,92.0,0.24
547,92.0,0.24
547,92.0,0.24
548,96.0,0.25
548,96.0,0.25
548,96.0,0.25
549,94.0,0.25
549,94.0,0.25
549,94.0,0.25
550,90.0,0.25
550,90.0,0.25
551,96.0,0.24
551,96.0,0.24
552,98.0,0.24
552,98.0,0.24
552,98.0,0.24
553,100.0,0.26
553,100.0,0.26
554,64.0,0.25
554,64.0,0.25
554,64.0,0.25
555,64.0,0.23
555,64.0,0.23
556,62.0,0.25
556,62.0,0.25
556,62.0,0.25
557,98.0,0.24
557,98.0,0.24
557,98.0,0.24
558,94.0,0.23
558,94.0,0.23
558,94.0,0.23
559,88.0,0.23
559,88.0,0.23
559,88.0,0.23
559,88.0,0.23
560,96.0,0.26
560,96.0,0.26
560,96.0,0.26
561,90.0,0.23
561,86.0,0.23
561,90.0,0.23
562,92.0,0.24
562,92.0,0.24
562,92.0,0.24
563,84.0,0.26
563,84.0,0.26
563,84.0,0.26
564,96.0,0.28
564,96.0,0.28
564,96.0,0.28
565,92.0,0.27
565,94.0,0.27
566,98.0,0.24
566,98.0,0.24
567,98.0,0.25
567,98.0,0.25
567,98.0,0.25
567,98.0,0.25
568,100.0,0.25
568,100.0,0.25
569,76.0,0.24
569,76.0,0.24
570,78.0,0.24
570,78.0,0.24
570,78.0,0.24
570,74.0,0.24
571,92.0,0.26
571,92.0,0.26
571,92.0,0.26
572,98.0,0.24
572,98.0,0.24
572,98.0,0.24
573,96.0,0.24
573,96.0,0.24
574,80.0,0.25
574,82.0,0.25
574,88.0,0.25
575,94.0,0.24
575,94.0,0.24
575,94.0,0.24
575,94.0,0.24
576,80.0,0.24
576,80.0,0.24
576,80.0,0.24
577,68.0,0.25
577,68.0,0.25
577,68.0,0.25
578,94.0,0.24
578,94.0,0.24
579,98.0,0.24
579,98.0,0.24
580,96.0,0.23
580,96.0,0.23
580,96.0,0.23
581,100.0,0.24
581,100.0,0.24
582,94.0,0.25
582,94.0,0.25
582,94.0,0.25
583,74.0,0.23
583,74.0,0.23
584,70.0,0.24
584,70.0,0.24
584,70.0,0.24
585,98.0,0.23
585,98.0,0.23
585,98.0,0.23
585,96.0,0.23
586,80.0,0.24
586,80.0,0.24
586,80.0,0.24
587,98.0,0.24
587,98.0,0.24
588,66.0,0.24
588,66.0,0.24
588,66.0,0.24
589,70.0,0.25
589,70.0,0.25
589,70.0,0.25
590,50.0,0.23
590,50.0,0.23
591,92.0,0.24
591,92.0,0.24
591,92.0,0.24
592,98.0,0.23
592,98.0,0.23
592,98.0,0.23
592,98.0,0.23
592,98.0,0.23
593,98.0,0.26
593,98.0,0.26
593,98.0,0.26
594,54.0,0.26
594,54.0,0.26
594,54.0,0.26
595,98.0,0.24
595,98.0,0.24
596,100.0,0.22
596,100.0,0.22
596,98.0,0.22
597,74.0,0.23
597,74.0,0.23
597,74.0,0.23
598,68.0,0.22
598,70.0,0.22
598,70.0,0.22
599,94.0,0.22
599,94.0,0.22
599,94.0,0.22
599,94.0,0.22
600,98.0,0.22
600,98.0,0.22
600,98.0,0.22
601,76.0,0.23
601,76.0,0.23
601,76.0,0.23
602,96.0,0.22
602,96.0,0.22
603,70.0,0.22
603,70.0,0.22
604,94.0,0.22
604,94.0,0.22
604,94.0,0.22
605,94.0,0.23
605,94.0,0.23
606,74.0,0.22
606,74.0,0.22
607,90.0,0.22
607,90.0,0.22
607,90.0,0.22
608,98.0,0.23
608,98.0,0.22
608,98.0,0.23
609,64.0,0.22
609,64.0,0.22
609,64.0,0.22
609,64.0,0.22
610,76.0,0.24
610,76.0,0.24
611,100.0,0.24
611,100.0,0.24
611,100.0,0.24
611,100.0,0.24
611,100.0,0.24
611,100.0,0.24
611,100.0,0.24
612,92.0,0.24
612,92.0,0.24
612,92.0,0.24
613,78.0,0.23
613,78.0,0.23
614,98.0,0.25
614,98.0,0.25
614,98.0,0.25
614,96.0,0.25
615,94.0,0.23
615,94.0,0.23
616,70.0,0.24
616,70.0,0.24
617,80.0,0.23
617,80.0,0.23
618,70.0,0.23
618,70.0,0.23
618,70.0,0.23
619,94.0,0.23
619,92.0,0.23
619,94.0,0.23
620,88.0,0.26
620,88.0,0.26
620,88.0,0.26
620,88.0,0.26
621,88.0,0.25
621,88.0,0.25
621,88.0,0.25
622,76.0,0.24
622,76.0,0.24
622,76.0,0.24
623,96.0,0.24
623,96.0,0.24
624,68.0,0.23
624,68.0,0.23
625,88.0,0.23
625,88.0,0.23
